player,date,team,stadiums_gone_in,hit_distance,exit_velo,stadium,HR,stadium_team
Fernando Tatis Jr,26-07-21,Padres,30,474,111,Truist Park,1,ATL
Lazaro Montes,26-09-08,Mariners,30,474,116.1,T-Mobile Park,1,SEA
Drake Baldwin,26-06-16,Braves,30,473,112.8,Truist Park,1,ATL
Nick Kurtz,26-06-12,Athletics,30,471,108.9,Vegas Minor League,1,ATHH
Pete Alonso,26-09-25,Orioles,30,471,112.8,Yankee Stadium,1,NYY
Coby Mayo,26-08-17,Orioles,30,468,114.2,Tropicana Field,1,TBR
Shea Langeliers,26-04-15,Athletics,30,467,112.4,Sutter Health Park,1,ATH
Andres Chaparro,26-07-17,Nationals,30,467,106.8,Sutter Health Park,1,ATH
Fernando Tatis Jr,26-08-05,Padres,30,465,114.7,Chase Field,1,ARI
Bryson Stott,26-08-31,Phillies,30,464,109.9,Chase Field,1,ARI
William Contreras,26-06-08,Brewers,30,463,106.7,Vegas Minor League,1,ATHH
Lawrence Butler,26-06-10,Athletics,30,463,106.1,Vegas Minor League,1,ATHH
Rafael Devers,26-07-05,Giants,30,463,110.3,Coors Field,1,COL
Junior Caminero,26-06-28,Rays,30,463,113.5,Tropicana Field,1,TBR
Cam Smith,26-04-06,Astros,30,462,110.9,Coors Field,1,COL
Tyler Soderstrom,26-06-14,Athletics,27,462,108.2,Vegas Minor League,1,ATHH
Carlos Cortes,26-06-10,Athletics,30,461,104.1,Vegas Minor League,1,ATHH
Max Muncy (D),26-08-17,Dodgers,30,461,110.2,Coors Field,1,COL
Esmerlyn Valdez,26-06-28,Pirates,30,461,109.8,PNC Park,1,PIT
Bryce Eldridge,26-09-15,Giants,30,461,112.7,Busch Stadium,1,STL
Christian Encarnacion-Strand,26-08-11,Orioles,30,460,109,Target Field,1,MIN
Kyle Schwarber,26-04-03,Phillies,30,460,110.7,Coors Field,1,COL
Josh Bell,26-09-04,Twins,30,460,113.7,Rate Field,1,CWS
Jordan Walker,26-04-04,Cardinals,30,459,113.7,Comerica Park,1,DET
Kyle Schwarber,26-08-23,Phillies,30,459,108.5,Citizens Bank Park,1,PHI
Cal Raleigh,26-09-19,Mariners,30,459,111.7,Coors Field,1,COL
Bryce Eldridge,26-07-04,Giants,30,458,106.8,Coors Field,1,COL
Corey Seager,26-09-13,Rangers,30,458,110.3,Chase Field,1,ARI
Cam Smith,26-05-26,Astros,30,457,109.2,Globe Life Park,1,TEX
Jake Bauers,26-06-08,Brewers,30,457,106.1,Vegas Minor League,1,ATHH
Nick Kurtz,26-07-03,Athletics,30,457,112.9,Sutter Health Park,1,ATH
Bryce Harper,26-05-16,Phillies,30,457,111.3,PNC Park,1,PIT
Kyle Schwarber,26-06-20,Phillies,30,457,111.1,Citizens Bank Park,1,PHI
Kyle Karros,26-07-05,Rockies,30,457,105.8,Coors Field,1,COL
Elly De La Cruz,26-09-14,Reds,30,457,114.1,Great American Ball Park,1,CIN
Aaron Judge,26-04-13,Yankees,30,456,116.2,Yankee Stadium,1,NYY
Zack Gelof,26-08-10,Athletics,30,456,108.9,Sutter Health Park,1,ATH
Kyle Schwarber,26-06-20,Phillies,30,456,109.1,Citizens Bank Park,1,PHI
TJ Rumfield,26-07-18,Rockies,30,456,105.1,Coors Field,1,COL
Sal Stewart,26-07-19,Reds,30,456,105.3,Coors Field,1,COL
Seiya Suzuki,26-05-04,Cubs,30,455,112.6,Wrigley Field,1,CHC
Jo Adell,26-08-18,Angels,30,455,111.9,Progressive Field,1,CLE
Junior Caminero,26-09-08,Rays,30,455,110.2,Truist Park,1,ATL
Fernando Tatis Jr,26-09-15,Padres,30,455,106.5,Coors Field,1,COL
Brett Baty,26-09-23,Mets,30,455,110.2,Globe Life Park,1,TEX
Yordan Alvarez,26-07-10,Astros,30,455,111.2,Globe Life Park,1,TEX
Luis Garcia Jr.,26-07-30,Nationals,30,455,111.1,Truist Park,1,ATL
Kyle Manzardo,26-04-10,Guardians,30,454,108.4,Truist Park,1,ATL
Brandon Marsh,26-04-03,Phillies,30,454,106.1,Coors Field,1,COL
Jeremy Pena,26-05-26,Astros,30,454,107.6,Globe Life Park,1,TEX
Jordan Walker,26-06-13,Cardinals,30,454,116.6,Target Field,1,MIN
Kazuma Okamoto,26-05-02,Blue Jays,30,453,111.7,Target Field,1,MIN
Bryce Eldridge,26-05-31,Giants,30,453,108.2,Coors Field,1,COL
Owen Caissie,26-06-30,Marlins,30,453,109.2,Coors Field,1,COL
Junior Caminero,26-07-31,Rays,30,453,109.5,Tropicana Field,1,TBR
Jonathan Aranda,26-08-29,Rays,30,453,110,Tropicana Field,1,TBR
Hunter Goodman,26-06-14,Rockies,30,453,110.7,Vegas Minor League,1,ATHH
Coby Mayo,26-04-22,Orioles,30,452,110,Kauffman Stadium,1,KCR
Ketel Marte,26-05-26,Diamondbacks,30,452,113.7,Oracle Park,1,SFG
Josh Bell,26-07-01,Twins,30,452,112.6,Daikin Park,1,HOU
Shohei Ohtani,26-08-17,Dodgers,30,452,106.8,Coors Field,1,COL
Fernando Tatis Jr,26-08-18,Padres,30,452,113.2,Citi Field,1,NYM
Willson Contreras,26-08-21,Red Sox,30,452,116,Fenway Park,1,BOS
Max Muncy (D),26-04-17,Dodgers,29,452,107.9,Coors Field,1,COL
Brett Baty,26-05-18,Mets,30,451,111.2,Nationals Park,1,WSH
Fernando Tatis Jr,26-05-30,Padres,30,451,114,Nationals Park,1,WSH
Dominic Canzone,26-06-06,Mariners,30,451,107.1,Comerica Park,1,DET
Luis Robert Jr,26-07-21,Mets,30,451,112.2,American Family Field,1,MIL
Carson Benge,26-08-04,Mets,30,451,107.6,Progressive Field,1,CLE
Hunter Goodman,26-06-26,Rockies,30,451,116.2,Target Field,1,MIN
Jo Adell,26-09-13,Angels,30,451,116.8,Target Field,1,MIN
Julio Rodriguez,26-09-24,Mariners,30,451,109.2,T-Mobile Park,1,SEA
Munetaka Murakami,26-04-22,White Sox,29,451,110.2,Chase Field,1,ARI
Joe Mack,26-06-30,Marlins,30,450,107.5,Coors Field,1,COL
Amed Rosario,26-07-31,Yankees,30,450,108.4,Wrigley Field,1,CHC
Jo Adell,26-08-22,Angels,30,450,108.6,Coors Field,1,COL
Ronald Acuna Jr,26-09-05,Braves,30,450,110.2,Citizens Bank Park,1,PHI
Junior Caminero,26-04-24,Rays,30,450,111,Tropicana Field,1,TBR
Oneil Cruz,26-05-29,Pirates,30,450,110.8,PNC Park,1,PIT
Christian Encarnacion-Strand,26-08-25,Orioles,30,450,111.8,Busch Stadium,1,STL
Shea Langeliers,26-06-12,Athletics,27,450,104.2,Vegas Minor League,1,ATHH
Jo Adell,26-05-10,Angels,30,449,114.5,Rogers Centre,1,TOR
William Contreras,26-05-05,Brewers,30,449,111.9,Comerica Park,1,DET
Juan Soto,26-05-22,Mets,30,449,107.7,loanDepot Park,1,MIA
William Contreras,26-06-26,Brewers,30,449,109.3,American Family Field,1,MIL
Jackson Merrill,26-07-22,Padres,30,449,109,Truist Park,1,ATL
Joshua Baez,26-08-15,Cardinals,30,449,108.6,Wrigley Field,1,CHC
Junior Caminero,26-05-07,Rays,30,449,114.3,Fenway Park,1,BOS
Carter Jensen,26-07-02,Royals,30,449,106.7,Kauffman Stadium,1,KCR
Junior Caminero,26-08-05,Rays,30,449,105.1,Coors Field,1,COL
Fernando Tatis Jr,26-09-14,Padres,30,449,111.1,Coors Field,1,COL
Yordan Alvarez,26-05-26,Astros,30,449,112.2,Globe Life Park,1,TEX
Corbin Carroll,26-05-17,Diamondbacks,30,448,111.8,Coors Field,1,COL
Shea Langeliers,26-05-12,Athletics,30,448,108.1,Sutter Health Park,1,ATH
Leody Taveras,26-07-12,Orioles,30,448,107.8,Camden Yards,1,BAL
Kyle Karros,26-04-19,Rockies,30,448,105.9,Coors Field,1,COL
Jake McCarthy,26-05-07,Rockies,30,448,107.4,Coors Field,1,COL
Noelvi Marte,26-06-14,Reds,30,448,110,Great American Ball Park,1,CIN
Marcell Ozuna,26-06-17,Pirates,30,448,107.1,Sutter Health Park,1,ATH
Jac Caglianone,26-08-08,Royals,30,448,111.9,Kauffman Stadium,1,KCR
Kyle Schwarber,26-08-09,Phillies,30,448,107.7,Citizens Bank Park,1,PHI
Spencer Jones,26-09-20,Yankees,30,448,109.8,Chase Field,1,ARI
Shohei Ohtani,26-08-18,Dodgers,29,448,105.6,Coors Field,1,COL
Yordan Alvarez,26-05-27,Astros,30,448,110,Globe Life Park,1,TEX
Ramon Laureano,26-05-04,Padres,30,447,106.3,Oracle Park,1,SFG
Gary Sanchez,26-06-07,Brewers,30,447,104.6,Coors Field,1,COL
Nick Kurtz,26-06-08,Athletics,30,447,110.3,Vegas Minor League,1,ATHH
Ben Rice,26-08-19,Yankees,30,447,110.2,Camden Yards,1,BAL
Alec Bohm,26-06-16,Phillies,30,447,105.7,Citizens Bank Park,1,PHI
Jake Burger,26-07-05,Rangers,30,447,106.6,Globe Life Park,1,TEX
Mickey Moniak,26-08-03,Rockies,30,447,104.3,Coors Field,1,COL
Jo Adell,26-07-26,Angels,30,446,108.6,Oracle Park,1,SFG
Mike Trout,26-04-16,Angels,30,446,114.6,Yankee Stadium,1,NYY
Giancarlos Stanton,26-04-16,Yankees,30,446,111.6,Yankee Stadium,1,NYY
Jarrod Kelenic,26-05-15,White Sox,30,446,106.8,Rate Field,1,CWS
Jonah Cox,26-06-05,Giants,30,446,104.7,Wrigley Field,1,CHC
Henry Bolte,26-06-09,Athletics,30,446,106.9,Vegas Minor League,1,ATHH
Gabriel Arias,26-07-05,Guardians,30,446,108.6,Progressive Field,1,CLE
Ian Happ,26-06-04,Cubs,30,446,108.1,Wrigley Field,1,CHC
Hao-Yu Lee,26-08-22,Tigers,30,446,110,Kauffman Stadium,1,KCR
Kyle Schwarber,26-04-30,Phillies,30,446,112.4,Citizens Bank Park,1,PHI
Willson Contreras,26-07-05,Red Sox,30,446,112.2,Angel Stadium,1,LAA
Coby Mayo,26-08-27,Orioles,30,446,111.2,Busch Stadium,1,STL
Charles McAdoo,26-09-27,Blue Jays,30,446,108.6,Rogers Centre,1,TOR
James Wood,26-07-06,Nationals,30,446,109.8,Nationals Park,1,WSH
Jo Adell,26-04-14,Angels,30,445,110.5,Yankee Stadium,1,NYY
Mike Trout,26-04-13,Angels,30,445,109.2,Yankee Stadium,1,NYY
Mark Vientos,26-05-29,Mets,30,445,109.2,Citi Field,1,NYM
Jonah Heim,26-06-27,Braves,30,445,109.1,Angel Stadium,1,LAA
Victor Bericoto,26-06-24,Giants,30,445,108.7,Oracle Park,1,SFG
Victor Bericoto,26-06-25,Giants,30,445,108.7,Oracle Park,1,SFG
Lars Nootbaar,26-06-11,Cardinals,30,445,109.2,Citi Field,1,NYM
Brady House,26-08-28,Nationals,30,445,110.9,Nationals Park,1,WSH
Jarren Duran,26-06-16,Red Sox,30,445,109,Fenway Park,1,BOS
Lane Thomas,26-07-17,Royals,30,445,108.2,Kauffman Stadium,1,KCR
Heriberto Hernandez,26-08-28,Marlins,30,445,106.9,Nationals Park,1,WSH
Angel Martinez,26-09-11,Guardians,30,445,106.2,Target Field,1,MIN
Jonah Heim,26-07-01,Braves,30,444,104.5,Sutter Health Park,1,ATH
Dominic Canzone,26-03-26,Mariners,30,444,109.3,T-Mobile Park,1,SEA
Oneil Cruz,26-03-31,Pirates,30,444,111.1,Great American Ball Park,1,CIN
Brice Turang,26-06-06,Brewers,30,444,105.5,Coors Field,1,COL
Royce Lewis,26-06-10,Twins,30,444,107.6,Comerica Park,1,DET
Jose Siri,26-06-19,Angels,30,444,106.9,Sutter Health Park,1,ATH
Heliot Ramos,26-07-06,Giants,30,444,109.6,Oracle Park,1,SFG
Nelson Velazquez,26-06-30,Cardinals,30,444,107.8,Truist Park,1,ATL
Shea Langeliers,26-07-21,Athletics,30,444,110.7,Chase Field,1,ARI
Pete Crow-Armstrong,26-08-29,Cubs,30,444,105.3,Wrigley Field,1,CHC
Brandon Lowe,26-04-12,Pirates,30,444,108.5,Wrigley Field,1,CHC
Ben Rice,26-09-04,Yankees,30,444,108.6,Petco Park,1,SDP
Willi Castro,26-06-14,Rockies,30,444,104.5,Vegas Minor League,1,ATHH
Jac Caglianone,26-06-21,Royals,30,444,108.2,Kauffman Stadium,1,KCR
Alec Bohm,26-07-04,Phillies,30,444,105.8,Kauffman Stadium,1,KCR
Tommy Troy,26-06-22,Diamondbacks,30,444,109.9,Busch Stadium,1,STL
Pete Crow-Armstrong,26-05-30,Cubs,30,444,114.6,Busch Stadium,1,STL
Elly De La Cruz,26-09-08,Reds,30,444,109.4,Dodger Stadium,1,LAD
Ketel Marte,26-04-13,Diamondbacks,30,443,108.6,Camden Yards,1,BAL
Dillon Dingler,26-05-02,Tigers,30,443,107.8,Comerica Park,1,DET
Zach Neto,26-04-04,Angels,30,443,106.8,Angel Stadium,1,LAA
Spencer Jones,26-06-09,Yankees,30,443,112.2,Progressive Field,1,CLE
Teoscar Hernandez,26-08-03,Dodgers,30,443,111.2,Wrigley Field,1,CHC
Jimmy Crooks,26-07-18,Cardinals,30,443,108.8,Chase Field,1,ARI
Pete Alonso,26-08-21,Orioles,30,443,111,Camden Yards,1,BAL
Bryan Reynolds,26-05-01,Pirates,30,443,108.1,PNC Park,1,PIT
Jac Caglianone,26-06-23,Royals,30,443,109.1,Tropicana Field,1,TBR
Jac Caglianone,26-06-24,Royals,30,443,109.1,Tropicana Field,1,TBR
Carter Jensen,26-08-21,Royals,30,443,107.5,Kauffman Stadium,1,KCR
Alec Burleson,26-07-08,Cardinals,30,443,109.4,Busch Stadium,1,STL
Nolan Gorman,26-03-29,Cardinals,30,443,108.8,Busch Stadium,1,STL
Ivan Herrera,26-09-05,Cardinals,29,443,107.2,Coors Field,1,COL
Wilyer Abreu,26-06-23,Red Sox,29,443,103,Coors Field,1,COL
Brice Turang,26-06-08,Brewers,27,443,108.2,Vegas Minor League,1,ATHH
Eduardo Valencia,26-09-27,Tigers,30,443,109.8,Comerica Park,1,DET
Nick Kurtz,26-05-14,Athletics,30,442,111.8,Sutter Health Park,1,ATH
Josh Bell,26-06-07,Twins,30,442,111.6,Target Field,1,MIN
Dylan Crews,26-06-20,Nationals,30,442,106.8,Tropicana Field,1,TBR
Gabriel Arias,26-07-09,Guardians,30,442,110.8,Target Field,1,MIN
Kazuma Okamoto,26-08-18,Blue Jays,30,442,106.8,Tropicana Field,1,TBR
Daz Cameron,26-08-20,Blue Jays,30,442,105.8,Tropicana Field,1,TBR
Edmundo Sosa,26-04-14,Phillies,30,442,105.7,Citizens Bank Park,1,PHI
Griffin Conine,26-07-12,Marlins,30,442,113.2,loanDepot Park,1,MIA
Kyle Stowers,26-09-05,Marlins,30,442,109.4,loanDepot Park,1,MIA
Hunter Goodman,26-06-29,Rockies,30,442,107,Coors Field,1,COL
Junior Caminero,26-08-03,Rays,30,442,112.4,Coors Field,1,COL
Jo Adell,26-09-15,Angels,30,442,110.1,Progressive Field,1,CLE
Hunter Goodman,26-07-19,Rockies,28,442,105.1,Coors Field,1,COL
Elly De La Cruz,26-04-15,Reds,30,442,109.3,Great American Ball Park,1,CIN
James Wood,26-05-09,Nationals,30,442,109.6,loanDepot Park,1,MIA
Colson Montgomery,26-05-16,White Sox,30,442,112.4,Rate Field,1,CWS
Matt Olson,26-04-10,Braves,30,441,111.6,Truist Park,1,ATL
Derek Hill,26-06-25,White Sox,30,441,109.8,Nationals Park,1,WSH
Colton Cowser,26-08-09,Orioles,30,441,108.9,Globe Life Park,1,TEX
Seiya Suzuki,26-04-21,Cubs,30,441,109.8,Wrigley Field,1,CHC
Starling Marte,26-06-07,Royals,30,441,107.5,Target Field,1,MIN
Sal Stewart,26-05-20,Reds,30,441,109.7,Citizens Bank Park,1,PHI
Ryan Vilade,26-08-16,Rays,30,441,106.9,Tropicana Field,1,TBR
TJ Rumfield,26-09-04,Rockies,30,441,105.1,Coors Field,1,COL
Alec Burleson,26-08-09,Cardinals,30,441,110.3,Busch Stadium,1,STL
Xander Bogaerts,26-09-17,Padres,30,441,108.3,Coors Field,1,COL
Rafael Devers,26-05-19,Giants,29,441,111.2,Chase Field,1,ARI
Ezequiel Tovar,26-05-29,Rockies,27,441,105.3,Coors Field,1,COL
James Wood,26-04-17,Nationals,30,441,110.5,Nationals Park,1,WSH
James Wood,26-06-29,Nationals,30,441,113.6,Fenway Park,1,BOS
Zach Neto,26-09-13,Angels,30,440,107.1,Nationals Park,1,WSH
Colton Cowser,26-05-24,Orioles,30,440,111.5,Camden Yards,1,BAL
Dylan Crews,26-06-12,Nationals,30,440,109.5,Nationals Park,1,WSH
Garrett Mitchell,26-06-16,Brewers,30,440,111.8,American Family Field,1,MIL
Coby Mayo,26-07-11,Orioles,30,440,110.4,Camden Yards,1,BAL
Seiya Suzuki,26-08-17,Cubs,30,440,110.6,Wrigley Field,1,CHC
Christian Walker,26-09-08,Astros,30,440,107.7,Citizens Bank Park,1,PHI
TJ Rumfield,26-04-20,Rockies,30,440,106.3,Coors Field,1,COL
Rafael Flores Jr,26-06-11,Pirates,30,440,108.7,PNC Park,1,PIT
Jake McCarthy,26-07-03,Rockies,30,440,105.1,Coors Field,1,COL
Salvador Perez,26-07-20,Royals,30,440,105.4,Kauffman Stadium,1,KCR
Junior Caminero,26-08-30,Rays,30,440,111.3,Tropicana Field,1,TBR
Carter Jensen,26-09-03,Royals,30,440,108.4,Kauffman Stadium,1,KCR
Jeremy Pena,26-09-15,Astros,30,440,107.3,Daikin Park,1,HOU
Seiya Suzuki,26-09-20,Cubs,30,440,108.9,Great American Ball Park,1,CIN
Kyle Karros,26-07-01,Rockies,26,440,104.7,Coors Field,1,COL
Colson Montgomery,26-04-21,White Sox,29,440,107.2,Chase Field,1,ARI
Jo Adell,26-09-27,Angels,30,440,112,Kauffman Stadium,1,KCR
Colson Montgomery,26-06-30,White Sox,30,440,109.1,Camden Yards,1,BAL
Munetaka Murakami,26-08-18,White Sox,30,440,111.1,Wrigley Field,1,CHC
Coby Mayo,26-04-21,Orioles,30,439,114.2,Kauffman Stadium,1,KCR
Pete Alonso,26-06-11,Orioles,30,439,110.6,Camden Yards,1,BAL
Henry Bolte,26-08-08,Athletics,30,439,111.5,Fenway Park,1,BOS
Heriberto Hernandez,26-05-16,Marlins,30,439,107.9,Tropicana Field,1,TBR
Mickey Moniak,26-05-01,Rockies,30,439,105.5,Coors Field,1,COL
Yandy Diaz,26-05-19,Rays,30,439,111.3,Tropicana Field,1,TBR
Yandy Diaz,26-08-10,Rays,30,439,109.9,Sutter Health Park,1,ATH
Hao-Yu Lee,26-08-31,Tigers,30,439,109.6,Target Field,1,MIN
Nelson Velazquez,26-09-13,Cardinals,30,439,110.1,Tropicana Field,1,TBR
Ivan Herrera,26-09-20,Cardinals,30,439,111.1,Busch Stadium,1,STL
Jake Burger,26-03-26,Rangers,30,438,108.1,Citizens Bank Park,1,PHI
Jonny DeLuca,26-03-30,Rays,30,438,109,American Family Field,1,MIL
Shohei Ohtani,26-04-05,Dodgers,30,438,114.6,Nationals Park,1,WSH
Nick Kurtz,26-04-22,Athletics,30,438,110.6,T-Mobile Park,1,SEA
Ryan Kreidler,26-04-13,Twins,30,438,108.9,Target Field,1,MIN
Freddie Freeman,26-04-06,Dodgers,30,438,108.5,Rogers Centre,1,TOR
Byron Buxton,26-04-14,Twins,30,438,107.9,Target Field,1,MIN
Austin Riley,26-05-02,Braves,30,438,106.1,Coors Field,1,COL
Drake Baldwin,26-04-21,Braves,30,438,105.5,Nationals Park,1,WSH
Ronald Acuna Jr,26-05-31,Braves,30,438,112,Great American Ball Park,1,CIN
George Springer,26-06-16,Blue Jays,30,438,109.2,Fenway Park,1,BOS
Mike Trout,26-07-08,Angels,30,438,110.6,Globe Life Park,1,TEX
Dalton Rushing,26-07-22,Dodgers,30,438,107.7,Citizens Bank Park,1,PHI
Austin Riley,26-08-12,Braves,30,438,108.5,Truist Park,1,ATL
Ben Rice,26-08-16,Yankees,30,438,108.5,Rogers Centre,1,TOR
Mickey Moniak,26-05-03,Rockies,30,438,105,Coors Field,1,COL
Nathaniel Lowe,26-04-24,Reds,30,438,112.7,Great American Ball Park,1,CIN
Marcell Ozuna,26-05-15,Pirates,30,438,109.5,PNC Park,1,PIT
Ryan Vilade,26-06-01,Rays,30,438,110.1,Tropicana Field,1,TBR
Junior Caminero,26-06-30,Rays,30,438,108.6,Kauffman Stadium,1,KCR
Salvador Perez,26-07-18,Royals,30,438,105,Kauffman Stadium,1,KCR
Junior Caminero,26-07-09,Rays,30,438,108.3,Tropicana Field,1,TBR
Jac Caglianone,26-07-30,Royals,30,438,113.7,Target Field,1,MIN
Shawn Ross,26-07-26,Pirates,30,438,110.6,PNC Park,1,PIT
Wyatt Langford,26-09-08,Rangers,30,438,107.3,T-Mobile Park,1,SEA
Roman Anthony,26-09-18,Red Sox,29,438,107.7,Tropicana Field,1,TBR
Austin Riley,26-08-11,Braves,2,438,108.5,Truist Park,0,ATL
Elly De La Cruz,26-09-05,Reds,30,438,112.1,Great American Ball Park,1,CIN
Mickey Moniak,26-04-05,Rockies,30,437,103.1,Coors Field,1,COL
Pete Crow-Armstrong,26-08-11,Cubs,30,437,111.5,Nationals Park,1,WSH
Nick Kurtz,26-06-21,Athletics,30,437,109.2,Sutter Health Park,1,ATH
Heliot Ramos,26-05-10,Giants,30,437,110.3,Oracle Park,1,SFG
Vladimir Guerrero Jr.,26-04-04,Blue Jays,30,437,108.5,Rate Field,1,CWS
Randy Arozarena,26-05-25,Mariners,30,437,104.1,Sutter Health Park,1,ATH
Francisco Alvarez,26-06-24,Mets,30,437,106.5,Citi Field,1,NYM
Pete Alonso,26-06-28,Orioles,30,437,105.1,Camden Yards,1,BAL
Josh Lowe,26-07-04,Angels,30,437,109.6,Angel Stadium,1,LAA
Shohei Ohtani,26-07-12,Dodgers,30,437,111.8,Dodger Stadium,1,LAD
Jacob Young,26-07-20,Nationals,30,437,103.4,Coors Field,1,COL
George Springer,26-07-28,Blue Jays,30,437,105.8,Nationals Park,1,WSH
Dansby Swanson,26-06-30,Cubs,30,437,103.5,Wrigley Field,1,CHC
Matt Olson,26-08-16,Braves,30,437,109.5,Truist Park,1,ATL
Jac Caglianone,26-04-20,Royals,30,437,109.7,Kauffman Stadium,1,KCR
Heriberto Hernandez,26-07-05,Marlins,30,437,101.7,Sutter Health Park,1,ATH
Wyatt Langford,26-06-24,Rangers,30,437,106.5,loanDepot Park,1,MIA
Junior Caminero,26-06-26,Rays,30,437,111.3,Tropicana Field,1,TBR
Junior Caminero,26-07-04,Rays,30,437,107.5,Daikin Park,1,HOU
Salvador Perez,26-07-22,Royals,30,437,108.7,Kauffman Stadium,1,KCR
Nolan Gorman,26-05-19,Cardinals,30,437,108.2,Busch Stadium,1,STL
Lawrence Butler,26-09-17,Athletics,30,437,109.3,Tropicana Field,1,TBR
Samuel Basallo,26-04-01,Orioles,28,437,109.5,Camden Yards,1,BAL
Mike Trout,26-06-16,Angels,30,436,104,Chase Field,1,ARI
Julio Rodriguez,26-05-06,Mariners,30,436,110.4,T-Mobile Park,1,SEA
Jackson Merrill,26-05-04,Padres,30,436,105.2,Oracle Park,1,SFG
Kyle Stowers,26-06-17,Marlins,30,436,107.7,Citizens Bank Park,1,PHI
Cam Smith,26-06-23,Astros,30,436,106.7,Rogers Centre,1,TOR
Blaze Alexander,26-07-10,Orioles,30,436,104.7,Camden Yards,1,BAL
Coby Mayo,26-08-05,Orioles,30,436,105.9,Camden Yards,1,BAL
Dansby Swanson,26-08-12,Cubs,30,436,106.4,Nationals Park,1,WSH
Jackson Chourio,26-09-09,Brewers,30,436,108.5,American Family Field,1,MIL
Brandon Lowe,26-05-07,Pirates,30,436,111.1,Chase Field,1,ARI
Brandon Nimmo,26-05-22,Rangers,30,436,108.7,Angel Stadium,1,LAA
Ryan Vilade,26-06-21,Rays,30,436,106.8,Tropicana Field,1,TBR
Ezequiel Duran,26-07-27,Rangers,30,436,106.3,Globe Life Park,1,TEX
Esmerlyn Valdez,26-07-20,Pirates,30,436,106.6,Yankee Stadium,1,NYY
Willi Castro,26-04-07,Rockies,29,436,106.5,Coors Field,1,COL
Carson Benge,26-05-04,Mets,29,436,104.6,Coors Field,1,COL
Mickey Moniak,26-09-06,Rockies,28,436,108.7,Coors Field,1,COL
Christian Walker,26-09-24,Astros,30,436,109.7,Sutter Health Park,1,ATH
Yordan Alvarez,26-08-29,Astros,30,436,113.4,Citi Field,1,NYM
Manny Machado,26-04-26,Padres,30,436,104.6,Mexico City,1,MEX
Hunter Goodman,26-03-31,Rockies,30,435,110.9,Rogers Centre,1,TOR
Spencer Torkelson,26-04-24,Tigers,30,435,108.3,Great American Ball Park,1,CIN
Juan Soto,26-05-06,Mets,30,435,104.3,Coors Field,1,COL
Kyle Tucker,26-04-18,Dodgers,30,435,102.9,Coors Field,1,COL
Josh Bell,26-06-19,Twins,30,435,107.1,Chase Field,1,ARI
Chase Delauter,26-07-12,Guardians,30,435,109.8,loanDepot Park,1,MIA
Juan Soto,26-07-09,Mets,30,435,106.6,Citi Field,1,NYM
Joe Mack,26-07-21,Marlins,30,435,109.3,Daikin Park,1,HOU
Jeremy Pena,26-08-30,Astros,30,435,105.9,Citi Field,1,NYM
Pete Crow-Armstrong,26-08-29,Cubs,30,435,105.8,Wrigley Field,1,CHC
Junior Caminero,26-04-24,Rays,30,435,112.7,Tropicana Field,1,TBR
Willson Contreras,26-05-18,Red Sox,30,435,110,Kauffman Stadium,1,KCR
Brandon Nimmo,26-05-29,Rangers,30,435,108.1,Globe Life Park,1,TEX
Nathaniel Lowe,26-05-23,Reds,30,435,105.4,Great American Ball Park,1,CIN
Willi Castro,26-06-23,Rockies,30,435,107.9,Coors Field,1,COL
Kyle Karros,26-07-11,Rockies,30,435,105.9,Oracle Park,1,SFG
Hunter Goodman,26-07-19,Rockies,30,435,108.1,Coors Field,1,COL
Willi Castro,26-07-19,Rockies,30,435,105.1,Coors Field,1,COL
Konnor Griffin,26-06-26,Pirates,30,435,108.9,PNC Park,1,PIT
Tyler Stephenson,26-07-19,Reds,30,435,105.1,Coors Field,1,COL
Wilyer Abreu,26-07-19,Red Sox,30,435,108.5,Fenway Park,1,BOS
Hunter Goodman,26-08-26,Rockies,30,435,108.8,Nationals Park,1,WSH
Kyle Schwarber,26-09-05,Phillies,30,435,108.7,Citizens Bank Park,1,PHI
Jake McCarthy,26-09-06,Rockies,30,435,104.1,Coors Field,1,COL
Wyatt Langford,26-09-12,Rangers,30,435,105.5,Chase Field,1,ARI
Lars Nootbaar,26-07-11,Cardinals,30,435,108.8,Busch Stadium,1,STL
Pete Alonso,26-08-25,Orioles,30,435,111.3,Busch Stadium,1,STL
Eugenio Suarez,26-07-24,Reds,30,435,110.5,Busch Stadium,1,STL
Randy Arozarena,26-09-19,Mariners,30,435,106.8,Coors Field,1,COL
Garrett Mitchell,26-07-03,Brewers,28,435,111.8,Chase Field,1,ARI
Brandon Lowe,26-05-06,Pirates,28,435,104.9,Chase Field,1,ARI
Manny Machado,26-06-04,Padres,30,435,107.3,Citizens Bank Park,1,PHI
Luke Raley,26-04-15,Mariners,30,434,113.2,Petco Park,1,SDP
Brice Matthews,26-03-30,Astros,30,434,111.1,Daikin Park,1,HOU
Juan Soto,26-05-19,Mets,30,434,110.2,Nationals Park,1,WSH
Mark Vientos,26-04-18,Mets,30,434,110.2,Wrigley Field,1,CHC
Gavin Sheets,26-04-10,Padres,30,434,109.2,Petco Park,1,SDP
William Contreras,26-06-06,Brewers,30,434,104.1,Coors Field,1,COL
Brice Matthews,26-06-13,Astros,30,434,105.3,Kauffman Stadium,1,KCR
Samuel Basallo,26-06-24,Orioles,30,434,106.9,Angel Stadium,1,LAA
Jose Tena,26-07-03,Nationals,30,434,105.5,Nationals Park,1,WSH
Brice Turang,26-07-24,Brewers,30,434,108.6,American Family Field,1,MIL
Dansby Swanson,26-07-01,Cubs,30,434,103.8,Wrigley Field,1,CHC
Pete Crow-Armstrong,26-06-15,Cubs,30,434,106,Wrigley Field,1,CHC
Josh Naylor,26-08-08,Mariners,30,434,106.8,T-Mobile Park,1,SEA
Josh Bell,26-08-18,Twins,30,434,110,Target Field,1,MIN
Teoscar Hernandez,26-08-30,Dodgers,30,434,106.5,Comerica Park,1,DET
Trea Turner,26-05-26,Phillies,30,434,109.1,Petco Park,1,SDP
Brett Sullivan,26-06-11,Rockies,30,434,102.6,Coors Field,1,COL
Griffin Conine,26-08-09,Marlins,30,434,115,loanDepot Park,1,MIA
Spencer Horwitz,26-06-20,Pirates,30,434,102.7,Coors Field,1,COL
Austin Riley,26-09-11,Braves,30,434,109.8,Truist Park,1,ATL
Rafael Flores Jr,26-08-29,Pirates,30,434,108.6,Busch Stadium,1,STL
Brandon Lowe,26-09-23,Pirates,30,434,108.4,PNC Park,1,PIT
Brandon Nimmo,26-08-09,Rangers,29,434,107.1,Globe Life Park,1,TEX
Mickey Moniak,26-07-01,Rockies,22,434,103.8,Coors Field,1,COL
Tyler Soderstrom,26-06-08,Athletics,16,434,103.8,Vegas Minor League,1,ATHH
Elly De La Cruz,26-07-17,Reds,25,434,105.8,Coors Field,1,COL
CJ Abrams,26-07-21,Nationals,30,434,102.7,Coors Field,1,COL
Salvador Perez,26-09-25,Royals,30,434,107.3,Kauffman Stadium,1,KCR
Vinnie Pasquantino,26-09-27,Royals,29,434,106,Kauffman Stadium,1,KCR
James Wood,26-07-12,Nationals,30,434,110,Nationals Park,1,WSH
Mickey Moniak,26-04-05,Rockies,30,433,108.7,Coors Field,1,COL
Shea Langeliers,26-07-01,Athletics,30,433,104.3,Sutter Health Park,1,ATH
Josh Naylor,26-04-13,Mariners,30,433,111.5,T-Mobile Park,1,SEA
Shea Langeliers,26-05-02,Athletics,30,433,107.8,Sutter Health Park,1,ATH
Juan Soto,26-05-31,Mets,30,433,109,Citi Field,1,NYM
Gleybar Torres,26-06-02,Tigers,30,433,106.3,Tropicana Field,1,TBR
Jo Adell,26-06-07,Angels,30,433,112,Dodger Stadium,1,LAD
Corbin Carroll,26-06-13,Diamondbacks,30,433,111.8,Great American Ball Park,1,CIN
Brice Matthews,26-06-12,Astros,30,433,107.5,Kauffman Stadium,1,KCR
Ben Rice,26-06-19,Yankees,30,433,109.1,Yankee Stadium,1,NYY
Denzer Guzman,26-06-19,Angels,30,433,104.3,Sutter Health Park,1,ATH
Griffin Conine,26-06-29,Marlins,30,433,110.1,Coors Field,1,COL
Tyler O'Neill,26-07-08,Orioles,30,433,108.7,Camden Yards,1,BAL
Dominic Canzone,26-07-28,Mariners,30,433,107.9,Dodger Stadium,1,LAD
Miguel Vargas,26-07-31,White Sox,30,433,107.8,Tropicana Field,1,TBR
Michael Conforto,26-07-01,Cubs,30,433,103.4,Wrigley Field,1,CHC
Austin Riley,26-08-04,Braves,30,433,106.7,Truist Park,1,ATL
Dominic Canzone,26-08-28,Mariners,30,433,112.8,Rogers Centre,1,TOR
Luis Campusano,26-09-06,Padres,30,433,108.1,Petco Park,1,SDP
Willi Castro,26-06-02,Rockies,30,433,109.2,Angel Stadium,1,LAA
Ezequiel Tovar,26-06-09,Rockies,30,433,106,Coors Field,1,COL
Cedric Mullins,26-06-26,Rays,30,433,110.4,Tropicana Field,1,TBR
Bryan Reynolds,26-06-21,Pirates,30,433,107,Coors Field,1,COL
Eugenio Suarez,26-07-12,Reds,30,433,111.3,Great American Ball Park,1,CIN
Oneil Cruz,26-09-10,Pirates,30,433,117.4,Rate Field,1,CWS
Lars Nootbaar,26-06-06,Cardinals,30,433,109.9,Busch Stadium,1,STL
Jo Adell,26-07-08,Angels,29,433,110.3,Globe Life Park,1,TEX
Bryce Harper,26-08-03,Phillies,29,433,112.6,Citizens Bank Park,1,PHI
Brice Turang,26-04-12,Brewers,28,433,109.6,American Family Field,1,MIL
Dillon Dingler,26-04-03,Tigers,28,433,105.9,Comerica Park,1,DET
Mike Trout,26-04-14,Angels,30,432,110.1,Yankee Stadium,1,NYY
Christian Walker,26-04-26,Astros,30,432,109.8,Daikin Park,1,HOU
Jorge Soler,26-05-20,Angels,30,432,108.6,Angel Stadium,1,LAA
Shea Langeliers,26-04-20,Athletics,30,432,108.3,T-Mobile Park,1,SEA
Ryan Jeffers,26-05-07,Twins,30,432,107.6,Nationals Park,1,WSH
Matt Chapman,26-06-05,Giants,30,432,109.6,Wrigley Field,1,CHC
Dylan Crews,26-06-06,Nationals,30,432,108.6,Chase Field,1,ARI
Rodolfo Duran,26-06-14,Padres,30,432,106.3,Camden Yards,1,BAL
Shohei Ohtani,26-06-29,Dodgers,30,432,112.3,Sutter Health Park,1,ATH
Dillon Dingler,26-06-25,Tigers,30,432,103.3,Comerica Park,1,DET
Rafael Devers,26-07-03,Giants,30,432,104.1,Coors Field,1,COL
Andres Chaparro,26-07-27,Nationals,30,432,108.3,Nationals Park,1,WSH
Shohei Ohtani,26-07-28,Dodgers,30,432,109.1,Dodger Stadium,1,LAD
Ian Happ,26-07-20,Cubs,30,432,104.8,Wrigley Field,1,CHC
Seiya Suzuki,26-07-09,Cubs,30,432,110.9,Camden Yards,1,BAL
Dansby Swanson,26-06-30,Cubs,30,432,103.9,Wrigley Field,1,CHC
Colt Emerson,26-08-05,Mariners,30,432,106.9,T-Mobile Park,1,SEA
Ian Happ,26-08-21,Cubs,30,432,107.3,T-Mobile Park,1,SEA
Lars Nootbaar,26-08-29,Diamondbacks,30,432,110.2,Oracle Park,1,SFG
Lars Nootbaar,26-08-28,Cardinals,30,432,109.9,Oracle Park,1,SFG
Oneil Cruz,26-04-22,Pirates,30,432,116.9,Globe Life Park,1,TEX
Junior Caminero,26-05-01,Rays,30,432,112.9,Tropicana Field,1,TBR
Bobby Witt,26-05-25,Royals,30,432,108.7,Kauffman Stadium,1,KCR
Lane Thomas,26-06-13,Royals,30,432,105.4,Kauffman Stadium,1,KCR
Jac Caglianone,26-07-19,Royals,30,432,113.5,Kauffman Stadium,1,KCR
Hunter Goodman,26-08-25,Rockies,30,432,109.5,Nationals Park,1,WSH
Jordan Walker,26-08-08,Cardinals,30,432,107.3,Busch Stadium,1,STL
Jordan Walker,26-04-12,Cardinals,30,432,103.8,Busch Stadium,1,STL
Alec Burleson,26-03-26,Cardinals,30,432,109,Busch Stadium,1,STL
Jackson Merrill,26-09-18,Padres,30,432,111.4,Petco Park,1,SDP
Kyle Schwarber,26-05-10,Phillies,29,432,107.4,Citizens Bank Park,1,PHI
Bobby Witt,26-06-30,Royals,29,432,103.1,Kauffman Stadium,1,KCR
Alec Burleson,26-09-26,Cardinals,30,432,111.6,American Family Field,1,MIL
Munetaka Murakami,26-05-27,White Sox,30,432,108.3,Rate Field,1,CWS
Eugenio Suarez,26-03-29,Reds,30,431,109.6,Great American Ball Park,1,CIN
Max Muncy (D),26-05-31,Dodgers,30,431,106,Dodger Stadium,1,LAD
Jo Adell,26-05-30,Angels,30,431,113.2,Tropicana Field,1,TBR
Jorge Soler,26-04-27,Angels,30,431,107.9,Rate Field,1,CWS
Liam Hicks,26-05-05,Marlins,30,431,107.5,loanDepot Park,1,MIA
Austin Riley,26-05-17,Braves,30,431,104,Truist Park,1,ATL
Jackson Chourio,26-05-29,Brewers,30,431,107.1,Daikin Park,1,HOU
Ketel Marte,26-06-04,Diamondbacks,30,431,113,Chase Field,1,ARI
Jose Siri,26-06-13,Angels,30,431,106,Angel Stadium,1,LAA
Ketel Marte,26-06-30,Diamondbacks,30,431,106,Chase Field,1,ARI
Freddie Freeman,26-07-01,Dodgers,30,431,105.2,Sutter Health Park,1,ATH
Riley Greene,26-07-05,Tigers,30,431,111.2,Globe Life Park,1,TEX
James McCann,26-07-22,Diamondbacks,30,431,106.7,Chase Field,1,ARI
Ben Rice,26-08-08,Yankees,30,431,105.2,Yankee Stadium,1,NYY
Jackson Merrill,26-08-10,Padres,30,431,106,Petco Park,1,SDP
Ian Happ,26-04-18,Cubs,30,431,105.4,Wrigley Field,1,CHC
Michael Conforto,26-08-24,Cubs,30,431,110.9,Chase Field,1,ARI
Alec Burleson,26-09-07,Cardinals,30,431,109.5,Oracle Park,1,SFG
Pete Crow-Armstrong,26-08-30,Cubs,30,431,105.4,Wrigley Field,1,CHC
Ezequiel Tovar,26-05-25,Rockies,30,431,109.1,Dodger Stadium,1,LAD
Jac Caglianone,26-06-09,Royals,30,431,105,Kauffman Stadium,1,KCR
Nick Gonzales,26-06-21,Pirates,30,431,102.2,Coors Field,1,COL
Wilyer Abreu,26-08-02,Red Sox,30,431,109.1,Dodger Stadium,1,LAD
Sal Stewart,26-08-29,Reds,30,431,105.9,Wrigley Field,1,CHC
Rafael Flores Jr,26-08-19,Pirates,30,431,110,PNC Park,1,PIT
Kyle Karros,26-09-10,Rockies,30,431,109.1,Yankee Stadium,1,NYY
Gabriel Moreno,26-09-15,Diamondbacks,30,431,107.1,Chase Field,1,ARI
Mickey Moniak,26-09-22,Rockies,30,431,106.8,Coors Field,1,COL
Ildemaro Vargas,26-03-30,Diamondbacks,29,431,108.9,Chase Field,1,ARI
Corbin Carroll,26-05-17,Diamondbacks,29,431,102.6,Coors Field,1,COL
Zach Neto,26-06-17,Angels,28,431,106.8,Chase Field,1,ARI
Munetaka Murakami,26-04-04,White Sox,28,431,111.1,Rate Field,1,CWS
Samuel Basallo,26-04-14,Orioles,28,431,109.3,Camden Yards,1,BAL
Munetaka Murakami,26-04-17,White Sox,30,431,114.1,Sutter Health Park,1,ATH
Lazaro Montes,26-09-11,Mariners,30,430,110.8,Sutter Health Park,1,SEA
Dominic Smith,26-04-02,Braves,30,430,109.1,Chase Field,1,ARI
Vladimir Guerrero Jr.,26-04-20,Blue Jays,30,430,107.5,Angel Stadium,1,LAA
Corbin Carroll,26-04-29,Diamondbacks,30,430,106.4,American Family Field,1,MIL
Byron Buxton,26-06-04,Twins,30,430,109.6,Target Field,1,MIN
Ryan McMahon,26-06-18,Yankees,30,430,108.3,Yankee Stadium,1,NYY
Victor Caratini,26-06-19,Twins,30,430,106.1,Chase Field,1,ARI
Dillon Dingler,26-06-20,Tigers,30,430,105.8,Comerica Park,1,DET
Tyler O'Neill,26-07-01,Orioles,30,430,109.5,Camden Yards,1,BAL
Juan Soto,26-07-06,Mets,30,430,107.8,Truist Park,1,ATL
Chase Delauter,26-07-10,Guardians,30,430,106.4,loanDepot Park,1,MIA
Heliot Ramos,26-07-20,Giants,30,430,107.5,Kauffman Stadium,1,KCR
Austin Wells,26-07-25,Yankees,30,430,105.7,Citizens Bank Park,1,PHI
Max Muncy (D),26-07-28,Dodgers,30,430,109.9,Dodger Stadium,1,LAD
Dansby Swanson,26-05-18,Cubs,30,430,108.6,Wrigley Field,1,CHC
Paul Goldschmidt,26-08-28,Yankees,30,430,106.5,Yankee Stadium,1,NYY
Nolan Arenado,26-09-09,Diamondbacks,30,430,106.5,Kauffman Stadium,1,KCR
Michael Massey,26-06-17,Royals,30,430,105.6,Nationals Park,1,WSH
Wyatt Langford,26-06-19,Rangers,30,430,107.1,Globe Life Park,1,TEX
Griffin Conine,26-09-05,Marlins,30,430,110.7,loanDepot Park,1,MIA
Wilyer Abreu,26-08-04,Red Sox,30,430,106.8,Fenway Park,1,BOS
Kazuma Okamoto,26-04-24,Blue Jays,29,430,109.9,Rogers Centre,1,TOR
Shea Langeliers,26-06-18,Athletics,29,430,103.8,Sutter Health Park,1,ATH
Alec Burleson,26-04-12,Cardinals,29,430,111.6,Busch Stadium,1,STL
Everson Pereira,26-08-11,White Sox,29,430,106.6,Busch Stadium,1,STL
Ketel Marte,26-06-27,Diamondbacks,28,430,107.5,Tropicana Field,1,TBR
Matt Olson,26-04-02,Braves,26,430,108,Chase Field,1,ARI
Ivan Herrera,26-09-04,Cardinals,21,430,103.5,Coors Field,1,COL
James Wood,26-07-26,Nationals,30,430,108.3,Nationals Park,1,WSH
Daylen Lile,26-05-12,Nationals,30,429,109.2,Great American Ball Park,1,CIN
Francisco Alvarez,26-03-26,Mets,30,429,109,Citi Field,1,NYM
Zack Gelof,26-05-03,Athletics,30,429,105.6,Sutter Health Park,1,ATH
Ronald Acuna Jr,26-05-29,Braves,30,429,113.3,Great American Ball Park,1,CIN
Patrick Wisdom,26-06-02,Mariners,30,429,105.9,T-Mobile Park,1,SEA
Cam Smith,26-06-29,Astros,30,429,107.3,Daikin Park,1,HOU
Gabriel Arias,26-06-29,Guardians,30,429,107.5,Progressive Field,1,CLE
Matt Olson,26-07-03,Braves,30,429,103.9,Truist Park,1,ATL
Tim Tawa,26-07-10,Diamondbacks,30,429,105.4,Dodger Stadium,1,LAD
Ian Happ,26-04-23,Cubs,30,429,110.7,Wrigley Field,1,CHC
Adolis Garcia,26-06-04,Phillies,30,429,109,Citizens Bank Park,1,PHI
Jake McCarthy,26-07-02,Rockies,30,429,103.8,Coors Field,1,COL
Ke'Bryan Hayes,26-08-02,Reds,30,429,106.9,Great American Ball Park,1,CIN
Graham Pauley,26-09-12,Marlins,30,429,107.8,loanDepot Park,1,MIA
Ivan Herrera,26-04-25,Cardinals,30,429,108.5,Busch Stadium,1,STL
Ronald Acuna Jr,26-08-15,Braves,29,429,105.4,Truist Park,1,ATL
Jordan Walker,26-04-11,Cardinals,29,429,109.6,Busch Stadium,1,STL
Juan Soto,26-09-23,Mets,29,429,106.2,Globe Life Park,1,TEX
Josh Bell,26-05-18,Twins,28,429,112.3,Target Field,1,MIN
Justin Foscue,26-07-09,Rangers,28,429,104,Globe Life Park,1,TEX
Mickey Moniak,26-04-23,Rockies,26,429,106.2,Coors Field,1,COL
Justin Foscue,26-06-18,Rangers,26,429,102.8,Globe Life Park,1,TEX
Justin Foscue,26-05-18,Rangers,15,429,105.3,Coors Field,0,COL
Lucas Spence,26-09-24,Astros,30,429,105.8,Sutter Health Park,1,ATH
Munetaka Murakami,26-05-04,White Sox,30,429,109,Angel Stadium,1,LAA
Enrique Hernandez,26-09-26,Dodgers,30,429,106.9,Oracle Park,1,SFG
Manny Machado,26-06-13,Padres,28,429,106.2,Camden Yards,1,BAL
Joe Mack,26-09-25,Marlins,30,428,107.5,loanDepot Park,1,MIA
Christian Walker,26-07-31,Astros,30,428,110.1,Daikin Park,1,HOU
Dillon Dingler,26-06-01,Tigers,30,428,105,Tropicana Field,1,TBR
Jake Bauers,26-04-10,Brewers,30,428,112.4,American Family Field,1,MIL
Matt Olson,26-05-04,Braves,30,428,109.7,T-Mobile Park,1,SEA
Miguel Vargas,26-04-22,White Sox,30,428,109,Chase Field,1,ARI
Matt Olson,26-05-26,Braves,30,428,105.4,Fenway Park,1,BOS
Jacob Gonzalez,26-06-06,White Sox,30,428,107.5,Citizens Bank Park,1,PHI
Dominic Canzone,26-06-29,Mariners,30,428,108.4,T-Mobile Park,1,SEA
Jake Bauers,26-06-24,Brewers,30,428,109.8,Great American Ball Park,1,CIN
Jacob Gonzalez,26-07-18,White Sox,30,428,106.7,Progressive Field,1,CLE
Carson Kelly,26-06-19,Cubs,30,428,105.3,Wrigley Field,1,CHC
Carson Kelly,26-06-11,Cubs,30,428,105.5,Coors Field,1,COL
Gabriel Moreno,26-08-18,Diamondbacks,30,428,104.2,Fenway Park,1,BOS
Zach Neto,26-08-20,Angels,30,428,107.6,Daikin Park,1,HOU
Kaelen Culpepper,26-08-26,Twins,30,428,106.1,Sutter Health Park,1,ATH
Austin Riley,26-09-05,Braves,30,428,103.1,Citizens Bank Park,1,PHI
Kyle Higashioka,26-06-05,Rangers,30,428,106.5,Globe Life Park,1,TEX
Hunter Goodman,26-06-27,Rockies,30,428,107.7,Target Field,1,MIN
Hunter Goodman,26-06-27,Rockies,30,428,107.5,Target Field,1,MIN
Isaac Collins,26-07-02,Royals,30,428,103.5,Kauffman Stadium,1,KCR
Andruw Monasterio,26-07-29,Red Sox,30,428,102.6,Sutter Health Park,1,ATH
Jac Caglianone,26-05-16,Royals,30,428,113.4,Busch Stadium,1,STL
Juan Soto,26-09-18,Mets,30,428,109.4,Citi Field,1,NYM
Byron Buxton,26-06-09,Twins,29,428,111.9,Comerica Park,1,DET
Mickey Moniak,26-04-19,Rockies,29,428,102.4,Coors Field,1,COL
Riley Greene,26-06-01,Tigers,28,428,102.9,Tropicana Field,1,TBR
Tommy Edman,26-06-30,Dodgers,28,428,105.8,Sutter Health Park,1,ATH
Shohei Ohtani,26-08-17,Dodgers,28,428,105.5,Coors Field,1,COL
Jake Burger,26-08-14,Rangers,28,428,106,Sutter Health Park,1,ATH
Ryan Vilade,26-08-17,Rays,28,428,107.4,Tropicana Field,1,TBR
Jake Burger,26-09-06,Rangers,28,428,105.7,Globe Life Park,1,TEX
Jo Adell,26-08-11,Angels,27,428,109.3,Comerica Park,1,DET
Cole Carrigg,26-09-04,Rockies,20,428,103.7,Coors Field,1,COL
Hunter Goodman,26-09-14,Rockies,18,428,108.1,Coors Field,0,COL
Max Muncy (A),26-09-05,Athletics,30,428,108.3,T-Mobile Park,1,SEA
Yordan Alvarez,26-05-27,Astros,26,428,109.3,Globe Life Park,1,TEX
Munetaka Murakami,26-05-16,White Sox,29,428,109,Rate Field,1,CWS
Yordan Alvarez,26-07-20,Astros,30,428,113.8,Daikin Park,1,HOU
James Wood,26-07-04,Nationals,30,428,113.1,Nationals Park,1,WSH
Griffin Conine,26-09-19,Marlins,30,427,110.8,Petco Park,1,SDP
Derek Hill,26-07-10,White Sox,30,427,104.1,Comerica Park,1,DET
Heliot Ramos,26-07-01,Giants,30,427,110.7,Chase Field,1,ARI
Colton Cowser,26-06-06,Orioles,30,427,105,Rogers Centre,1,TOR
Logan O'Hoppe,26-04-15,Angels,30,427,114.3,Yankee Stadium,1,NYY
Austin Riley,26-05-04,Braves,30,427,109.1,T-Mobile Park,1,SEA
Ben Rice,26-04-01,Yankees,30,427,108.2,T-Mobile Park,1,SEA
Mark Vientos,26-05-03,Mets,30,427,107,Angel Stadium,1,LAA
Gabriel Moreno,26-05-03,Diamondbacks,30,427,105.4,Wrigley Field,1,CHC
Willy Adames,26-06-05,Giants,30,427,107,Wrigley Field,1,CHC
Paul Goldschmidt,26-06-24,Yankees,30,427,104.9,Comerica Park,1,DET
Randy Arozarena,26-06-27,Mariners,30,427,108.3,Progressive Field,1,CLE
Otto Lopez,26-06-24,Marlins,30,427,106.2,loanDepot Park,1,MIA
Andres Chaparro,26-07-20,Nationals,30,427,105.4,Coors Field,1,COL
Gabriel Moreno,26-07-22,Diamondbacks,30,427,108.4,Chase Field,1,ARI
Jordan Walker,26-05-23,Cardinals,30,427,112.1,Great American Ball Park,1,CIN
Rafael Devers,26-08-24,Giants,30,427,108.9,Oracle Park,1,SFG
Michael Busch,26-09-04,Cubs,30,427,105.6,loanDepot Park,1,MIA
Bobby Witt,26-04-26,Royals,30,427,108.4,Kauffman Stadium,1,KCR
Jake McCarthy,26-05-30,Rockies,30,427,103.7,Coors Field,1,COL
Wilyer Abreu,26-05-08,Red Sox,30,427,106.9,Fenway Park,1,BOS
TJ Rumfield,26-06-19,Rockies,30,427,101.3,Coors Field,1,COL
Noelvi Marte,26-06-12,Reds,30,427,106.5,Great American Ball Park,1,CIN
Tyler Callihan,26-06-10,Pirates,30,427,107.3,PNC Park,1,PIT
Jake McCarthy,26-07-03,Rockies,30,427,100.8,Coors Field,1,COL
Royce Lewis,26-09-01,Twins,30,427,105.2,Target Field,1,MIN
Vinnie Pasquantino,26-08-19,Royals,30,427,105.9,Kauffman Stadium,1,KCR
Ty France,26-04-12,Padres,29,427,107.4,Petco Park,1,SDP
Travis Bazzana,26-05-08,Guardians,29,427,102.3,Progressive Field,1,CLE
Royce Lewis,26-06-19,Twins,29,427,105.2,Chase Field,1,ARI
Colt Keith,26-07-07,Tigers,29,427,103.1,Comerica Park,1,DET
Michael Busch,26-05-05,Cubs,29,427,105.8,Wrigley Field,1,CHC
Moises Ballesteros,26-04-12,Cubs,29,427,101.9,Wrigley Field,1,CHC
Shohei Ohtani,26-06-16,Dodgers,28,427,106.9,Dodger Stadium,1,LAD
Jacob Young,26-08-11,Nationals,28,427,106.2,Nationals Park,1,WSH
Hunter Goodman,26-04-22,Rockies,28,427,105.7,Coors Field,1,COL
Jeremiah Jackson,26-04-13,Orioles,27,427,106.3,Camden Yards,1,BAL
Jung Hoo Lee,26-05-31,Giants,18,427,102.5,Coors Field,1,COL
Zack Gelof,26-06-09,Athletics,8,427,102.5,Vegas Minor League,1,ATHH
Luis Garcia Jr.,26-06-05,Nationals,26,427,103.9,Chase Field,1,ARI
Bo Bichette,26-09-25,Mets,30,427,108.2,Nationals Park,1,WSH
Luis Garcia Jr.,26-06-22,Nationals,30,427,108.7,Nationals Park,1,WSH
Elly De La Cruz,26-08-22,Reds,30,427,115.2,Chase Field,1,ARI
Yordan Alvarez,26-07-03,Astros,30,427,106.6,Daikin Park,1,HOU
Yordan Alvarez,26-07-28,Astros,30,427,109.1,Angel Stadium,1,LAA
Max Muncy (D),26-08-13,Dodgers,28,426,105.7,Dodger Stadium,1,LAD
Lazaro Montes,26-09-18,Mariners,30,426,107.6,Coors Field,1,COL
Mickey Moniak,26-04-07,Rockies,30,426,97,Coors Field,1,COL
Josh Lowe,26-05-20,Angels,30,426,109.2,Angel Stadium,1,LAA
Julio Rodriguez,26-04-11,Mariners,30,426,107.8,T-Mobile Park,1,SEA
Randy Arozarena,26-04-10,Mariners,30,426,107.6,T-Mobile Park,1,SEA
Christian Walker,26-05-24,Astros,30,426,105.1,Wrigley Field,1,CHC
Colby Thomas,26-06-03,Athletics,30,426,108.7,Wrigley Field,1,CHC
Victor Caratini,26-06-29,Twins,30,426,107,Daikin Park,1,HOU
Ryan Waldschmidt,26-07-22,Diamondbacks,30,426,103.9,Chase Field,1,ARI
Taylor Tramell,26-07-26,Astros,30,426,112.6,Rate Field,1,CWS
Seiya Suzuki,26-07-01,Cubs,30,426,102.8,Wrigley Field,1,CHC
Tyler O'Neill,26-08-05,Orioles,30,426,108.5,Camden Yards,1,BAL
Lawrence Butler,26-08-12,Athletics,30,426,107.6,Sutter Health Park,1,ATH
Xander Bogaerts,26-08-14,Padres,30,426,104.7,Progressive Field,1,CLE
Angel Genao,26-09-01,Guardians,30,426,105.1,Progressive Field,1,CLE
Willson Contreras,26-05-16,Red Sox,30,426,106.1,Truist Park,1,ATL
Brett Baty,26-09-08,Mets,30,426,111.7,loanDepot Park,1,MIA
Jac Caglianone,26-06-21,Royals,30,426,108.1,Kauffman Stadium,1,KCR
Coby Mayo,26-09-07,Orioles,30,426,110.2,Camden Yards,1,BAL
Brandon Nimmo,26-08-29,Rangers,30,426,107.7,American Family Field,1,MIL
Rafael Flores Jr,26-09-20,Pirates,30,426,110.2,PNC Park,1,PIT
Javier Baez,26-09-21,Tigers,30,426,107.8,Comerica Park,1,DET
Drake Baldwin,26-05-04,Braves,29,426,108.5,T-Mobile Park,1,SEA
Kyle Stowers,26-06-21,Marlins,29,426,106.2,loanDepot Park,1,MIA
Matt Olson,26-04-03,Braves,28,426,107.3,Chase Field,1,ARI
Yandy Diaz,26-05-17,Rays,28,426,108.5,Tropicana Field,1,TBR
Bryan Reynolds,26-07-03,Pirates,28,426,109.8,Nationals Park,1,WSH
Shea Langeliers,26-05-30,Athletics,27,426,109.2,Sutter Health Park,1,ATH
Nolan Gorman,26-09-06,Cardinals,27,426,103.6,Coors Field,1,COL
Joc Pederson,26-06-24,Rangers,27,426,102,loanDepot Park,1,MIA
Junior Caminero,26-08-29,Rays,27,426,107.8,Tropicana Field,1,TBR
Bryce Harper,26-09-12,Phillies,26,426,108.2,Truist Park,1,ATL
Agustin Ramirez,26-09-03,Marlins,23,426,108.3,Kauffman Stadium,1,KCR
Ethan Salas,26-09-16,Padres,18,426,105.8,Coors Field,1,COL
David Hamilton,26-06-06,Brewers,8,426,102.4,Coors Field,1,COL
Jonah Heim,26-06-09,Athletics,3,426,104.1,Vegas Minor League,1,ATHH
Max Muncy (A),26-06-19,Athletics,28,426,101.8,Sutter Health Park,1,ATH
Munetaka Murakami,26-04-21,White Sox,30,426,113,Chase Field,1,ARI
CJ Abrams,26-04-23,Nationals,30,426,107.1,Nationals Park,1,WSH
Garrett Mitchell,26-09-12,Brewers,30,425,108.1,American Family Field,1,MIL
Carter Jensen,26-04-10,Royals,30,425,113.7,Kauffman Stadium,1,KCR
Colton Cowser,26-05-25,Orioles,30,425,109.3,Camden Yards,1,BAL
Aaron Judge,26-04-19,Yankees,30,425,111.6,Yankee Stadium,1,NYY
Brady House,26-05-06,Nationals,30,425,108.8,Nationals Park,1,WSH
Jackson Merrill,26-04-12,Padres,30,425,107.2,Petco Park,1,SDP
Michael Harris,26-04-10,Braves,30,425,106.7,Truist Park,1,ATL
Jorge Mateo,26-05-31,Braves,30,425,108.4,Great American Ball Park,1,CIN
Trevor Larnach,26-06-16,Twins,30,425,108.8,Globe Life Park,1,TEX
Kyle Stowers,26-06-10,Marlins,30,425,110.8,loanDepot Park,1,MIA
Fernando Tatis Jr,26-06-30,Padres,30,425,106,Wrigley Field,1,CHC
Chase Delauter,26-07-05,Guardians,30,425,107.5,Progressive Field,1,CLE
Yainer Diaz,26-07-29,Astros,30,425,106.5,Angel Stadium,1,LAA
Kyle Manzardo,26-07-29,Guardians,30,425,104.1,American Family Field,1,CIN
Andy Pages,26-08-07,Dodgers,30,425,108.1,Chase Field,1,ARI
Jordan Walker,26-05-10,Cardinals,30,425,108.3,Petco Park,1,SDP
Lawrence Butler,26-08-26,Athletics,30,425,104.3,Sutter Health Park,1,ATH
Jackson Merrill,26-08-28,Padres,30,425,104.4,Tropicana Field,1,TBR
Brandon Marsh,26-04-23,Phillies,30,425,107,Wrigley Field,1,CHC
Brooks Lee,26-09-06,Twins,30,425,104.5,Rate Field,1,CWS
Carter Jensen,26-06-25,Royals,30,425,105.7,Tropicana Field,1,TBR
Junior Caminero,26-07-01,Rays,30,425,104.8,Kauffman Stadium,1,KCR
Kyle Schwarber,26-08-26,Phillies,30,425,104.8,T-Mobile Park,1,SEA
Jarren Duran,26-09-07,Red Sox,30,425,111.7,Fenway Park,1,BOS
Samuel Basallo,26-09-16,Orioles,30,425,107.8,Citi Field,1,NYM
JJ Wetherholt,26-06-21,Cardinals,30,425,101.3,Kauffman Stadium,1,KCR
Eduardo Valencia,26-07-09,Tigers,29,425,103.4,Comerica Park,1,DET
Salvador Perez,26-04-28,Royals,29,425,107.3,Sutter Health Park,1,ATH
Marcell Ozuna,26-05-01,Pirates,29,425,107.5,PNC Park,1,PIT
Bryce Harper,26-04-01,Phillies,28,425,106,Citizens Bank Park,1,PHI
Kazuma Okamoto,26-04-25,Blue Jays,28,425,108.9,Rogers Centre,1,TOR
Jake Bauers,26-06-30,Brewers,28,425,106.1,American Family Field,1,MIL
JJ Wetherholt,26-03-26,Cardinals,28,425,101.7,Busch Stadium,1,STL
Byron Buxton,26-06-12,Twins,27,425,108.5,Target Field,1,MIN
Harrison Bader,26-05-23,Giants,27,425,105.8,Oracle Park,1,SFG
Garrett Mitchell,26-06-13,Brewers,26,425,105.8,American Family Field,1,MIL
Junior Caminero,26-09-05,Rays,24,425,107.5,Globe Life Park,1,TEX
Jonah Heim,26-05-03,Braves,23,425,104.6,Coors Field,1,COL
Tyler O'Neill,26-08-09,Orioles,23,425,108.2,Globe Life Park,1,TEX
Kerry Carpenter,26-04-05,Tigers,13,425,103.3,Comerica Park,1,DET
Salvador Perez,26-08-01,Royals,13,425,104.2,Coors Field,1,COL
Hunter Goodman,26-07-19,Rockies,10,425,104.5,Coors Field,1,COL
Justin Foscue,26-05-18,Rangers,8,425,103.9,Coors Field,1,COL
Brandon Nimmo,26-05-19,Rangers,5,425,104.6,Coors Field,1,COL
Munetaka Murakami,26-04-19,White Sox,30,425,114.1,Sutter Health Park,1,ATH
Christian Walker,26-09-25,Astros,30,425,106.1,Sutter Health Park,1,ATH
Jeremy Pena,26-09-26,Astros,30,425,109,Sutter Health Park,1,ATH
Colson Montgomery,26-07-31,White Sox,30,425,107.4,Tropicana Field,1,TBR
Yordan Alvarez,26-07-11,Astros,27,425,112.8,Globe Life Park,1,TEX
Colby Thomas,26-06-30,Athletics,30,424,104.9,Sutter Health Park,1,ATH
Aaron Judge,26-04-28,Yankees,30,424,112.7,Globe Life Park,1,TEX
Ketel Marte,26-05-23,Diamondbacks,30,424,112.4,Chase Field,1,ARI
Matt Wallner,26-03-30,Twins,30,424,108.7,Kauffman Stadium,1,KCR
Jordan Lawlar,26-04-02,Diamondbacks,30,424,105.5,Chase Field,1,ARI
Xander Bogaerts,26-05-06,Padres,30,424,104.8,Oracle Park,1,SFG
Colton Cowser,26-05-31,Orioles,30,424,108,Camden Yards,1,BAL
Trevor Larnach,26-05-29,Twins,30,424,107.7,PNC Park,1,PIT
Jeremy Pena,26-05-28,Astros,30,424,108.8,Globe Life Park,1,TEX
Jared Young,26-06-01,Mets,30,424,107.2,T-Mobile Park,1,SEA
Casey Schmitt,26-06-05,Giants,30,424,101.9,Wrigley Field,1,CHC
Trent Grisham,26-06-05,Yankees,30,424,108.3,Yankee Stadium,1,NYY
Curtis Mead,26-06-16,Nationals,30,424,104.6,Nationals Park,1,WSH
Rafael Devers,26-06-30,Giants,30,424,111.3,Chase Field,1,ARI
Riley Greene,26-06-30,Tigers,30,424,107.6,Yankee Stadium,1,NYY
Derek Hill,26-07-20,White Sox,30,424,105.7,Citizens Bank Park,1,PHI
Christian Encarnacion-Strand,26-07-22,Orioles,30,424,105.9,Fenway Park,1,BOS
Marcus Semien,26-07-27,Mets,30,424,105.3,Citi Field,1,NYM
Jake Bauers,26-07-31,Brewers,30,424,109.8,Angel Stadium,1,LAA
Rhys Hoskins,26-08-01,Blue Jays,30,424,105,Progressive Field,1,CLE
Michael Busch,26-06-30,Cubs,30,424,104.5,Wrigley Field,1,CHC
Alec Burleson,26-06-11,Cardinals,30,424,107.5,Citi Field,1,NYM
Ian Happ,26-06-10,Cubs,30,424,98.2,Coors Field,1,COL
Michael Busch,26-06-09,Cubs,30,424,105.6,Coors Field,1,COL
Ian Happ,26-05-14,Cubs,30,424,107.6,Truist Park,1,ATL
Chase Delauter,26-08-11,Guardians,30,424,104.6,Comerica Park,1,DET
Kazuma Okamoto,26-09-07,Blue Jays,30,424,109.8,Sutter Health Park,1,ATH
Jarren Duran,26-04-13,Red Sox,30,424,112.2,Target Field,1,MIN
Trevor Story,26-05-13,Red Sox,30,424,106.6,Fenway Park,1,BOS
Griffin Conine,26-07-29,Marlins,30,424,107.8,loanDepot Park,1,MIA
Trea Turner,26-06-29,Phillies,30,424,104,Citizens Bank Park,1,PHI
Hunter Goodman,26-08-01,Rockies,30,424,100.9,Coors Field,1,COL
Jose Trevino,26-07-18,Reds,30,424,101,Coors Field,1,COL
Carter Jensen,26-07-31,Royals,30,424,102.5,Coors Field,1,COL
Hector Rodriguez,26-08-22,Reds,30,424,110.7,Chase Field,1,ARI
Jake Burger,26-08-25,Rangers,30,424,110.2,Rate Field,1,CWS
Oneil Cruz,26-08-21,Pirates,30,424,112.8,Dodger Stadium,1,LAD
Cole Carrigg,26-09-14,Rockies,30,424,100.2,Coors Field,1,COL
Pete Crow-Armstrong,26-07-29,Cubs,30,424,109.1,Busch Stadium,1,STL
Daniel Schneeman,26-04-14,Guardians,30,424,105.6,Busch Stadium,1,STL
Pavin Smith,26-09-16,Diamondbacks,30,424,109.7,Chase Field,1,ARI
Leo Bernal,26-09-20,Cardinals,30,424,108.5,Busch Stadium,1,STL
George Lombard Jr,26-09-20,Yankees,30,424,108.7,Chase Field,1,ARI
Kyle Tucker,26-06-03,Dodgers,29,424,107.6,Chase Field,1,ARI
Sal Stewart,26-04-20,Reds,29,424,108.5,Tropicana Field,1,TBR
Dillon Dingler,26-08-05,Tigers,28,424,109.3,T-Mobile Park,1,SEA
Shohei Ohtani,26-05-27,Dodgers,27,424,111.3,Dodger Stadium,1,LAD
Willy Adames,26-06-16,Giants,27,424,104.8,Truist Park,1,ATL
Joe Mack,26-06-14,Marlins,27,424,102.3,PNC Park,1,PIT
Ketel Marte,26-06-28,Diamondbacks,27,424,106.3,Tropicana Field,1,TBR
Dansby Swanson,26-04-20,Cubs,26,424,110.3,Wrigley Field,1,CHC
Salvador Perez,26-08-22,Royals,25,424,106.3,Kauffman Stadium,1,KCR
Justin Foscue,26-09-02,Rangers,25,424,107.3,Globe Life Park,1,TEX
Mickey Moniak,26-06-30,Rockies,21,424,99.5,Coors Field,1,COL
Joe Mack,26-07-01,Marlins,12,424,103.6,Coors Field,1,COL
Kyle Karros,26-09-16,Rockies,9,424,101.2,Coors Field,1,COL
Hunter Goodman,26-06-07,Rockies,3,424,99.9,Coors Field,1,COL
Kyle Teel,26-09-24,White Sox,30,424,105.6,Kauffman Stadium,1,KCR
Yordan Alvarez,26-04-30,Astros,30,424,107.4,Camden Yards,1,BAL
Yordan Alvarez,26-07-04,Astros,30,424,108.3,Daikin Park,1,HOU
Luis Garcia Jr.,26-08-03,Nationals,30,424,109,Yankee Stadium,1,NYY
Hector Rodriguez,26-09-24,Reds,30,423,108.8,Truist Park,1,ATL
Corbin Carroll,26-09-14,Diamondbacks,30,423,108.4,Chase Field,1,ARI
TJ Rumfield,26-03-28,Rockies,30,423,106.6,loanDepot Park,1,MIA
Troy Johnston,26-03-30,Rockies,30,423,106.3,Rogers Centre,1,TOR
Willson Contreras,26-04-03,Red Sox,30,423,108.7,Fenway Park,1,BOS
Logan O'Hoppe,26-06-10,Angels,30,423,107.7,Angel Stadium,1,LAA
Jahmai Jones,26-04-19,Tigers,30,423,109,Fenway Park,1,BOS
Matt Olson,26-04-15,Braves,30,423,106.8,Truist Park,1,ATL
Ramon Laureano,26-03-26,Padres,30,423,106,Petco Park,1,SDP
Victor Caratini,26-04-13,Twins,30,423,106,Target Field,1,MIN
Michael Harris,26-05-26,Braves,30,423,104.1,Fenway Park,1,BOS
Yohendrick Pinango,26-06-07,Blue Jays,30,423,108,Rogers Centre,1,TOR
Kazuma Okamoto,26-06-12,Blue Jays,30,423,111.4,Rogers Centre,1,TOR
Bryce Eldridge,26-08-11,Giants,30,423,106.4,Oracle Park,1,SFG
Matt Olson,26-08-11,Braves,30,423,109.3,Truist Park,1,ATL
Pete Alonso,26-08-19,Orioles,30,423,109.9,Camden Yards,1,BAL
Marcell Ozuna,26-04-16,Pirates,30,423,109.6,PNC Park,1,PIT
TJ Rumfield,26-05-03,Rockies,30,423,103.9,Coors Field,1,COL
Joc Pederson,26-05-27,Rangers,30,423,103.3,Globe Life Park,1,TEX
Kyle Schwarber,26-06-10,Phillies,30,423,108.3,Rogers Centre,1,TOR
Edouard Julien,26-07-08,Rockies,30,423,106.2,Dodger Stadium,1,LAD
Hector Rodriguez,26-08-26,Reds,30,423,115.2,Oracle Park,1,SFG
Cole Young,26-04-25,Mariners,30,423,109.9,Busch Stadium,1,STL
Jackson Merrill,26-06-17,Padres,30,423,106.2,Busch Stadium,1,STL
Henry Davis,26-09-17,Pirates,30,423,110.2,PNC Park,1,PIT
Jackson Chourio,26-06-04,Brewers,29,423,105.5,American Family Field,1,MIL
Joc Pederson,26-07-20,Rangers,29,423,105.9,Globe Life Park,1,TEX
Carter Jensen,26-09-11,Royals,29,423,110,Fenway Park,0,BOS
Brady House,26-04-06,Nationals,28,423,110,Nationals Park,1,WSH
Freddie Freeman,26-06-22,Dodgers,28,423,104.2,Target Field,1,MIN
Spencer Jones,26-09-15,Yankees,28,423,108,Target Field,1,MIN
Jackson Merrill,26-07-03,Padres,27,423,106.1,Dodger Stadium,1,LAD
Jackson Chourio,26-08-07,Brewers,27,423,107.6,American Family Field,1,MIL
Heriberto Hernandez,26-07-24,Marlins,27,423,110.8,loanDepot Park,1,MIA
Trea Turner,26-04-15,Phillies,20,423,105.2,Citizens Bank Park,1,PHI
Junior Caminero,26-07-17,Rays,18,423,111.6,Fenway Park,1,BOS
Jake McCarthy,26-08-31,Rockies,11,423,102.9,Coors Field,0,COL
Colson Montgomery,26-04-22,White Sox,30,423,105.8,Chase Field,1,ARI
CJ Abrams,26-07-21,Nationals,22,423,99.5,Coors Field,1,COL
Munetaka Murakami,26-09-17,White Sox,30,423,109.1,Rate Field,1,CWS
Gavin Sheets,26-09-27,Padres,28,423,105.9,Petco Park,1,SDP
Max Muncy (D),26-06-29,Dodgers,29,422,104,Sutter Health Park,1,ATH
Corey Seager,26-04-01,Rangers,30,422,101.8,Camden Yards,1,BAL
Oneil Cruz,26-04-12,Pirates,30,422,111,Wrigley Field,1,CHC
Chase Delauter,26-03-26,Guardians,30,422,111.1,T-Mobile Park,1,SEA
Christian Walker,26-05-16,Astros,30,422,109.1,Daikin Park,1,HOU
Brent Rooker,26-05-01,Athletics,30,422,108.9,Sutter Health Park,1,ATH
Gavin Sheets,26-04-27,Padres,30,422,108.6,Petco Park,1,SDP
Christian Walker,26-04-14,Astros,30,422,106.2,Daikin Park,1,HOU
Xavier Edwards,26-05-09,Marlins,30,422,105.6,loanDepot Park,1,MIA
Ildemaro Vargas,26-05-12,Diamondbacks,30,422,103.9,Globe Life Park,1,TEX
Jared Young,26-06-05,Mets,30,422,111.1,Petco Park,1,SDP
Coby Mayo,26-06-09,Orioles,30,422,110.2,Camden Yards,1,BAL
Sam Antonacci,26-06-17,White Sox,30,422,105.1,Yankee Stadium,1,NYY
Riley Greene,26-06-22,Tigers,30,422,107.5,Comerica Park,1,DET
Taylor Trammell,26-06-25,Astros,30,422,110.5,Comerica Park,1,DET
Kevin McGonigle,26-07-01,Tigers,30,422,102.5,Yankee Stadium,1,NYY
Jackson Merrill,26-08-02,Padres,30,422,105,Petco Park,1,SDP
Corbin Carroll,26-08-11,Diamondbacks,30,422,105.3,Chase Field,1,ARI
Angel Martinez,26-08-07,Guardians,30,422,106.4,Rate Field,1,CWS
Bo Bichette,26-08-04,Mets,30,422,107.5,Progressive Field,1,CLE
Donovan Walton,26-08-22,Angels,30,422,103.4,Daikin Park,1,HOU
Vinnie Pasquantino,26-04-22,Royals,30,422,108.1,Kauffman Stadium,1,KCR
Mickey Moniak,26-05-03,Rockies,30,422,104,Coors Field,1,COL
Bobby Witt,26-05-04,Royals,30,422,107.1,Kauffman Stadium,1,KCR
Heriberto Hernandez,26-07-05,Marlins,30,422,104.5,Sutter Health Park,1,ATH
Salvador Perez,26-05-25,Royals,30,422,107.3,Kauffman Stadium,1,KCR
Heriberto Hernandez,26-07-07,Marlins,30,422,110.4,loanDepot Park,1,MIA
Brandon Lowe,26-05-15,Pirates,30,422,107.1,PNC Park,1,PIT
J.T. Realmuto,26-06-03,Phillies,30,422,104.4,Citizens Bank Park,1,PHI
Bryan Reynolds,26-05-29,Pirates,30,422,110,PNC Park,1,PIT
Ryan Vilade,26-06-15,Rays,30,422,109.7,Dodger Stadium,1,LAD
Eugenio Suarez,26-06-07,Reds,30,422,104.1,Nationals Park,1,WSH
Bryan Reynolds,26-06-09,Pirates,30,422,111.6,PNC Park,1,PIT
Jarren Duran,26-07-05,Red Sox,30,422,103.6,Angel Stadium,1,LAA
Wyatt Langford,26-07-19,Rangers,30,422,105.2,Truist Park,1,ATL
Joey Bart,26-07-08,Pirates,30,422,106.3,PNC Park,1,PIT
Wilyer Abreu,26-07-17,Red Sox,30,422,106.6,Fenway Park,1,BOS
Michael Massey,26-08-05,Royals,30,422,103.3,Kauffman Stadium,1,KCR
Junior Caminero,26-08-03,Rays,30,422,109.1,Coors Field,1,COL
Rafael Flores Jr,26-08-19,Pirates,30,422,106.4,PNC Park,1,PIT
Will Smith,26-09-19,Dodgers,30,422,105.4,Dodger Stadium,1,LAD
Yohandy Morales,26-09-23,Nationals,30,422,107.1,Comerica Park,1,DET
Victor Bericoto,26-07-01,Giants,29,422,102.7,Chase Field,1,ARI
Petey Halpin,26-08-21,Guardians,29,422,100.5,Coors Field,1,COL
Sal Stewart,26-08-19,Reds,29,422,108.2,Great American Ball Park,1,CIN
Ben Rice,26-07-09,Yankees,28,422,103.9,Tropicana Field,1,TBR
Lawrence Butler,26-07-29,Athletics,28,422,103.4,Sutter Health Park,1,ATH
Junior Caminero,26-06-01,Rays,28,422,110.4,Tropicana Field,1,TBR
Oneil Cruz,26-08-18,Pirates,28,422,107.7,PNC Park,1,PIT
Andres Chaparro,26-09-15,Nationals,28,422,106.9,Nationals Park,1,WSH
Bryan Reynolds,26-06-14,Pirates,27,422,105.3,PNC Park,1,PIT
Matt Olson,26-08-06,Braves,26,422,105.7,Truist Park,1,ATL
Wilyer Abreu,26-07-30,Red Sox,26,422,102.6,Sutter Health Park,1,ATH
Rowdy Tellez,26-06-21,Braves,25,422,105.8,Truist Park,1,ATL
Corbin Carroll,26-04-22,Diamondbacks,25,422,107,Chase Field,0,ARI
Evan Carter,26-07-02,Rangers,25,422,104.4,Globe Life Park,1,TEX
Griffin Conine,26-08-18,Marlins,24,422,109.4,Citizens Bank Park,1,PHI
Carson Kelly,26-04-14,Cubs,23,422,103.3,Citizens Bank Park,1,PHI
Willi Castro,26-08-01,Rockies,9,422,102.7,Coors Field,1,COL
Joshua Baez,26-09-05,Cardinals,1,422,109.1,Coors Field,1,COL
Yordan Alvarez,26-04-22,Astros,30,422,108.8,Progressive Field,1,CLE
Yordan Alvarez,26-05-14,Astros,30,422,110.7,Daikin Park,1,HOU
Yordan Alvarez,26-05-26,Astros,30,422,110.1,Globe Life Park,1,TEX
CJ Abrams,26-07-19,Nationals,26,422,105,Sutter Health Park,1,ATH
Ezequiel Tovar,26-09-26,Rockies,30,422,105.7,Rate Field,1,CWS
Rafael Flores Jr,26-09-25,Pirates,30,422,105.1,Comerica Park,1,DET
David Fry,26-09-25,Guardians,30,422,104.3,Kauffman Stadium,1,KCR
Yordan Alvarez,26-04-18,Astros,29,421,116.2,Daikin Park,1,HOU
Max Muncy (D),26-07-21,Dodgers,25,421,102.4,Citizens Bank Park,1,PHI
Alec Burleson,26-08-16,Cardinals,30,421,105.8,Wrigley Field,1,CHC
Jackson Merrill,26-08-08,Padres,30,421,106.7,Petco Park,1,SDP
Zach Neto,26-06-16,Angels,30,421,108,Chase Field,1,ARI
Christian Yelich,26-03-29,Brewers,30,421,111.1,American Family Field,1,MIL
Miguel Vargas,26-05-16,White Sox,30,421,108.4,Rate Field,1,CWS
Spencer Torkelson,26-04-26,Tigers,30,421,107.3,Great American Ball Park,1,CIN
Luis Campusano,26-04-26,Padres,30,421,105.9,Mexico City,1,MEX
Drew Gilbert,26-05-30,Giants,30,421,105.9,Coors Field,1,COL
Yohendrick Pinango,26-05-31,Blue Jays,30,421,107.8,Camden Yards,1,TOR
Pete Alonso,26-06-06,Orioles,30,421,107.7,Rogers Centre,1,TOR
Mark Vientos,26-06-16,Mets,30,421,109.6,Great American Ball Park,1,CIN
Matt Chapman,26-06-10,Giants,30,421,107,Oracle Park,1,SFG
Geraldo Perdomo,26-06-26,Diamondbacks,30,421,103.3,Tropicana Field,1,TBR
Taylor Trammell,26-06-23,Astros,30,421,108.3,Rogers Centre,1,TOR
Mookie Betts,26-07-20,Dodgers,30,421,101.9,Citizens Bank Park,1,PHI
Ty France,26-07-17,Padres,30,421,105.2,Kauffman Stadium,1,KCR
Ronald Acuna Jr,26-07-30,Braves,30,421,104.9,Truist Park,1,ATL
Michael Harris,26-07-31,Braves,30,421,112.8,Truist Park,1,ATL
Royce Lewis,26-08-06,Twins,30,421,104.2,Kauffman Stadium,1,KCR
Fernando Tatis Jr,26-08-09,Padres,30,421,110.6,Petco Park,1,SDP
Gleybar Torres,26-08-12,Tigers,30,421,105.5,Comerica Park,1,DET
Michael Busch,26-08-18,Cubs,30,421,102.9,Wrigley Field,1,CHC
Ty France,26-08-21,Padres,30,421,107.4,Petco Park,1,SDP
Jac Caglianone,26-05-04,Royals,30,421,104.2,Kauffman Stadium,1,KCR
Victor Mesa Jr,26-05-25,Rays,30,421,105.9,Camden Yards,1,BAL
Jac Caglianone,26-06-09,Royals,30,421,107.9,Kauffman Stadium,1,KCR
Jake Burger,26-06-13,Rangers,30,421,107.3,Fenway Park,1,BOS
Wilyer Abreu,26-06-12,Red Sox,30,421,106.1,Fenway Park,1,BOS
Ryan O'Hearn,26-06-28,Pirates,30,421,105.9,PNC Park,1,PIT
Willson Contreras,26-06-29,Red Sox,30,421,104.5,Fenway Park,1,BOS
Lane Thomas,26-07-18,Royals,30,421,103.8,Kauffman Stadium,1,KCR
Willson Contreras,26-07-04,Red Sox,30,421,108.9,Angel Stadium,1,LAA
Wyatt Langford,26-08-15,Rangers,30,421,105.1,Sutter Health Park,1,ATH
Carter Jensen,26-08-27,Royals,30,421,107.5,Rogers Centre,1,TOR
Elias Diaz,26-08-23,Rangers,30,421,103.7,Globe Life Park,1,TEX
Evan Carter,26-09-05,Rangers,30,421,105.9,Globe Life Park,1,TEX
Bryan Reynolds,26-09-05,Pirates,30,421,108.8,PNC Park,1,PIT
Cam Smith,26-09-10,Astros,30,421,105.7,Citizens Bank Park,1,PHI
Fernando Tatis Jr,26-09-12,Padres,30,421,112,Oracle Park,1,SFG
Justin Crawford,26-09-12,Phillies,30,421,104.7,Truist Park,1,PHI
Leo Bernal,26-09-12,Cardinals,30,421,106.2,Busch Stadium,1,STL
J.P. Crawford,26-09-18,Mariners,30,421,104.5,Coors Field,1,COL
Nolan Arenado,26-09-22,Diamondbacks,30,421,106.2,Coors Field,1,COL
Dalton Rushing,26-04-20,Dodgers,29,421,102.3,Coors Field,1,COL
Jonah Heim,26-06-04,Braves,29,421,103.4,Wrigley Field,1,CHC
Ryan Kreidler,26-06-28,Twins,29,421,105.2,Target Field,1,MIN
Carter Jensen,26-06-30,Royals,29,421,106.2,Kauffman Stadium,1,KCR
Mickey Moniak,26-07-21,Rockies,29,421,101.2,Coors Field,1,COL
Bryce Harper,26-04-03,Phillies,28,421,108.9,Coors Field,1,COL
Michael Busch,26-04-23,Cubs,28,421,106,Wrigley Field,1,CHC
Jonah Cox,26-08-26,Giants,28,421,103.7,Oracle Park,1,SFG
Ronny Mauricio,26-05-01,Mets,27,421,111.3,Angel Stadium,1,LAA
Esmerlyn Valdez,26-07-11,Pirates,27,421,108.1,PNC Park,1,PIT
Dominic Canzone,26-07-09,Mariners,26,421,106.1,loanDepot Park,1,MIA
Adolis Garcia,26-05-06,Phillies,26,421,106,Citizens Bank Park,1,PHI
Carter Jensen,26-04-22,Royals,25,421,106.3,Kauffman Stadium,1,KCR
Jackson Chourio,26-07-05,Brewers,25,421,108.6,Chase Field,0,ARI
Matt Mclain,26-04-24,Reds,25,421,106.8,Great American Ball Park,1,CIN
Hunter Feduccia,26-05-20,Rays,25,421,107.2,Tropicana Field,1,TBR
Michael Harris,26-05-19,Braves,23,421,110.1,loanDepot Park,1,MIA
Drake Baldwin,26-05-16,Braves,23,421,106.2,Truist Park,1,ATL
Garrett Mitchell,26-05-26,Brewers,23,421,105.7,American Family Field,1,MIL
Shea Langeliers,26-06-08,Athletics,23,421,108,Vegas Minor League,1,ATHH
Jonah Heim,26-09-02,Braves,19,421,105,T-Mobile Park,1,SEA
Spencer Steer,26-07-17,Reds,14,421,102.4,Coors Field,1,COL
Hunter Goodman,26-06-14,Rockies,1,421,106.4,Vegas Minor League,1,ATHH
Austin Riley,26-09-24,Braves,27,421,106.4,Truist Park,1,ATL
Brice Turang,26-09-26,Brewers,27,421,105.3,American Family Field,1,MIL
Luis Garcia Jr.,26-07-22,Nationals,20,421,102.9,Coors Field,1,COL
Max Muncy (D),26-09-18,Dodgers,30,420,106.1,Dodger Stadium,1,LAD
Max Muncy (D),26-05-10,Dodgers,30,420,109.6,Dodger Stadium,1,LAD
Michael Harris,26-07-23,Braves,30,420,109.6,Truist Park,1,ATL
Coby Mayo,26-07-08,Orioles,30,420,113,Camden Yards,1,BAL
Carson Benge,26-06-20,Mets,30,420,105.4,Citizens Bank Park,1,PHI
Andrew Vaughn,26-09-03,Brewers,30,420,105.5,Wrigley Field,1,CHC
Tyler Soderstrom,26-04-11,Athletics,30,420,109.6,Citi Field,1,NYM
Matt Wallner,26-05-06,Twins,30,420,108.9,Nationals Park,1,WSH
Ildemaro Vargas,26-04-22,Diamondbacks,30,420,107.1,Chase Field,1,ARI
Amed Rosario,26-05-26,Yankees,30,420,101.2,Kauffman Stadium,1,KCR
Kevin McGonigle,26-06-07,Tigers,30,420,109.4,Comerica Park,1,DET
Jose Caballero,26-06-14,Yankees,30,420,104.9,Rogers Centre,1,TOR
Randal Grichuk,26-06-19,Yankees,30,420,102.2,Comerica Park,1,DET
AJ Ewing,26-06-24,Mets,30,420,104.7,Citi Field,1,NYM
Otto Lopez,26-07-05,Marlins,30,420,105.7,Sutter Health Park,1,ATH
Mike Yastrzemski,26-07-04,Braves,30,420,105.7,Truist Park,1,ATL
Casey Schmitt,26-07-09,Giants,30,420,104.4,Oracle Park,1,SFG
Spencer Torkelson,26-07-18,Tigers,30,420,107.5,Angel Stadium,1,LAA
Matt Olson,26-07-17,Braves,30,420,110.7,Truist Park,1,ATL
Esteury Ruiz,26-07-19,Marlins,30,420,108,American Family Field,1,MIL
Francisco Lindor,26-07-19,Mets,30,420,106.7,Citizens Bank Park,1,PHI
Patrick Bailey,26-07-23,Giants,30,420,109.2,Progressive Field,1,CLE
Jasson Dominguez,26-07-25,Yankees,30,420,105.6,Citizens Bank Park,1,PHI
Francisco Lindor,26-08-10,Mets,30,420,107.7,Truist Park,1,ATL
Daylen Lile,26-08-24,Nationals,30,420,105.2,Nationals Park,1,WSH
Pete Alonso,26-09-08,Orioles,30,420,107.1,Camden Yards,1,BAL
Spencer Steer,26-06-02,Reds,30,420,106.3,Great American Ball Park,1,CIN
Jahmai Jones,26-09-01,Tigers,30,420,111.9,Fenway Park,1,BOS
Ryan Jeffers,26-08-31,Twins,30,420,104.6,Target Field,1,MIN
Nathaniel Lowe,26-07-19,Reds,30,420,106.9,Coors Field,1,COL
Ezequiel Duran,26-07-26,Rangers,30,420,106.3,Globe Life Park,1,TEX
Ryan Vilade,26-07-29,Rays,30,420,107.8,Tropicana Field,1,TBR
Sal Stewart,26-08-02,Reds,30,420,104.8,Great American Ball Park,1,CIN
Matt Mclain,26-08-07,Reds,30,420,105.5,Nationals Park,1,WSH
Jarren Duran,26-08-02,Red Sox,30,420,106.2,Dodger Stadium,1,LAD
Vinnie Pasquantino,26-08-21,Royals,30,420,106.4,Kauffman Stadium,1,KCR
Jake Mangum,26-08-09,Pirates,30,420,104.6,PNC Park,1,PIT
Wilyer Abreu,26-08-15,Red Sox,30,420,110.8,PNC Park,1,PIT
Jake McCarthy,26-08-08,Rockies,30,420,104,Busch Stadium,1,STL
Jakob Marsee,26-09-16,Marlins,30,420,103.9,Chase Field,1,ARI
Oneil Cruz,26-09-20,Pirates,30,420,104.5,PNC Park,1,PIT
Jake Bauers,26-05-09,Brewers,29,420,107,American Family Field,1,MIL
Garrett Mitchell,26-04-04,Brewers,29,420,106.1,Kauffman Stadium,1,KCR
Byron Buxton,26-04-13,Twins,29,420,105.4,Target Field,1,MIN
Rafael Devers,26-07-05,Giants,29,420,108,Coors Field,1,COL
Lars Nootbaar,26-08-19,Cardinals,29,420,110.5,Fenway Park,1,BOS
Grant McCray,26-09-05,Giants,29,420,104.8,Citi Field,1,NYM
Brandon Marsh,26-06-25,Phillies,29,420,103.6,Nationals Park,1,WSH
Kazuma Okamoto,26-03-29,Blue Jays,28,420,110.4,Rogers Centre,1,TOR
Colton Cowser,26-08-14,Orioles,28,420,103,Tropicana Field,1,TBR
Pete Crow-Armstrong,26-08-05,Cubs,27,420,101.5,Wrigley Field,1,CHC
Kazuma Okamoto,26-06-25,Blue Jays,27,420,108.1,Rogers Centre,1,TOR
Byron Buxton,26-06-13,Twins,27,420,106.5,Target Field,1,MIN
AJ Ewing,26-07-08,Mets,27,420,105.5,Citi Field,1,NYM
Oneil Cruz,26-05-30,Pirates,27,420,106.1,PNC Park,1,PIT
Emmanuel Rodriguez,26-09-12,Twins,27,420,111.1,Target Field,1,MIN
Pete Alonso,26-07-11,Orioles,26,420,103.9,Camden Yards,1,BAL
Garrett Mitchell,26-08-20,Brewers,26,420,107.6,American Family Field,1,MIL
Jac Caglianone,26-08-08,Royals,26,420,111,Kauffman Stadium,1,KCR
Carson Williams,26-08-11,Rays,25,420,104.6,Sutter Health Park,1,ATH
Garrett Mitchell,26-09-11,Brewers,25,420,105.7,American Family Field,1,MIL
Garrett Mitchell,26-07-04,Brewers,23,420,108,Chase Field,0,ARI
Adrian Del Castillo,26-04-15,Diamondbacks,19,420,103.3,Camden Yards,1,BAL
Shea Langeliers,26-03-28,Athletics,18,420,109.7,Rogers Centre,1,TOR
Andrew Vaughn,26-06-08,Brewers,3,420,101.1,Vegas Minor League,1,ATHH
CJ Abrams,26-07-20,Nationals,27,420,100.9,Coors Field,1,COL
Colson Montgomery,26-06-18,White Sox,30,420,107.2,Yankee Stadium,1,NYY
Max Muncy (D),26-04-17,Dodgers,30,419,105.2,Coors Field,1,COL
Max Muncy (D),26-04-20,Dodgers,30,419,100.8,Coors Field,1,COL
Byron Buxton,26-05-22,Twins,30,419,109.4,Fenway Park,1,BOS
Jo Adell,26-05-20,Angels,30,419,107.7,Angel Stadium,1,LAA
Jake Bauers,26-05-18,Brewers,30,419,106.2,Wrigley Field,1,CHC
Paul Goldschmidt,26-05-09,Yankees,30,419,105.1,American Family Field,1,MIL
Kody Clemens,26-05-13,Twins,30,419,103.9,Target Field,1,MIN
Gunnar Henderson,26-05-27,Orioles,30,419,109.9,Camden Yards,1,BAL
Cam Smith,26-05-29,Astros,30,419,107.5,Daikin Park,1,HOU
Davis Schneider,26-06-16,Blue Jays,30,419,105.7,Fenway Park,1,BOS
Colt Keith,26-06-11,Tigers,30,419,101.5,Comerica Park,1,DET
Taylor Ward,26-06-22,Orioles,30,419,105.7,Angel Stadium,1,LAA
Javier Sanoja,26-06-30,Marlins,30,419,98.7,Coors Field,1,COL
Teoscar Hernandez,26-07-03,Dodgers,30,419,106.6,Dodger Stadium,1,LAD
Royce Lewis,26-07-11,Twins,30,419,107.7,Target Field,1,MIN
Andy Pages,26-07-10,Dodgers,30,419,105.1,Dodger Stadium,1,LAD
Jackson Merrill,26-07-19,Padres,30,419,104.8,Kauffman Stadium,1,KCR
Pete Alonso,26-07-26,Orioles,30,419,109.4,Camden Yards,1,BAL
Royce Lewis,26-07-31,Twins,30,419,107.3,T-Mobile Park,1,SEA
Pete Crow-Armstrong,26-07-08,Cubs,30,419,106.7,Camden Yards,1,BAL
Alec Burleson,26-06-12,Cardinals,30,419,108.8,Target Field,1,MIN
Braden Montgomery,26-08-22,White Sox,30,419,109,Rate Field,1,CWS
Tyrone Taylor,26-08-31,Cubs,30,419,101.8,Wrigley Field,1,CHC
Bobby Witt,26-06-18,Royals,30,419,105.1,Kauffman Stadium,1,KCR
Oneil Cruz,26-06-02,Pirates,30,419,111.2,Daikin Park,1,HOU
Willson Contreras,26-06-05,Red Sox,30,419,112.8,Yankee Stadium,1,NYY
Joc Pederson,26-07-18,Rangers,30,419,104.3,Truist Park,1,ATL
Sal Stewart,26-08-13,Reds,30,419,110.2,Rate Field,1,CWS
Wilyer Abreu,26-08-04,Red Sox,30,419,105,Fenway Park,1,BOS
Braden Montgomery,26-09-04,White Sox,30,419,109.1,Rate Field,1,CWS
Ezequiel Duran,26-09-04,Rangers,30,419,104.2,Globe Life Park,1,TEX
Nolan Gorman,26-03-30,Cardinals,30,419,110.3,Busch Stadium,1,STL
Bo Bichette,26-09-20,Mets,30,419,105.6,Citi Field,1,NYM
Matt Olson,26-04-20,Braves,29,419,108.6,Nationals Park,1,WSH
Ryan Jeffers,26-04-10,Twins,29,419,107.7,Rogers Centre,1,TOR
Jake Meyers,26-06-13,Astros,29,419,99.8,Kauffman Stadium,1,KCR
Braden Montgomery,26-08-07,White Sox,29,419,105.7,Rate Field,1,CWS
Bryce Harper,26-06-02,Phillies,29,419,105.6,Citizens Bank Park,1,PHI
Bryce Harper,26-08-02,Phillies,29,419,100.9,Camden Yards,1,BAL
Tyrone Taylor,26-04-04,Mets,28,419,105.1,Oracle Park,1,SFG
Seiya Suzuki,26-07-20,Cubs,28,419,105,Wrigley Field,1,CHC
Brice Turang,26-07-09,Brewers,28,419,103.4,Busch Stadium,1,STL
Leody Taveras,26-04-20,Orioles,27,419,105.8,Kauffman Stadium,1,KCR
Adley Rutschman,26-05-18,Orioles,27,419,103,Tropicana Field,1,TBR
Seiya Suzuki,26-05-08,Cubs,27,419,110.2,Globe Life Park,1,TEX
Matt Mclain,26-04-24,Reds,27,419,106.3,Great American Ball Park,1,CIN
Pedro Pages,26-05-15,Cardinals,27,419,108.9,Busch Stadium,1,STL
Jorge Soler,26-07-26,Angels,26,419,105.6,Oracle Park,1,SFG
Jac Caglianone,26-06-01,Royals,26,419,108.1,Great American Ball Park,1,CIN
Bryce Harper,26-04-11,Phillies,25,419,111.5,Citizens Bank Park,1,PHI
Ronald Acuna Jr,26-08-01,Braves,25,419,103.9,Truist Park,1,ATL
Corbin Carroll,26-08-28,Diamondbacks,25,419,106.4,Oracle Park,1,SFG
Jackson Chourio,26-09-18,Brewers,25,419,107.5,Camden Yards,1,BAL
Brian Serven,26-07-28,Athletics,24,419,101.5,Sutter Health Park,1,ATH
Vladimir Guerrero Jr.,26-07-08,Blue Jays,24,419,108.3,Oracle Park,1,SFG
Michael Harris,26-07-03,Braves,24,419,107.1,Truist Park,1,ATL
Drake Baldwin,26-07-17,Braves,24,419,105.5,Truist Park,1,ATL
Drake Baldwin,26-09-09,Braves,24,419,103.1,Truist Park,1,ATL
Bryce Harper,26-07-27,Phillies,24,419,109.6,loanDepot Park,1,MIA
Michael Harris,26-05-15,Braves,23,419,104.6,Truist Park,1,ATL
Alec Bohm,26-07-01,Phillies,23,419,103,Citizens Bank Park,1,PHI
Jared Triolo,26-06-29,Pirates,23,419,103.5,Citizens Bank Park,1,PHI
Jonah Heim,26-07-27,Athletics,22,419,103.4,Sutter Health Park,1,ATH
William Contreras,26-04-30,Brewers,22,419,105.9,American Family Field,1,MIL
Ezequiel Duran,26-07-09,Rangers,22,419,104,Globe Life Park,1,TEX
Trevor Larnach,26-06-18,Twins,15,419,103,Globe Life Park,1,TEX
Heriberto Hernandez,26-09-02,Marlins,14,419,105.2,Kauffman Stadium,0,KCR
Kyle Schwarber,26-04-05,Phillies,13,419,107.8,Coors Field,0,COL
Teoscar Hernandez,26-08-18,Dodgers,6,419,104.6,Coors Field,0,COL
Hunter Goodman,26-04-22,Rockies,4,419,101.9,Coors Field,0,COL
Salvador Perez,26-09-24,Royals,25,419,110.1,Kauffman Stadium,1,KCR
Nolan Arenado,26-09-24,Diamondbacks,30,419,102.5,Coors Field,1,COL
Geraldo Perdomo,26-09-24,Diamondbacks,8,419,101.4,Coors Field,0,COL
Colson Montgomery,26-04-19,White Sox,28,419,104.6,Sutter Health Park,1,ATH
Yordan Alvarez,26-06-12,Astros,24,419,108.7,Kauffman Stadium,1,KCR
James Wood,26-06-05,Nationals,28,419,105.9,Chase Field,1,ARI
Yordan Alvarez,26-07-20,Astros,30,419,108.3,Daikin Park,1,HOU
James Wood,26-07-07,Nationals,30,419,111.4,Nationals Park,1,WSH
James Wood,26-07-10,Nationals,30,419,105.5,Nationals Park,1,WSH
Cam Smith,26-09-08,Astros,30,418,104.3,Citizens Bank Park,1,PHI
Zach Neto,26-08-23,Angels,30,418,105.6,Globe Life Park,1,TEX
Mike Trout,26-08-10,Angels,30,418,101.5,Angel Stadium,1,LAA
Alec Burleson,26-08-03,Cardinals,30,418,109.1,Yankee Stadium,1,NYY
Pete Alonso,26-08-11,Orioles,30,418,107.1,Target Field,1,MIN
James Outman,26-06-12,Tigers,30,418,107.5,Progressive Field,1,CLE
Jorge Soler,26-04-10,Angels,30,418,110.4,Great American Ball Park,1,CIN
Dominic Canzone,26-03-26,Mariners,30,418,107.9,T-Mobile Park,1,SEA
Cal Raleigh,26-04-06,Mariners,30,418,107.8,Globe Life Park,1,TEX
Daylen Lile,26-04-17,Nationals,30,418,106.7,Nationals Park,1,WSH
Byron Buxton,26-05-13,Twins,30,418,105.2,Target Field,1,MIN
Agustin Ramirez,26-04-13,Marlins,30,418,105.2,Truist Park,1,ATL
Connor Norby,26-04-24,Marlins,30,418,104.3,Oracle Park,1,SFG
Andy Pages,26-05-26,Dodgers,30,418,107.7,Dodger Stadium,1,LAD
Randal Grichuk,26-06-05,Yankees,30,418,104.3,Citizens Bank Park,1,PHI
Max Schuemann,26-07-04,Yankees,30,418,102.1,Yankee Stadium,1,NYY
Cal Raleigh,26-08-02,Mariners,30,418,106.9,T-Mobile Park,1,SEA
Dansby Swanson,26-06-24,Cubs,30,418,103.1,Citi Field,1,NYM
Blaze Jordan,26-06-13,Cardinals,30,418,110.2,Target Field,1,MIN
Christian Encarnacion-Strand,26-08-15,Orioles,30,418,107.4,Tropicana Field,1,TBR
Willy Adames,26-08-20,Giants,30,418,103.4,Progressive Field,1,CLE
Wyatt Langford,26-06-14,Rangers,30,418,106.8,Fenway Park,1,BOS
Kyle Schwarber,26-06-21,Phillies,30,418,105.1,Citizens Bank Park,1,PHI
Willson Contreras,26-06-26,Red Sox,30,418,111.9,Fenway Park,1,BOS
Tyler Stephenson,26-07-19,Reds,30,418,101.6,Coors Field,1,COL
Corey Seager,26-09-08,Rangers,30,418,106.9,T-Mobile Park,1,SEA
Roman Anthony,26-09-09,Red Sox,30,418,108.6,Fenway Park,1,BOS
Michael Arroyo,26-09-12,Mariners,30,418,103.6,Sutter Health Park,1,ATH
Brandon Lowe,26-09-16,Pirates,30,418,107.4,PNC Park,1,PIT
Jake Bauers,26-04-14,Brewers,29,418,107.1,American Family Field,1,MIL
Julio Rodriguez,26-05-27,Mariners,29,418,105.8,Sutter Health Park,1,ATH
Christian Yelich,26-07-04,Brewers,29,418,108.6,Chase Field,1,ARI
Spencer Jones,26-07-31,Yankees,29,418,108.7,Wrigley Field,1,CHC
Mark Vientos,26-08-31,Mets,29,418,102.7,Tropicana Field,1,TBR
Owen Caissie,26-07-07,Marlins,29,418,108.5,loanDepot Park,1,MIA
Corey Seager,26-08-08,Rangers,29,418,107.7,Globe Life Park,1,TEX
Josh Naylor,26-04-24,Mariners,29,418,107.3,Busch Stadium,1,STL
Taylor Trammell,26-08-03,Astros,28,418,110.4,Daikin Park,0,HOU
Willson Contreras,26-04-25,Red Sox,28,418,104.2,Camden Yards,1,BAL
Pedro Pages,26-03-29,Cardinals,28,418,106.2,Busch Stadium,1,STL
Julio Rodriguez,26-05-08,Mariners,27,418,104.8,Rate Field,1,CWS
Julio Rodriguez,26-05-30,Mariners,27,418,107.9,T-Mobile Park,1,SEA
Cole Carrigg,26-06-11,Rockies,27,418,102.2,Coors Field,1,COL
Joc Pederson,26-07-27,Rangers,27,418,106.4,Globe Life Park,1,TEX
Willi Castro,26-04-15,Rockies,26,418,108.7,Daikin Park,0,HOU
Carson Benge,26-05-31,Mets,26,418,106.1,Citi Field,1,NYM
Patrick Bailey,26-08-21,Giants,26,418,97.5,Coors Field,1,COL
Riley Greene,26-09-11,Tigers,26,418,111.4,Comerica Park,0,DET
Will Smith,26-03-26,Dodgers,25,418,104.8,Dodger Stadium,1,LAD
Jonah Heim,26-07-29,Athletics,25,418,104.2,Sutter Health Park,1,ATH
Sal Stewart,26-08-30,Reds,25,418,101.7,Wrigley Field,1,CHC
Mickey Gasper,26-08-25,Red Sox,25,418,102.1,loanDepot Park,1,MIA
Michael Harris,26-05-21,Braves,24,418,110.5,loanDepot Park,1,MIA
Yandy Diaz,26-07-21,Rays,24,418,106.3,Rogers Centre,1,TOR
Brice Turang,26-06-29,Brewers,21,418,105.8,American Family Field,1,MIL
Gabriel Moreno,26-07-17,Diamondbacks,21,418,105.7,Chase Field,0,ARI
Bryce Eldridge,26-05-31,Giants,5,418,104.4,Coors Field,0,COL
Tyler Soderstrom,26-06-08,Athletics,5,418,99.2,Vegas Minor League,1,ATHH
Manny Machado,26-07-21,Padres,22,418,105,Truist Park,1,ATL
Luis Garcia Jr.,26-06-27,Nationals,30,418,114,Camden Yards,1,BAL
Manny Machado,26-06-22,Padres,28,418,104.6,Petco Park,1,SDP
Carter Jensen,26-09-25,Royals,30,418,108.4,Kauffman Stadium,1,KCR
CJ Abrams,26-09-22,Nationals,29,418,106.4,Comerica Park,1,DET
James Wood,26-07-26,Nationals,30,418,109.6,Nationals Park,1,WSH
Michael Busch,26-09-19,Cubs,30,417,104.8,Great American Ball Park,1,CIN
Brandon Lowe,26-09-17,Pirates,30,417,105.6,PNC Park,1,PIT
Junior Caminero,26-09-11,Rays,30,417,107.2,Tropicana Field,1,TBR
Bryan Reynolds,26-03-31,Pirates,30,417,106.1,Great American Ball Park,1,CIN
Mike Trout,26-05-30,Angels,30,417,105.3,Tropicana Field,1,TBR
Nick Kurtz,26-04-24,Athletics,30,417,115.9,Globe Life Park,1,TEX
Chase Meidroth,26-03-26,White Sox,30,417,107.7,American Family Field,1,MIL
Kody Clemens,26-04-12,Twins,30,417,106.3,Rogers Centre,1,TOR
Derek Hill,26-05-12,White Sox,30,417,105.9,Rate Field,1,CWS
Ronald Acuna Jr,26-05-28,Braves,30,417,107.9,Fenway Park,1,BOS
Xander Bogaerts,26-05-30,Padres,30,417,104.7,Nationals Park,1,WSH
Gabriel Moreno,26-06-09,Diamondbacks,30,417,106.1,loanDepot Park,1,MIA
Daniel Schneeman,26-06-13,Guardians,30,417,105.9,Progressive Field,1,CLE
Ty France,26-06-24,Padres,30,417,107.7,Petco Park,1,SDP
Tyrone Taylor,26-07-05,Mets,30,417,103.3,Truist Park,1,ATL
Max Kepler,26-07-06,Diamondbacks,30,417,106.6,Petco Park,1,SDP
Gunnar Henderson,26-07-11,Orioles,30,417,102.5,Camden Yards,1,BAL
Kyle Stowers,26-07-31,Marlins,30,417,106.5,Citi Field,1,NYM
Ivan Herrera,26-06-13,Cardinals,30,417,105.3,Target Field,1,MIN
Luis Robert Jr,26-08-22,Mets,30,417,109,Rate Field,1,CWS
Pete Crow-Armstrong,26-08-30,Cubs,30,417,108,Wrigley Field,1,CHC
Kyle Schwarber,26-05-09,Phillies,30,417,110.8,Citizens Bank Park,1,PHI
Kyle Schwarber,26-05-14,Phillies,30,417,110.4,Fenway Park,1,BOS
Justin Foscue,26-06-07,Rangers,30,417,106.5,Globe Life Park,1,TEX
John Rave,26-08-01,Royals,30,417,102.5,Coors Field,1,COL
Connor Wong,26-08-16,Red Sox,30,417,106.3,PNC Park,1,PIT
Justin Foscue,26-08-31,Rangers,30,417,105.7,Globe Life Park,1,TEX
Kyle Schwarber,26-04-13,Phillies,29,417,101.4,Citizens Bank Park,1,PHI
Jake Burger,26-04-13,Rangers,29,417,113.6,Sutter Health Park,1,ATH
Brandon Valenzuela,26-06-05,Blue Jays,29,417,106.2,Rogers Centre,1,TOR
Josh Bell,26-08-04,Twins,29,417,108.9,Kauffman Stadium,1,KCR
Kyle Karros,26-07-08,Rockies,29,417,107.9,Dodger Stadium,1,LAD
Shea Langeliers,26-04-21,Athletics,28,417,108.7,T-Mobile Park,1,SEA
J.P. Crawford,26-05-29,Mariners,27,417,104.8,T-Mobile Park,1,SEA
Luis Torrens,26-08-18,Mets,27,417,104.6,Citi Field,1,NYM
Juan Soto,26-09-08,Mets,27,417,108.2,loanDepot Park,1,MIA
JJ Bleday,26-07-10,Reds,27,417,104.2,Great American Ball Park,1,CIN
Jake McCarthy,26-08-08,Rockies,27,417,105.3,Busch Stadium,1,STL
Nick Kurtz,26-05-15,Athletics,26,417,108.2,Sutter Health Park,1,ATH
Byron Buxton,26-05-27,Twins,26,417,106.3,Rate Field,1,CWS
Daylen Lile,26-07-03,Nationals,26,417,107.7,Nationals Park,1,WSH
Patrick Bailey,26-08-02,Giants,26,417,105.4,Progressive Field,1,CLE
Jose Tena,26-08-12,Nationals,26,417,101.8,Nationals Park,1,WSH
Hunter Goodman,26-06-17,Rockies,26,417,107.7,Wrigley Field,1,CHC
JJ Wetherholt,26-08-22,Cardinals,25,417,103.8,Citizens Bank Park,1,PHI
Corbin Carroll,26-06-07,Diamondbacks,24,417,106,Chase Field,1,ARI
Riley Greene,26-04-29,Tigers,24,417,106.2,Truist Park,1,ATL
Ben Rice,26-07-26,Yankees,24,417,102.5,Citizens Bank Park,1,PHI
Lawrence Butler,26-08-11,Athletics,24,417,103.7,Sutter Health Park,1,ATH
Salvador Perez,26-04-04,Royals,23,417,101.6,Kauffman Stadium,1,KCR
Andrew Vaughn,26-08-04,Brewers,23,417,107.1,American Family Field,1,MIL
Zach Neto,26-04-10,Angels,21,417,104.7,Great American Ball Park,1,CIN
Jesus Sanchez,26-03-29,Blue Jays,20,417,109.2,Rogers Centre,1,TOR
Daylen Lile,26-07-20,Nationals,9,417,104.8,Coors Field,0,COL
Ketel Marte,26-09-24,Diamondbacks,9,417,105.2,Coors Field,0,COL
Jeremy Pena,26-09-26,Astros,21,417,102.9,Sutter Health Park,1,ATH
James Wood,26-05-31,Nationals,29,417,113.8,Nationals Park,1,WSH
Luis Garcia Jr.,26-07-08,Nationals,30,417,104.6,Nationals Park,1,WSH
Alex Bregman,26-09-27,Cubs,30,417,104,Tropicana Field,1,TBR
Yordan Alvarez,26-03-31,Astros,28,416,106.7,Daikin Park,0,HOU
James Wood,26-04-05,Nationals,28,416,107.6,Nationals Park,1,WSH
Manny Machado,26-09-06,Padres,25,416,109.2,Petco Park,1,SDP
Max Muncy (D),26-07-17,Dodgers,30,416,107.9,Yankee Stadium,1,NYY
Mike Trout,26-09-11,Angels,30,416,104.8,Nationals Park,1,WSH
Cam Smith,26-09-09,Astros,30,416,105.8,Citizens Bank Park,1,PHI
George Springer,26-08-28,Blue Jays,30,416,102.1,Rogers Centre,1,TOR
Eduardo Valencia,26-07-28,Tigers,30,416,105.7,Comerica Park,1,DET
Leody Taveras,26-07-27,Orioles,30,416,112.4,Comerica Park,1,DET
Jackson Merrill,26-06-04,Padres,30,416,109.7,Citizens Bank Park,1,PHI
Juan Soto,26-05-20,Mets,30,416,110.9,Nationals Park,1,WSH
Amed Rosario,26-04-22,Yankees,30,416,108.4,Fenway Park,1,BOS
Heliot Ramos,26-04-17,Giants,30,416,107.1,Nationals Park,1,WSH
Gavin Sheets,26-04-10,Padres,30,416,106.3,Petco Park,1,SDP
George Springer,26-03-30,Blue Jays,30,416,105.2,Rogers Centre,1,TOR
Ryan Kreidler,26-05-20,Twins,30,416,104.2,Target Field,1,MIN
Ozzie Albies,26-05-28,Braves,30,416,104.4,Fenway Park,1,BOS
Randal Grichuk,26-06-24,Yankees,30,416,108.6,Rate Field,1,CWS
Mark Vientos,26-06-24,Mets,30,416,108.4,Citi Field,1,NYM
Ryan McMahon,26-07-11,Yankees,30,416,104.8,Nationals Park,1,WSH
Joshua Kuroda-Grauer,26-07-20,Athletics,30,416,102.9,Chase Field,1,ARI
Austin Riley,26-07-19,Braves,30,416,103.2,Truist Park,1,ATL
Randy Arozarena,26-08-22,Mariners,30,416,105.3,T-Mobile Park,1,SEA
Matt Shaw,26-08-31,Cubs,30,416,103.9,Wrigley Field,1,CHC
Brandon Lowe,26-04-30,Pirates,30,416,110,PNC Park,1,PIT
Dylan Crews,26-09-07,Nationals,30,416,107.4,Petco Park,1,SDP
Griffin Conine,26-08-01,Marlins,30,416,103.5,Citi Field,1,NYM
J.T. Realmuto,26-06-13,Phillies,30,416,101.6,American Family Field,1,MIL
Junior Caminero,26-06-23,Rays,30,416,108.5,Tropicana Field,1,TBR
Nick Loftin,26-06-21,Royals,30,416,101.3,Kauffman Stadium,1,KCR
Heriberto Hernandez,26-07-29,Marlins,30,416,104.3,loanDepot Park,1,MIA
Bobby Witt,26-06-30,Royals,30,416,107.3,Kauffman Stadium,1,KCR
Ryan Vilade,26-06-30,Rays,30,416,103.1,Kauffman Stadium,1,KCR
Richie Palacios,26-08-03,Rays,30,416,99.8,Coors Field,1,COL
Sal Stewart,26-08-06,Reds,30,416,105.6,Great American Ball Park,1,CIN
Riley Greene,26-09-07,Tigers,30,416,106.7,Comerica Park,1,DET
Heliot Ramos,26-08-30,Giants,30,416,106.7,Yankee Stadium,1,NYY
JJ Bleday,26-09-02,Reds,30,416,105.3,Great American Ball Park,1,CIN
Carter Jensen,26-09-09,Royals,30,416,108.6,Kauffman Stadium,1,KCR
Josue De Paula,26-09-13,Dodgers,30,416,108.2,loanDepot Park,1,MIA
Ketel Marte,26-06-24,Diamondbacks,30,416,109.3,Busch Stadium,1,STL
Jimmy Crooks,26-08-28,Cardinals,30,416,104.9,Busch Stadium,1,STL
Jeremiah Jackson,26-09-15,Orioles,30,416,108.4,Citi Field,1,NYM
Aaron Judge,26-05-04,Yankees,29,416,110.6,Yankee Stadium,1,NYY
Everson Pereira,26-04-14,White Sox,29,416,106,Rate Field,1,CWS
Jazz Chisholm Jr,26-05-26,Yankees,29,416,107.3,Kauffman Stadium,1,KCR
Colton Cowser,26-06-11,Orioles,29,416,108.5,Camden Yards,1,BAL
Matt Olson,26-07-24,Braves,29,416,104.1,Camden Yards,1,BAL
Brandon Marsh,26-06-29,Phillies,29,416,102.4,Citizens Bank Park,1,PHI
Carter Jensen,26-07-21,Royals,29,416,106.7,Kauffman Stadium,1,KCR
Julio Rodriguez,26-05-01,Mariners,28,416,105.9,T-Mobile Park,1,SEA
Nick Kurtz,26-04-20,Athletics,28,416,105.5,T-Mobile Park,1,SEA
Spencer Torkelson,26-06-11,Tigers,28,416,105.9,Progressive Field,1,CLE
Sal Stewart,26-07-28,Reds,28,416,101.2,Great American Ball Park,1,CIN
Joc Pederson,26-08-11,Rangers,28,416,104.8,Angel Stadium,1,LAA
Rafael Devers,26-06-24,Giants,27,416,106.1,Oracle Park,1,SFG
Jac Caglianone,26-06-23,Royals,27,416,110,Tropicana Field,1,TBR
Jac Caglianone,26-06-24,Royals,27,416,110,Tropicana Field,1,TBR
Ezequiel Tovar,26-08-24,Rockies,27,416,104.8,Nationals Park,1,WSH
Blaze Jordan,26-08-27,Cardinals,27,416,102.8,Busch Stadium,1,STL
Luisangel Acuna,26-06-21,White Sox,26,416,104.8,Comerica Park,1,DET
Rhys Hoskins,26-07-07,Guardians,26,416,108.2,Target Field,1,MIN
Luis Urias,26-07-27,Blue Jays,26,416,103.3,Nationals Park,1,WSH
Braden Montgomery,26-08-14,White Sox,26,416,106.2,Comerica Park,0,DET
Freddie Freeman,26-09-02,Dodgers,26,416,105.2,Dodger Stadium,1,LAD
Heriberto Hernandez,26-06-23,Marlins,25,416,103.2,loanDepot Park,1,MIA
Ty France,26-07-19,Padres,25,416,103,Kauffman Stadium,1,KCR
Alex Bregman,26-08-29,Cubs,25,416,102.3,Wrigley Field,1,CHC
Francisco Alvarez,26-07-16,Mets,24,416,100.2,Citi Field,1,PHI
Jo Adell,26-04-25,Angels,24,416,110,Kauffman Stadium,1,KCR
Heriberto Hernandez,26-05-24,Marlins,23,416,104.9,loanDepot Park,1,MIA
Corbin Carroll,26-08-23,Diamondbacks,23,416,105.3,Chase Field,0,ARI
Pete Alonso,26-05-18,Orioles,22,416,109,Tropicana Field,0,TBR
Kyle Stowers,26-07-08,Marlins,22,416,105.4,loanDepot Park,1,MIA
Alec Bohm,26-09-01,Phillies,20,416,107.7,Chase Field,0,PHI
Dominic Canzone,26-06-06,Mariners,16,416,105.5,Comerica Park,0,DET
Denzer Guzman,26-06-21,Angels,14,416,101.6,Sutter Health Park,1,ATH
Max Muncy (A),26-06-24,Athletics,25,416,106.7,Oracle Park,1,SFG
Gabriel Moreno,26-09-24,Diamondbacks,30,416,105.6,Coors Field,1,COL
Brandon Lowe,26-09-26,Pirates,30,416,104.7,Comerica Park,1,DET
James Wood,26-06-12,Nationals,30,416,111.5,Nationals Park,1,WSH
Colson Montgomery,26-09-04,White Sox,30,416,108.6,Rate Field,1,CWS
Zach Neto,26-09-25,Angels,30,415,105.6,T-Mobile Park,1,SEA
Griffin Conine,26-09-27,Marlins,30,415,110.2,loanDepot Park,1,MIA
Jake Burger,26-09-26,Rangers,25,415,105.5,Target Field,1,MIN
Munetaka Murakami,26-04-18,White Sox,29,415,103.9,Sutter Health Park,1,ATH
Max Muncy (D),26-06-13,Dodgers,30,415,100.4,Rate Field,1,CWS
Max Muncy (D),26-07-22,Dodgers,22,415,100.3,Citizens Bank Park,1,PHI
Victor Mesa Jr,26-09-11,Rays,30,415,106,Tropicana Field,1,TBR
Hunter Goodman,26-04-29,Rockies,30,415,108.9,Great American Ball Park,1,CIN
Cam Smith,26-08-18,Astros,30,415,109.1,Daikin Park,1,HOU
Gary Sanchez,26-06-28,Brewers,30,415,110.9,American Family Field,1,MIL
Daylen Lile,26-05-12,Nationals,30,415,105.7,Great American Ball Park,1,CIN
Matt Olson,26-05-01,Braves,30,415,103.8,Coors Field,1,COL
Derek Hill,26-04-19,White Sox,30,415,102,Sutter Health Park,1,ATH
Alek Thomas,26-04-21,Diamondbacks,30,415,101,Chase Field,1,ARI
Eric Wagaman,26-05-27,Mets,30,415,110.1,Citi Field,1,NYM
TJ Rumfield,26-05-13,Rockies,30,415,105.9,PNC Park,1,PIT
Sam Antonacci,26-06-14,White Sox,30,415,104.8,Rate Field,1,CWS
Yohendrick Pinango,26-06-27,Blue Jays,30,415,104.7,Rogers Centre,1,TOR
Casey Schmitt,26-07-11,Giants,30,415,104.9,Oracle Park,1,SFG
Juan Soto,26-07-07,Mets,30,415,111.5,Citi Field,1,NYM
Yainer Diaz,26-07-10,Astros,30,415,106.5,Globe Life Park,1,TEX
Colt Keith,26-07-10,Tigers,30,415,101.1,Comerica Park,1,DET
Spencer Torkelson,26-07-18,Tigers,30,415,104.2,Angel Stadium,1,LAA
Alex Bregman,26-06-30,Cubs,30,415,100.9,Wrigley Field,1,CHC
Lawrence Butler,26-08-05,Athletics,30,415,107.9,Great American Ball Park,1,CIN
Victor Scott,26-04-28,Cardinals,30,415,105.4,PNC Park,1,PIT
Xander Bogaerts,26-08-12,Padres,30,415,105.1,Petco Park,1,SDP
Kazuma Okamoto,26-08-20,Blue Jays,30,415,107.3,Tropicana Field,1,TBR
Andres Gimenez,26-09-07,Blue Jays,30,415,103.9,Sutter Health Park,1,ATH
Nelson Velazquez,26-08-31,Cardinals,30,415,109.1,Daikin Park,1,HOU
Kyle Schwarber,26-05-08,Phillies,30,415,109.2,Citizens Bank Park,1,PHI
Victor Mesa Jr,26-09-09,Rays,30,415,105.4,Truist Park,1,ATL
Oneil Cruz,26-05-24,Pirates,30,415,105.8,Rogers Centre,1,TOR
Caleb Durbin,26-06-10,Red Sox,30,415,107.7,Tropicana Field,1,TBR
Heriberto Hernandez,26-08-12,Marlins,30,415,108.1,loanDepot Park,1,MIA
Eugenio Suarez,26-07-17,Reds,30,415,98.6,Coors Field,1,COL
Ryan Jeffers,26-09-05,Twins,30,415,105.6,Rate Field,1,CWS
Jonny DeLuca,26-07-30,Rays,30,415,102.3,Tropicana Field,1,TBR
Eugenio Suarez,26-08-08,Reds,30,415,105.4,Nationals Park,1,WSH
Riley Greene,26-09-05,Tigers,30,415,108.9,Progressive Field,1,CLE
Brandon Lowe,26-07-28,Pirates,30,415,103.7,PNC Park,1,PIT
Nick Sogard,26-08-23,Red Sox,30,415,104.8,Fenway Park,1,BOS
Kyle Schwarber,26-09-07,Phillies,30,415,107.8,Citizens Bank Park,1,PHI
Michael Busch,26-09-12,Cubs,30,415,101.6,Wrigley Field,1,CHC
Joey Ortiz,26-07-07,Brewers,30,415,104.8,Busch Stadium,1,STL
Aaron Judge,26-09-14,Yankees,30,415,104.2,Target Field,1,MIN
Aaron Judge,26-04-12,Yankees,29,415,108.9,Tropicana Field,1,TBR
Joc Pederson,26-04-27,Rangers,29,415,108.2,Globe Life Park,1,TEX
Lenyn Sosa,26-05-02,Blue Jays,29,415,107.5,Target Field,1,MIN
Dalton Rushing,26-04-06,Dodgers,29,415,107.4,Rogers Centre,1,TOR
Heliot Ramos,26-06-29,Giants,29,415,106.5,Chase Field,1,ARI
Esmerlyn Valdez,26-05-26,Pirates,29,415,105.5,PNC Park,1,PIT
Jonathan Aranda,26-09-13,Rays,29,415,103,Tropicana Field,1,TBR
Cole Carrigg,26-09-15,Rockies,29,415,105.5,Coors Field,1,COL
Alex Bregman,26-08-22,Cubs,28,415,104.7,T-Mobile Park,1,SEA
Henry Davis,26-05-01,Pirates,28,415,105.8,PNC Park,1,PIT
Jordan Walker,26-03-29,Cardinals,28,415,105.8,Busch Stadium,1,STL
Kazuma Okamoto,26-07-28,Blue Jays,27,415,103.3,Nationals Park,1,WSH
Otto Lopez,26-05-05,Marlins,27,415,106.5,loanDepot Park,1,MIA
Trevor Larnach,26-07-01,Twins,27,415,104.9,Daikin Park,0,HOU
Rafael Devers,26-09-02,Giants,27,415,103.8,PNC Park,1,PIT
Brenton Doyle,26-08-11,Rockies,27,415,106.6,Rate Field,1,CWS
Drew Gilbert,26-09-16,Giants,27,415,104.3,Busch Stadium,1,STL
Randal Grichuk,26-09-22,Yankees,27,415,105.2,Kauffman Stadium,1,KCR
Francisco Alvarez,26-06-30,Mets,26,415,105.2,Rogers Centre,1,TOR
Ryan O'Hearn,26-07-07,Pirates,26,415,105.1,PNC Park,1,PIT
Eugenio Suarez,26-09-22,Reds,25,415,103.9,Truist Park,1,ATL
Dillon Dingler,26-06-01,Tigers,25,415,104.3,Tropicana Field,1,TBR
Rafael Devers,26-09-01,Giants,25,415,106.3,PNC Park,1,PIT
Jonathan Aranda,26-05-11,Rays,25,415,104.8,Rogers Centre,1,TOR
George Springer,26-07-08,Blue Jays,24,415,104.3,Oracle Park,1,SFG
William Contreras,26-03-30,Brewers,24,415,107,American Family Field,1,MIL
Francisco Alvarez,26-04-03,Mets,24,415,106.1,Oracle Park,1,SFG
Wenceel Perez,26-04-28,Tigers,24,415,104.9,Truist Park,1,ATL
Ketel Marte,26-05-20,Diamondbacks,24,415,104.9,Chase Field,1,ARI
Austin Riley,26-05-20,Braves,24,415,103.6,loanDepot Park,1,MIA
Jose Tena,26-08-19,Nationals,24,415,105.3,Globe Life Park,1,TEX
Thomas Saggase,26-09-01,Cardinals,24,415,104.8,Dodger Stadium,1,LAD
Oneil Cruz,26-04-23,Pirates,24,415,107.5,Globe Life Park,1,TEX
Matt Olson,26-09-23,Braves,23,415,107.4,Truist Park,1,ATL
Tyler Soderstrom,26-04-24,Athletics,22,415,102.8,Globe Life Park,1,TEX
Isaac Collins,26-07-10,Royals,22,415,102,Camden Yards,1,BAL
Kevin McGonigle,26-07-31,Tigers,21,415,101.9,Sutter Health Park,1,ATH
Coby Mayo,26-07-29,Orioles,19,415,105.6,Comerica Park,0,DET
Matt Olson,26-04-02,Braves,17,415,105.2,Chase Field,0,ARI
Ezequiel Duran,26-05-26,Rangers,15,415,102.3,Globe Life Park,0,TEX
Gabriel Rincones Jr,26-07-05,Phillies,10,415,106.5,Kauffman Stadium,0,KCR
Oneil Cruz,26-04-05,Pirates,4,415,107.2,PNC Park,1,PIT
Willy Adames,26-05-29,Giants,3,415,101.4,Coors Field,0,COL
Sterlin Thompson,26-06-17,Rockies,3,415,107,Wrigley Field,0,CHC
Carlos Narvaez,26-06-24,Red Sox,3,415,104.8,Coors Field,0,COL
Braxton Fulford,26-06-07,Rockies,2,415,107,Coors Field,0,COL
Elly De La Cruz,26-04-25,Reds,23,415,107.6,Great American Ball Park,1,CIN
Munetaka Murakami,26-04-24,White Sox,25,415,104,Rate Field,1,CWS
Yordan Alvarez,26-05-25,Astros,22,415,110.6,Globe Life Park,1,TEX
CJ Abrams,26-07-08,Nationals,29,415,104.1,Nationals Park,1,WSH
CJ Abrams,26-09-06,Nationals,28,415,106.5,Dodger Stadium,1,LAD
Elly De La Cruz,26-04-21,Reds,29,414,111.6,Tropicana Field,1,TBR
Jonathan Aranda,26-04-24,Rays,30,414,105,Tropicana Field,1,TBR
Adrian Del Castillo,26-07-04,Diamondbacks,30,414,107.8,Chase Field,1,ARI
Jung Hoo Lee,26-06-23,Giants,30,414,99.9,Oracle Park,1,SFG
Jackson Merrill,26-05-29,Padres,30,414,108.5,Nationals Park,1,WSH
Aaron Judge,26-04-27,Yankees,30,414,113,Globe Life Park,1,TEX
Matt Olson,26-05-02,Braves,30,414,109.6,Coors Field,1,COL
Giancarlos Stanton,26-03-27,Yankees,30,414,108,Oracle Park,1,SFG
Michael Harris,26-04-22,Braves,30,414,107.6,Nationals Park,1,WSH
Brett Baty,26-04-23,Mets,30,414,107.1,Citi Field,1,NYM
Julio Rodriguez,26-05-11,Mariners,30,414,106.6,Daikin Park,1,HOU
Mookie Betts,26-05-13,Dodgers,30,414,104.1,Dodger Stadium,1,LAD
Otto Lopez,26-06-02,Marlins,30,414,107.1,Nationals Park,1,WSH
Kody Clemens,26-06-04,Twins,30,414,101.4,Target Field,1,MIN
Shohei Ohtani,26-06-22,Dodgers,30,414,112.8,Target Field,1,MIN
Gavin Sheets,26-06-30,Padres,30,414,107.5,Wrigley Field,1,CHC
Tim Tawa,26-08-05,Diamondbacks,30,414,105.8,Chase Field,1,ARI
Chase Delauter,26-08-01,Guardians,30,414,104.3,Progressive Field,1,CLE
Abimelic Ortiz,26-08-13,Nationals,30,414,105.2,Nationals Park,1,WSH
Jackson Merrill,26-08-23,Padres,30,414,107.4,Petco Park,1,SDP
Rafael Devers,26-08-26,Giants,30,414,105.5,Oracle Park,1,SFG
Ronald Acuna Jr,26-09-06,Braves,30,414,105.9,Citizens Bank Park,1,PHI
Henry Bolte,26-09-09,Athletics,30,414,108.7,Sutter Health Park,1,ATH
Hunter Goodman,26-05-29,Rockies,30,414,107.1,Coors Field,1,COL
Will Benson,26-05-02,Reds,30,414,105.6,PNC Park,1,PIT
Elias Diaz,26-07-02,Royals,30,414,102.3,Globe Life Park,1,TEX
Esmerlyn Valdez,26-06-26,Pirates,30,414,106.5,PNC Park,1,PIT
Trea Turner,26-07-18,Phillies,30,414,106.1,Citizens Bank Park,1,PHI
Brandon Nimmo,26-08-02,Rangers,30,414,103.2,Daikin Park,1,HOU
Joc Pederson,26-08-07,Rangers,30,414,109.6,Globe Life Park,1,TEX
Willson Contreras,26-07-19,Red Sox,30,414,106.8,Fenway Park,1,BOS
Jarren Duran,26-08-04,Red Sox,30,414,109,Fenway Park,1,BOS
Yandy Diaz,26-08-19,Rays,30,414,104.8,Tropicana Field,1,TBR
Carter Jensen,26-09-02,Royals,30,414,108.6,Kauffman Stadium,1,KCR
Alejandro Kirk,26-09-12,Blue Jays,30,414,106.8,Rogers Centre,1,TOR
Pete Alonso,26-09-15,Orioles,30,414,109.6,Citi Field,1,NYM
Jahmai Jones,26-09-18,Tigers,30,414,110.9,Tropicana Field,1,TBR
Teoscar Hernandez,26-04-05,Dodgers,29,414,103,Nationals Park,1,WSH
Trent Grisham,26-05-26,Yankees,29,414,103.9,Kauffman Stadium,1,KCR
Curtis Mead,26-05-29,Nationals,29,414,102.2,Nationals Park,1,WSH
Angel Martinez,26-06-08,Guardians,29,414,105.1,Progressive Field,1,CLE
Kevin McGonigle,26-07-10,Tigers,29,414,103,Comerica Park,1,DET
Tim Tawa,26-07-12,Diamondbacks,29,414,102.6,Dodger Stadium,1,LAD
Vinnie Pasquantino,26-05-07,Royals,29,414,102.2,Kauffman Stadium,1,KCR
Gary Sanchez,26-04-05,Brewers,28,414,109,Kauffman Stadium,1,KCR
Ivan Herrera,26-06-21,Cardinals,28,414,100.8,Kauffman Stadium,1,KCR
Corbin Carroll,26-09-05,Diamondbacks,28,414,104.8,Daikin Park,0,HOU
Willson Contreras,26-07-30,Red Sox,28,414,104.8,Sutter Health Park,1,ATH
Blaze Jordan,26-08-03,Cardinals,27,414,103.6,Yankee Stadium,0,NYY
Cam Smith,26-05-04,Astros,27,414,108,Daikin Park,0,HOU
Ozzie Albies,26-05-04,Braves,27,414,103.1,T-Mobile Park,1,SEA
Gavin Sheets,26-06-27,Padres,27,414,104.3,Petco Park,1,SDP
Travis Bazzana,26-07-27,Guardians,27,414,102.2,Progressive Field,1,CLE
Ramon Urias,26-04-06,Cardinals,27,414,106.8,Nationals Park,1,WSH
Oneil Cruz,26-04-28,Pirates,27,414,106.6,PNC Park,1,PIT
Dylan Crews,26-08-11,Nationals,26,414,105.6,Nationals Park,1,WSH
Alejandro Kirk,26-08-18,Blue Jays,26,414,100.8,Tropicana Field,1,TBR
Mickey Gasper,26-08-18,Red Sox,25,414,106,Fenway Park,1,BOS
Heriberto Hernandez,26-07-03,Marlins,24,414,102,Sutter Health Park,1,ATH
Michael Conforto,26-05-17,Cubs,24,414,107.3,Rate Field,1,CWS
Wilyer Abreu,26-06-20,Red Sox,24,414,106.3,T-Mobile Park,1,SEA
Brice Turang,26-05-04,Brewers,24,414,105.3,Busch Stadium,1,STL
Cam Smith,26-04-30,Astros,23,414,108.1,Camden Yards,1,BAL
Gary Sanchez,26-03-31,Brewers,23,414,107,American Family Field,1,MIL
Leo Jiminez,26-05-13,Marlins,23,414,105.1,Target Field,0,MIN
Casey Schmitt,26-06-20,Giants,23,414,104.1,loanDepot Park,1,MIA
Bryce Eldridge,26-07-04,Giants,23,414,103.6,Coors Field,0,COL
Dominic Canzone,26-07-28,Mariners,23,414,107.5,Dodger Stadium,1,LAD
Pedro Ramirez,26-06-13,Cubs,23,414,104.5,Oracle Park,1,SFG
Brenton Doyle,26-09-22,Rockies,22,414,105.3,Kauffman Stadium,1,KCR
Randy Arozarena,26-07-09,Mariners,22,414,104.4,loanDepot Park,1,MIA
Alec Bohm,26-08-15,Phillies,22,414,107.4,Target Field,0,MIN
J.P. Crawford,26-05-25,Mariners,21,414,101,Sutter Health Park,1,ATH
Henry Bolte,26-09-16,Athletics,20,414,103.5,Tropicana Field,1,TBR
Kyle Schwarber,26-04-13,Phillies,18,414,103.5,Citizens Bank Park,1,PHI
Edgar Quero,26-06-19,White Sox,18,414,102.9,Comerica Park,0,DET
Shea Langeliers,26-03-27,Athletics,14,414,107.2,Rogers Centre,1,TOR
Josh Jung,26-07-12,Rangers,13,414,102.5,Globe Life Park,0,TEX
Shohei Ohtani,26-04-06,Dodgers,12,414,107.8,Rogers Centre,1,TOR
Will Smith,26-03-28,Dodgers,12,414,105.1,Dodger Stadium,1,LAD
Colt Keith,26-03-30,Tigers,10,414,104.9,Chase Field,0,ARI
Konnor Griffin,26-05-05,Pirates,6,414,110.1,Chase Field,0,ARI
Dalton Rushing,26-06-02,Dodgers,5,414,107.9,Chase Field,0,ARI
Amed Rosario,26-04-07,Yankees,1,414,107.3,Yankee Stadium,1,NYY
Max Muncy (A),26-08-19,Athletics,17,414,105.2,Kauffman Stadium,1,KCR
Alec Burleson,26-09-25,Cardinals,30,414,109.6,American Family Field,1,MIL
Max Muncy (D),26-08-05,Dodgers,30,413,106.3,Wrigley Field,1,CHC
Bryan Reynolds,26-04-01,Pirates,30,413,107.7,Great American Ball Park,1,CIN
Ty France,26-05-29,Padres,30,413,106,Nationals Park,1,WSH
Pete Alonso,26-05-02,Mets,30,413,114.6,Yankee Stadium,1,NYY
James Wood,26-04-22,Nationals,30,413,112.2,Nationals Park,1,WSH
Jazz Chisholm Jr,26-05-05,Yankees,30,413,110.9,Yankee Stadium,1,NYY
Dalton Rushing,26-04-06,Dodgers,30,413,109,Rogers Centre,1,TOR
Aaron Judge,26-05-03,Yankees,30,413,107.7,Yankee Stadium,1,NYY
Alex Freeland,26-03-27,Dodgers,30,413,104.9,Dodger Stadium,1,LAD
Andres Gimenez,26-06-16,Blue Jays,30,413,104.9,Fenway Park,1,BOS
Rafael Devers,26-06-19,Giants,30,413,107.7,loanDepot Park,1,MIA
Mike Yastrzemski,26-07-30,Braves,30,413,104.7,Truist Park,1,ATL
Tyler Soderstrom,26-08-08,Athletics,30,413,108.4,Fenway Park,1,BOS
Nolan Gorman,26-04-28,Cardinals,30,413,108.6,PNC Park,1,PIT
Dansby Swanson,26-04-24,Cubs,30,413,108.5,Dodger Stadium,1,LAD
Ryan Vilade,26-05-04,Rays,30,413,106.9,Tropicana Field,1,TBR
Tim Tawa,26-09-08,Diamondbacks,30,413,100.9,Kauffman Stadium,1,KCR
Henry Davis,26-05-25,Pirates,30,413,103.1,PNC Park,1,PIT
Noelvi Marte,26-06-13,Reds,30,413,104.8,Great American Ball Park,1,CIN
Gunnar Henderson,26-08-30,Orioles,30,413,104,Sutter Health Park,1,ATH
Kyle Karros,26-08-11,Rockies,30,413,102.1,Chase Field,1,ARI
Trea Turner,26-07-29,Phillies,30,413,103.8,loanDepot Park,1,MIA
Nathaniel Lowe,26-08-06,Reds,30,413,111.7,Progressive Field,1,CLE
Starling Marte,26-08-09,Royals,30,413,106.5,Kauffman Stadium,1,KCR
Nick Loftin,26-09-01,Royals,30,413,104.6,Kauffman Stadium,1,KCR
Nolan Gorman,26-08-26,Cardinals,30,413,107.3,Busch Stadium,1,STL
Riley Greene,26-09-18,Tigers,30,413,108.9,Rate Field,1,CWS
Josh Bell,26-06-29,Twins,29,413,105.5,Daikin Park,1,HOU
Christian Yelich,26-07-24,Brewers,29,413,105.5,American Family Field,1,MIL
Luis Torrens,26-06-05,Mets,28,413,107.3,Petco Park,1,SDP
Miguel Vargas,26-08-02,White Sox,28,413,104.9,Tropicana Field,1,TBR
George Lombard Jr,26-08-27,Yankees,28,413,102.5,Yankee Stadium,0,NYY
Byron Buxton,26-06-10,Twins,27,413,107,Comerica Park,1,DET
Shohei Ohtani,26-06-20,Dodgers,27,413,114.6,Dodger Stadium,1,LAD
Spencer Jones,26-08-07,Yankees,27,413,104.7,Yankee Stadium,0,NYY
Tommy White,26-08-16,Athletics,27,413,106.2,Sutter Health Park,1,ATH
Trent Grisham,26-08-23,Yankees,27,413,104.5,Yankee Stadium,1,NYY
Zach Neto,26-05-18,Angels,26,413,105.8,Angel Stadium,1,LAA
Hunter Goodman,26-06-09,Rockies,26,413,106,Coors Field,1,COL
Juan Soto,26-04-30,Mets,25,413,103.4,Citi Field,0,NYM
Ryan O'Hearn,26-05-14,Pirates,25,413,104.1,PNC Park,1,PIT
Gunnar Henderson,26-08-30,Orioles,25,413,108.5,Sutter Health Park,1,ATH
Nolan Arenado,26-09-16,Diamondbacks,25,413,105.7,Chase Field,1,ARI
Jordan Walker,26-08-16,Cardinals,24,413,106.6,Wrigley Field,1,CHC
Francisco Alvarez,26-04-11,Mets,24,413,108.5,Citi Field,1,NYM
Kevin McGonigle,26-05-17,Tigers,24,413,103.9,Comerica Park,0,DET
Michael Conforto,26-04-08,Cubs,24,413,105.4,Tropicana Field,0,TBR
Jose Siri,26-08-09,Angels,23,413,107.2,loanDepot Park,1,MIA
Jake Bauers,26-08-22,Brewers,23,413,106.5,American Family Field,1,MIL
Trea Turner,26-09-01,Phillies,23,413,103.1,Chase Field,0,ARI
Pete Crow-Armstrong,26-09-03,Cubs,21,413,104.3,Wrigley Field,1,CHC
Konnor Griffin,26-05-10,Pirates,21,413,110.2,Oracle Park,1,SFG
Eugenio Suarez,26-08-29,Reds,21,413,100.9,Wrigley Field,1,CHC
Freddie Freeman,26-05-08,Dodgers,20,413,107.2,Dodger Stadium,1,LAD
J.P. Crawford,26-09-12,Mariners,20,413,104.5,Sutter Health Park,1,ATH
Mauricio Dubon,26-04-02,Braves,18,413,101.7,Chase Field,1,ARI
Davis Schneider,26-06-14,Blue Jays,17,413,105.1,Rogers Centre,1,TOR
Junior Caminero,26-05-19,Rays,15,413,107.8,Tropicana Field,0,TBR
Jake Burger,26-09-18,Rangers,14,413,107.1,Globe Life Park,0,TEX
Willi Castro,26-07-20,Rockies,11,413,101.8,Coors Field,0,COL
Corbin Carroll,26-07-19,Diamondbacks,10,413,104.2,Chase Field,0,ARI
Austin Riley,26-07-19,Braves,9,413,109.4,Truist Park,1,ATL
Randal Grichuk,26-08-16,Yankees,9,413,109.2,Comerica Park,0,DET
Freddy Fermin,26-04-21,Padres,8,413,101.2,Coors Field,0,COL
Teoscar Hernandez,26-08-18,Dodgers,4,413,102,Coors Field,0,COL
Bryce Eldridge,26-05-20,Giants,2,413,113.4,Chase Field,0,ARI
Otto Lopez,26-07-02,Marlins,1,413,103.6,Coors Field,0,COL
Zack Gelof,26-09-24,Athletics,11,413,101.8,Sutter Health Park,1,ATH
Munetaka Murakami,26-05-01,White Sox,29,413,111.1,Petco Park,1,SDP
JJ Bleday,26-09-26,Reds,30,413,103.3,Rogers Centre,1,TOR
Luis Garcia Jr.,26-07-03,Nationals,30,413,106,Nationals Park,1,WSH
James Wood,26-06-14,Nationals,30,413,109.4,Nationals Park,1,WSH
Luis Garcia Jr.,26-08-20,Nationals,30,413,107.1,Camden Yards,1,BAL
Luis Garcia Jr.,26-09-09,Nationals,29,413,105.6,Yankee Stadium,1,NYY
Luis Garcia Jr.,26-09-10,Nationals,26,413,103.7,Yankee Stadium,1,NYY
James McCann,26-09-26,Diamondbacks,28,412,105,Petco Park,1,SDP
Yordan Alvarez,26-04-06,Astros,3,412,103.5,Coors Field,0,COL
Teoscar Hernandez,26-09-25,Dodgers,30,412,109.2,Oracle Park,1,SFG
James Wood,26-04-21,Nationals,30,412,114.5,Nationals Park,1,WSH
Jordan Lawlar,26-09-14,Diamondbacks,30,412,104,Chase Field,1,ARI
Vinnie Pasquantino,26-04-16,Royals,30,412,108,Comerica Park,1,DET
Hunter Goodman,26-04-29,Rockies,30,412,101.2,Great American Ball Park,1,CIN
Bo Bichette,26-09-06,Mets,30,412,107.5,Citi Field,1,NYM
Michael Massey,26-04-21,Royals,30,412,104.1,Kauffman Stadium,1,KCR
Francisco Alvarez,26-09-04,Mets,30,412,107.5,Citi Field,1,NYM
Kyle Stowers,26-09-01,Marlins,30,412,110.4,Kauffman Stadium,1,KCR
Kazuma Okamoto,26-07-06,Blue Jays,30,412,110.8,Oracle Park,1,SFG
Kerry Carpenter,26-06-26,Tigers,30,412,105.3,Comerica Park,1,DET
Shea Langeliers,26-05-07,Athletics,30,412,108.4,Citizens Bank Park,1,PHI
Trent Grisham,26-05-02,Yankees,30,412,105.6,Yankee Stadium,1,NYY
Travis Bazzana,26-05-24,Guardians,30,412,105.3,Citizens Bank Park,1,PHI
Connor Norby,26-05-15,Marlins,30,412,105.1,Tropicana Field,1,TBR
Adrian Del Castillo,26-05-03,Diamondbacks,30,412,101.5,Wrigley Field,1,CHC
Andres Gimenez,26-05-28,Blue Jays,30,412,102,Camden Yards,1,BAL
Dominic Canzone,26-05-30,Mariners,30,412,100.4,T-Mobile Park,1,SEA
Taylor Trammell,26-06-29,Astros,30,412,109.8,Daikin Park,1,HOU
Leody Taveras,26-07-01,Orioles,30,412,107.5,Camden Yards,1,BAL
Randy Arozarena,26-07-04,Mariners,30,412,105.2,T-Mobile Park,1,SEA
Casey Schmitt,26-07-24,Giants,30,412,105.9,Oracle Park,1,SFG
Mookie Betts,26-08-12,Dodgers,30,412,103.2,Dodger Stadium,1,LAD
Jarren Duran,26-05-26,Red Sox,30,412,106.9,Fenway Park,1,BOS
J.T. Realmuto,26-06-15,Phillies,30,412,107.4,Citizens Bank Park,1,PHI
Tyler Callihan,26-06-28,Pirates,30,412,107,PNC Park,1,PIT
Carlos Narvaez,26-07-17,Red Sox,30,412,106.9,Fenway Park,1,BOS
Wilyer Abreu,26-07-19,Red Sox,30,412,103.7,Fenway Park,1,BOS
Victor Mesa Jr,26-08-08,Rays,30,412,105.7,T-Mobile Park,1,SEA
Lane Thomas,26-08-12,Royals,30,412,105.7,Truist Park,1,ATL
Jackson Merrill,26-09-09,Padres,30,412,106.3,Petco Park,1,SDP
Rob Refsnyder,26-04-26,Mariners,30,412,106.6,Busch Stadium,1,STL
Jared Triolo,26-08-30,Pirates,30,412,104.1,Busch Stadium,1,STL
Tommy Pham,26-09-16,White Sox,30,412,106.5,Progressive Field,1,CLE
Bryson Stott,26-05-03,Phillies,29,412,101.6,loanDepot Park,1,MIA
Michael Busch,26-07-01,Cubs,29,412,102.1,Wrigley Field,1,CHC
Jarren Duran,26-08-25,Red Sox,29,412,105,loanDepot Park,1,MIA
Jonathan Aranda,26-09-04,Rays,29,412,103.6,Globe Life Park,1,TEX
Pete Alonso,26-09-23,Orioles,29,412,109.2,Camden Yards,1,BAL
Vinnie Pasquantino,26-09-22,Royals,29,412,104.5,Kauffman Stadium,1,KCR
Brandon Nimmo,26-06-23,Rangers,28,412,105.9,loanDepot Park,1,MIA
Maikel Garcia,26-04-11,Royals,27,412,106.4,Kauffman Stadium,1,KCR
Luis Robert Jr,26-04-09,Mets,27,412,109.8,Citi Field,1,NYM
Brandon Valenzuela,26-05-02,Blue Jays,27,412,107.5,Target Field,1,MIN
Taylor Tramell,26-07-27,Astros,27,412,105.2,Angel Stadium,1,LAA
Daulton Varsho,26-08-26,Blue Jays,27,412,102.3,Yankee Stadium,1,NYY
Jake Burger,26-08-24,Rangers,27,412,108.2,Rate Field,1,CWS
Juan Soto,26-05-14,Mets,26,412,105.2,Citi Field,1,NYM
Shohei Ohtani,26-06-10,Dodgers,26,412,103.9,PNC Park,1,PIT
Rafael Devers,26-08-21,Giants,25,412,107.1,Fenway Park,1,BOS
Matt Olson,26-05-05,Braves,25,412,110.5,T-Mobile Park,1,SEA
Josh Bell,26-06-30,Twins,25,412,109.6,Daikin Park,0,HOU
Cole Young,26-06-29,Mariners,25,412,104.6,T-Mobile Park,1,SEA
Nick Kurtz,26-07-26,Athletics,25,412,104.1,Target Field,1,MIN
Max Schuemann,26-06-27,Yankees,23,412,103.6,Fenway Park,1,BOS
Victor Mesa Jr,26-07-20,Rays,23,412,106.3,Rogers Centre,1,TOR
Shea Langeliers,26-05-25,Athletics,21,412,104.1,Sutter Health Park,1,ATH
Teoscar Hernandez,26-07-30,Dodgers,20,412,102.8,Dodger Stadium,1,LAD
Jake Bauers,26-09-11,Brewers,20,412,109.8,American Family Field,1,MIL
Josh Jung,26-04-18,Rangers,19,412,106.4,T-Mobile Park,1,SEA
Kyle Stowers,26-09-23,Marlins,19,412,108.6,Wrigley Field,1,CHC
Lawrence Butler,26-06-19,Athletics,18,412,105.2,Sutter Health Park,1,ATH
Dalton Rushing,26-04-15,Dodgers,16,412,105.3,Dodger Stadium,1,LAD
Daylen Lile,26-07-17,Nationals,15,412,100.9,Sutter Health Park,1,ATH
Marcell Ozuna,26-06-19,Pirates,15,412,100.7,Coors Field,0,COL
Dustin Harris,26-09-16,White Sox,14,412,98.5,Coors Field,0,COL
Rafael Devers,26-05-29,Giants,12,412,102.8,Coors Field,0,COL
Victor Mesa Jr,26-08-11,Rays,12,412,101.3,Sutter Health Park,1,ATH
Jackson Chourio,26-06-14,Brewers,10,412,102.6,American Family Field,1,MIL
Junior Caminero,26-08-11,Rays,9,412,105.4,Sutter Health Park,1,ATH
Jake Bauers,26-06-02,Brewers,8,412,104.4,American Family Field,1,MIL
Joey Ortiz,26-06-29,Brewers,8,412,104.9,American Family Field,1,MIL
Alec Bohm,26-07-06,Phillies,8,412,102.3,Kauffman Stadium,0,KCR
Rafael Devers,26-05-20,Giants,6,412,112.4,Chase Field,0,ARI
Andy Pages,26-04-03,Dodgers,1,412,109.1,Nationals Park,1,WSH
Elly De La Cruz,26-06-29,Reds,30,412,102.5,American Family Field,1,MIL
Manny Machado,26-07-21,Padres,30,412,104.8,Truist Park,1,ATL
CJ Abrams,26-06-19,Nationals,28,412,106.2,Tropicana Field,1,TBR
Luis Garcia Jr.,26-06-24,Nationals,28,412,105.5,Nationals Park,1,WSH
Turner Hill,26-09-26,Giants,29,412,103.1,Oracle Park,0,SFG
James Wood,26-05-25,Nationals,30,412,107.7,Progressive Field,1,CLE
Elly De La Cruz,26-09-07,Reds,25,412,108.2,Dodger Stadium,1,LAD
Colson Montgomery,26-06-17,White Sox,27,412,104.9,Yankee Stadium,1,NYY
Munetaka Murakami,26-09-25,White Sox,30,412,109.4,Rate Field,1,CWS
Royce Lewis,26-09-27,Twins,28,412,105.2,Target Field,1,MIN
Trevor Story,26-04-15,Red Sox,30,411,101.8,Target Field,1,MIN
Christian Walker,26-07-28,Astros,30,411,108.4,Angel Stadium,1,LAA
Victor Caratini,26-06-14,Twins,30,411,103.6,Target Field,1,MIN
Jo Adell,26-04-06,Angels,30,411,113.2,Angel Stadium,1,LAA
Luke Raley,26-03-28,Mariners,30,411,108.9,T-Mobile Park,1,SEA
Dillon Dingler,26-04-16,Tigers,30,411,107.5,Comerica Park,1,DET
Ronald Acuna Jr,26-04-10,Braves,30,411,104.9,Truist Park,1,ATL
Nolan Arenado,26-04-29,Diamondbacks,30,411,104.3,American Family Field,1,MIL
Dylan Beavers,26-04-24,Orioles,30,411,102.3,Camden Yards,1,BAL
Casey Schmitt,26-05-26,Giants,30,411,105.3,Oracle Park,1,SFG
Casey Schmitt,26-06-05,Giants,30,411,104.8,Wrigley Field,1,CHC
Jazz Chisholm Jr,26-06-07,Yankees,30,411,104,Yankee Stadium,1,NYY
Matt Olson,26-06-09,Braves,30,411,103.4,Rate Field,1,CWS
Bo Bichette,26-06-24,Mets,30,411,106.3,Citi Field,1,NYM
Matt Olson,26-07-03,Braves,30,411,105.9,Truist Park,1,ATL
Henry Bolte,26-07-07,Athletics,30,411,107.8,Comerica Park,1,DET
Shea Langeliers,26-07-12,Athletics,30,411,105.1,Rate Field,1,CWS
Fernando Tatis Jr,26-07-18,Padres,30,411,106.2,Kauffman Stadium,1,KCR
Jacob Wilson,26-07-18,Athletics,30,411,103,Sutter Health Park,1,ATH
Weston Wilson,26-07-21,Orioles,30,411,101.3,T-Mobile Park,1,SEA
Jackson Merrill,26-08-09,Padres,30,411,106.8,Petco Park,1,SDP
Alec Burleson,26-04-29,Cardinals,30,411,108.4,PNC Park,1,PIT
Ian Happ,26-04-17,Cubs,30,411,106.4,Wrigley Field,1,CHC
Spencer Steer,26-04-28,Reds,30,411,102.3,Great American Ball Park,1,CIN
Spencer Steer,26-05-06,Reds,30,411,104.1,Wrigley Field,1,CHC
Hunter Goodman,26-06-05,Rockies,30,411,106.4,Coors Field,1,COL
Esmerlyn Valdez,26-06-29,Pirates,30,411,103.4,Citizens Bank Park,1,PHI
Alec Bohm,26-07-22,Phillies,30,411,103.3,Citizens Bank Park,1,PHI
Coby Mayo,26-09-07,Orioles,30,411,104.7,Camden Yards,1,BAL
Brandon Lowe,26-09-01,Pirates,30,411,103.7,PNC Park,1,PIT
Randy Arozarena,26-09-12,Mariners,30,411,102.8,Sutter Health Park,1,ATH
Ivan Herrera,26-07-26,Cardinals,30,411,104.4,Busch Stadium,1,STL
Nelson Velazquez,26-05-29,Cardinals,30,411,105,Busch Stadium,1,STL
Ronald Acuna Jr,26-09-19,Braves,30,411,105.1,Daikin Park,1,HOU
Zack Gelof,26-09-22,Athletics,30,411,101.9,Sutter Health Park,1,ATH
Colt Keith,26-06-15,Tigers,29,411,108.8,Daikin Park,1,HOU
Giancarlos Stanton,26-04-13,Yankees,29,411,110.5,Yankee Stadium,1,NYY
Randal Grichuk,26-04-13,Yankees,29,411,106.9,Yankee Stadium,0,NYY
Dillon Dingler,26-07-31,Tigers,29,411,100.2,Sutter Health Park,1,ATH
Spencer Horwitz,26-06-07,Pirates,29,411,103.1,Truist Park,1,ATL
Luke Keaschall,26-08-30,Twins,29,411,98.7,Target Field,1,MIN
Brett Sullivan,26-08-14,Rockies,29,411,104,Oracle Park,0,SFG
Rafael Devers,26-04-08,Giants,28,411,108.1,Oracle Park,1,SFG
Jackson Merrill,26-08-22,Padres,28,411,105.5,Petco Park,1,SDP
Pete Crow-Armstrong,26-09-20,Cubs,28,411,105.3,Great American Ball Park,1,CIN
Curtis Mead,26-06-06,Nationals,27,411,104.3,Chase Field,1,ARI
Cole Young,26-05-12,Mariners,27,411,104.4,Daikin Park,0,HOU
Nolan Arenado,26-04-22,Diamondbacks,27,411,102.3,Chase Field,1,ARI
Lane Thomas,26-06-17,Royals,27,411,100.8,Nationals Park,1,WSH
Julio Rodriguez,26-08-16,Mariners,26,411,107.3,Daikin Park,0,HOU
Agustin Ramirez,26-04-20,Marlins,26,411,111.8,loanDepot Park,1,MIA
Mike Trout,26-05-23,Angels,26,411,108.9,Angel Stadium,1,LAA
Ketel Marte,26-07-26,Diamondbacks,26,411,105.3,Nationals Park,1,WSH
Zach Neto,26-08-06,Angels,25,411,105,Camden Yards,1,BAL
Joey Ortiz,26-08-27,Brewers,25,411,105.4,Citi Field,0,NYM
Emmanuel Rodriguez,26-09-21,Twins,25,411,106.8,Oracle Park,1,SFG
Braden Montgomery,26-06-24,White Sox,24,411,107.1,Rate Field,1,CWS
Ryan Waldschmidt,26-08-07,Diamondbacks,24,411,105.5,Chase Field,1,ARI
Willson Contreras,26-04-12,Red Sox,24,411,106.2,Busch Stadium,1,STL
Travis Bazzana,26-09-18,Guardians,24,411,100.4,Progressive Field,1,CLE
Dillon Dingler,26-06-01,Tigers,23,411,109.2,Tropicana Field,0,TBR
Casey Schmitt,26-06-30,Giants,22,411,103.5,Chase Field,0,ARI
Matt Mclain,26-06-07,Reds,22,411,104,Busch Stadium,1,STL
Coby Mayo,26-07-29,Orioles,21,411,103.1,Comerica Park,0,DET
Jake Burger,26-07-29,Rangers,21,411,110.2,Tropicana Field,0,TBR
Dane Myers,26-04-04,Reds,20,411,104.7,Globe Life Park,0,TEX
Rhys Hoskins,26-04-12,Guardians,20,411,102.7,Truist Park,1,ATL
Ceddanne Rafaela,26-08-11,Red Sox,20,411,101.8,Rogers Centre,1,TOR
Pete Alonso,26-07-08,Orioles,19,411,106.2,Camden Yards,1,BAL
William Contreras,26-07-19,Brewers,19,411,102.8,American Family Field,1,MIL
Henry Bolte,26-08-01,Athletics,19,411,105.3,Sutter Health Park,1,ATH
Samuel Basallo,26-08-22,Orioles,19,411,104.1,Camden Yards,1,BAL
Michael Conforto,26-09-05,Cubs,19,411,103.2,loanDepot Park,1,MIA
Cedric Mullins,26-07-20,Rays,19,411,102.9,Rogers Centre,1,TOR
Jac Caglianone,26-06-05,Royals,18,411,111.1,Target Field,0,MIN
Ryan Kreidler,26-06-20,Twins,17,411,106,Chase Field,0,ARI
Ben Rice,26-04-10,Yankees,17,411,104.4,Tropicana Field,1,TBR
Ben Rice,26-05-29,Yankees,17,411,102.5,Sutter Health Park,1,ATH
Daniel Susac,26-07-29,Giants,16,411,102.9,Oracle Park,1,SFG
Kyle Schwarber,26-05-29,Phillies,15,411,104.8,Dodger Stadium,1,LAD
Daylen Lile,26-08-19,Nationals,14,411,105.5,Globe Life Park,0,TEX
Bryce Harper,26-05-10,Phillies,13,411,101.8,Citizens Bank Park,1,PHI
Brice Turang,26-05-10,Brewers,9,411,104.1,American Family Field,1,MIL
Lawrence Butler,26-08-14,Athletics,9,411,103.4,Sutter Health Park,1,ATH
Tim Tawa,26-07-22,Diamondbacks,8,411,102.3,Chase Field,0,ARI
Max Kepler,26-07-03,Diamondbacks,6,411,108.6,Chase Field,0,ARI
Jackson Chourio,26-06-27,Brewers,3,411,108,American Family Field,1,MIL
Carlos Correa,26-04-06,Astros,2,411,103.5,Coors Field,0,COL
Jordan Walker,26-09-25,Cardinals,11,411,105.9,American Family Field,1,MIL
Ronny Mauricio,26-09-26,Mets,30,411,106.6,Nationals Park,1,WSH
Max Muncy (D),26-03-31,Dodgers,30,410,108.1,Dodger Stadium,1,LAD
Pete Alonso,26-09-16,Orioles,30,410,108.4,Citi Field,1,NYM
Eugenio Suarez,26-04-01,Reds,30,410,107.3,Great American Ball Park,1,CIN
Brandon Lowe,26-04-13,Pirates,30,410,104.5,PNC Park,1,PIT
Tyrone Taylor,26-08-01,Mets,30,410,104.5,Citi Field,1,NYM
Zach Neto,26-06-06,Angels,30,410,106.2,Dodger Stadium,1,LAD
Ben Rice,26-04-05,Yankees,30,410,110,Yankee Stadium,1,NYY
Gunnar Henderson,26-04-24,Orioles,30,410,109.1,Camden Yards,1,BAL
Francisco Lindor,26-04-21,Mets,30,410,107.9,Citi Field,1,NYM
William Contreras,26-05-22,Brewers,30,410,107.2,American Family Field,1,MIL
Miguel Vargas,26-05-09,White Sox,30,410,106.5,Rate Field,1,CWS
Ronald Acuna Jr,26-04-24,Braves,30,410,105.8,Truist Park,1,ATL
Aaron Judge,26-04-16,Yankees,30,410,105.1,Yankee Stadium,1,NYY
Zach Neto,26-05-05,Angels,30,410,104.7,Angel Stadium,1,LAA
Jose Ramirez,26-05-18,Guardians,30,410,102.8,Comerica Park,1,DET
Jorge Mateo,26-05-30,Braves,30,410,106.6,Great American Ball Park,1,CIN
Andy Pages,26-06-09,Dodgers,30,410,105,PNC Park,1,PIT
Jose Altuve,26-06-15,Astros,30,410,101.7,Daikin Park,1,HOU
Miguel Rojas,26-06-30,Dodgers,30,410,104.9,Sutter Health Park,1,ATH
Alex Jackson,26-07-04,Twins,30,410,105.7,Yankee Stadium,1,NYY
Jackson Chourio,26-07-04,Brewers,30,410,105.7,Chase Field,1,ARI
Masyn Winn,26-06-21,Cardinals,30,410,100.5,Kauffman Stadium,1,KCR
Alex Bregman,26-06-11,Cubs,30,410,103.5,Coors Field,1,COL
Ryan McMahon,26-08-03,Yankees,30,410,103.6,Yankee Stadium,1,NYY
Cal Raleigh,26-08-21,Mariners,30,410,107.2,T-Mobile Park,1,SEA
Shay Whitcomb,26-08-27,Astros,30,410,104.9,Oracle Park,1,SFG
Sal Stewart,26-06-16,Reds,30,410,106.9,Great American Ball Park,1,CIN
Jac Caglianone,26-08-01,Royals,30,410,102.6,Coors Field,1,COL
Junior Caminero,26-08-10,Rays,30,410,104.5,Sutter Health Park,1,ATH
Ezequiel Duran,26-08-30,Rangers,30,410,99.6,American Family Field,1,MIL
Bobby Witt,26-09-04,Royals,30,410,106.7,Kauffman Stadium,1,KCR
Julio Rodriguez,26-09-10,Mariners,30,410,112.4,T-Mobile Park,1,SEA
Kazuma Okamoto,26-09-13,Blue Jays,30,410,107.9,Rogers Centre,1,TOR
David Fry,26-09-14,Guardians,30,410,108,Progressive Field,1,CLE
Ivan Herrera,26-05-19,Cardinals,30,410,102.6,Busch Stadium,1,STL
Chase Meidroth,26-09-22,White Sox,30,410,102.9,Kauffman Stadium,1,KCR
Corey Seager,26-04-15,Rangers,29,410,107.7,Sutter Health Park,1,ATH
Pete Alonso,26-04-22,Orioles,29,410,106.9,Kauffman Stadium,1,KCR
Tristan Peters,26-07-10,White Sox,29,410,104.5,Rate Field,1,CWS
Jung Hoo Lee,26-08-03,Giants,29,410,100.6,Globe Life Park,1,TEX
Jonathan Aranda,26-05-29,Rays,29,410,108.2,Tropicana Field,1,TBR
Jake Mangum,26-05-30,Pirates,29,410,104.5,PNC Park,1,PIT
Chase Delauter,26-09-09,Guardians,29,410,106.7,Camden Yards,1,BAL
Kenny Piper,26-08-21,Rays,29,410,102.5,Camden Yards,1,BAL
Vladimir Guerrero Jr.,26-06-18,Blue Jays,28,410,102.5,Fenway Park,1,BOS
Mike Trout,26-05-19,Angels,28,410,104.6,Angel Stadium,1,LAA
Andrew Benintendi,26-04-23,White Sox,28,410,104.5,Chase Field,1,ARI
Joe Mack,26-06-02,Marlins,28,410,106.7,Nationals Park,1,WSH
Everson Pereira,26-08-02,White Sox,28,410,100.3,Tropicana Field,1,TBR
Jac Caglianone,26-08-10,Royals,28,410,110.8,Dodger Stadium,1,LAD
Carson Kelly,26-07-11,Cubs,27,410,103,Great American Ball Park,1,CIN
Fernando Tatis Jr,26-06-23,Padres,27,410,106.6,Petco Park,1,SDP
Pete Crow-Armstrong,26-04-28,Cubs,27,410,106.3,Petco Park,1,SDP
Eric Haase,26-05-26,Giants,26,410,105.2,Oracle Park,1,SFG
Jorbit Vivas,26-06-23,Nationals,26,410,103.5,Nationals Park,1,WSH
Fernando Tatis Jr,26-09-19,Padres,25,410,107.4,Petco Park,1,SDP
Kerry Carpenter,26-06-30,Tigers,25,410,102.9,Yankee Stadium,1,NYY
Jahmai Jones,26-08-23,Tigers,25,410,103.7,Fenway Park,0,BOS
Josh Lowe,26-09-05,Angels,24,410,105.4,PNC Park,1,PIT
Kyle Stowers,26-09-02,Marlins,23,410,102.1,Kauffman Stadium,1,KCR
Drake Baldwin,26-03-31,Braves,23,410,105.4,Truist Park,1,ATL
Salvador Perez,26-07-29,Royals,23,410,101.8,Target Field,0,MIN
TJ Rumfield,26-05-23,Rockies,22,410,99.5,Chase Field,1,ARI
Jorge Soler,26-05-05,Angels,22,410,105.9,Angel Stadium,1,LAA
Garrett Mitchell,26-09-06,Brewers,22,410,109.2,Great American Ball Park,0,CIN
Jeremy Pena,26-09-19,Astros,22,410,105.7,Daikin Park,0,HOU
Willy Adames,26-05-26,Giants,21,410,99.5,Oracle Park,1,SFG
Coby Mayo,26-09-15,Orioles,21,410,106.9,Citi Field,1,NYM
Michael Busch,26-08-05,Cubs,19,410,103.9,Wrigley Field,0,CHC
Eduardo Valencia,26-09-22,Tigers,19,410,104.8,Comerica Park,0,DET
Jackson Chourio,26-06-13,Brewers,17,410,103.2,American Family Field,1,MIL
Corbin Carroll,26-05-18,Diamondbacks,16,410,101.2,Chase Field,0,ARI
Henry Bolte,26-06-17,Athletics,16,410,102.6,Sutter Health Park,1,ATH
Tim Tawa,26-09-12,Diamondbacks,16,410,103.8,Chase Field,0,ARI
Brandon Nimmo,26-03-29,Rangers,15,410,103.7,Citizens Bank Park,1,PHI
Drew Gilbert,26-07-05,Giants,14,410,96.3,Coors Field,1,COL
Nolan Gorman,26-09-05,Cardinals,14,410,105.2,Coors Field,0,COL
Ryan Jeffers,26-09-07,Twins,13,410,104.6,Comerica Park,0,DET
Nick Kurtz,26-05-30,Athletics,12,410,104,Sutter Health Park,1,ATH
Corbin Carroll,26-04-01,Diamondbacks,12,410,106.8,Chase Field,1,ARI
Ketel Marte,26-05-19,Diamondbacks,12,410,104.6,Chase Field,0,ARI
Kyle Manzardo,26-05-07,Guardians,12,410,102.2,Kauffman Stadium,0,KCR
Dane Myers,26-09-22,Reds,11,410,102.6,Truist Park,1,ATL
Jackson Chourio,26-06-13,Brewers,11,410,102.3,American Family Field,1,MIL
Carter Jensen,26-07-01,Royals,11,410,102.4,Kauffman Stadium,0,KCR
Ryan Waldschmidt,26-05-11,Diamondbacks,10,410,102.1,Globe Life Park,0,TEX
Dominic Canzone,26-09-11,Mariners,8,410,104.1,Sutter Health Park,0,ATH
Gunnar Henderson,26-03-30,Orioles,5,410,105.3,Camden Yards,1,BAL
Casey Schmitt,26-04-30,Giants,5,410,101.9,Citizens Bank Park,0,PHI
Elly De La Cruz,26-07-26,Reds,30,410,105.5,Busch Stadium,1,STL
Colson Montgomery,26-06-14,White Sox,30,410,101.6,Rate Field,1,CWS
James Wood,26-06-21,Nationals,23,410,104.7,Tropicana Field,0,TBR
Ronny Mauricio,26-09-27,Mets,24,410,107.5,Nationals Park,1,WSH
Munetaka Murakami,26-03-28,White Sox,18,409,102.9,American Family Field,1,MIL
Manny Machado,26-09-23,Padres,16,409,108.6,Dodger Stadium,1,LAD
James Wood,26-04-06,Nationals,20,409,114.3,Nationals Park,1,WSH
Francisco Lindor,26-09-27,Mets,30,409,110.8,Nationals Park,1,WSH
Max Muncy (D),26-06-13,Dodgers,30,409,101.4,Rate Field,1,CWS
Isaac Paredes,26-09-09,Astros,30,409,104.1,Citizens Bank Park,1,PHI
Jac Caglianone,26-04-26,Royals,30,409,109,Kauffman Stadium,1,KCR
Gunnar Henderson,26-08-11,Orioles,30,409,108.1,Target Field,1,MIN
Julio Rodriguez,26-07-21,Mariners,30,409,107.9,T-Mobile Park,1,SEA
Matt Wallner,26-04-05,Twins,30,409,110.1,Target Field,1,MIN
Ketel Marte,26-04-29,Diamondbacks,30,409,109.9,American Family Field,1,MIL
Christian Yelich,26-05-18,Brewers,30,409,109.3,Wrigley Field,1,CHC
Byron Buxton,26-04-22,Twins,30,409,107.6,Citi Field,1,NYM
Austin Riley,26-05-12,Braves,30,409,107,Truist Park,1,ATL
Daylen Lile,26-05-13,Nationals,30,409,105.8,Great American Ball Park,1,CIN
Bo Bichette,26-05-18,Mets,30,409,105.3,Nationals Park,1,WSH
Gary Sanchez,26-04-14,Brewers,30,409,104.1,American Family Field,1,MIL
Ketel Marte,26-06-01,Diamondbacks,30,409,111.9,Chase Field,1,ARI
Jazz Chisholm Jr,26-06-03,Yankees,30,409,107.5,Yankee Stadium,1,NYY
Shohei Ohtani,26-06-13,Dodgers,30,409,109.6,Rate Field,1,CWS
Alejandro Kirk,26-06-27,Blue Jays,30,409,103.7,Rogers Centre,1,TOR
Raynel Delgado,26-06-28,Astros,30,409,99.1,Comerica Park,1,DET
Curtis Mead,26-06-25,Nationals,30,409,107.5,Nationals Park,1,WSH
Joe Mack,26-07-20,Marlins,30,409,107.9,Daikin Park,1,HOU
Cooper Pratt,26-07-25,Brewers,30,409,102.3,American Family Field,1,MIL
Kyle Stowers,26-07-26,Marlins,30,409,104.3,loanDepot Park,1,MIA
Jordan Walker,26-07-05,Cardinals,30,409,109.2,Wrigley Field,1,CHC
Chase Meidroth,26-08-06,White Sox,30,409,105.5,Fenway Park,1,BOS
Taylor Trammell,26-08-08,Astros,30,409,103.6,Petco Park,1,SDP
Francisco Lindor,26-08-14,Mets,30,409,110.3,Citi Field,1,NYM
James McCann,26-09-02,Diamondbacks,30,409,104.5,Chase Field,1,ARI
William Contreras,26-08-29,Brewers,30,409,105.8,American Family Field,1,MIL
Lamonte Wade Jr,26-08-30,Astros,30,409,103.9,Citi Field,1,NYM
Trea Turner,26-05-19,Phillies,30,409,104.2,Citizens Bank Park,1,PHI
Lane Thomas,26-06-01,Royals,30,409,106.3,Great American Ball Park,1,CIN
Jonathan Aranda,26-05-31,Rays,30,409,109.2,Tropicana Field,1,TBR
Nate Eaton,26-06-21,Red Sox,30,409,103.2,T-Mobile Park,1,SEA
Richie Palacios,26-07-04,Rays,30,409,101.7,Daikin Park,1,HOU
Jac Caglianone,26-08-27,Royals,30,409,104.9,Rogers Centre,1,TOR
Joc Pederson,26-09-05,Rangers,30,409,106.3,Globe Life Park,1,TEX
Jarren Duran,26-08-31,Red Sox,30,409,111,Fenway Park,1,BOS
John Rave,26-09-08,Royals,30,409,101.1,Kauffman Stadium,1,KCR
Juan Brito,26-09-12,Guardians,30,409,105.5,American Family Field,1,MIL
Andrew Knizner,26-09-13,Giants,30,409,105.2,Oracle Park,1,SFG
Ivan Herrera,26-05-29,Cardinals,30,409,105.5,Busch Stadium,1,STL
Taylor Tramell,26-08-12,Astros,29,409,103.8,Oracle Park,0,SFG
Kazuma Okamoto,26-05-05,Blue Jays,29,409,107.9,Tropicana Field,1,TBR
Jonah Heim,26-05-31,Braves,29,409,105.7,Sutter Health Park,1,ATH
Ramon Laureano,26-05-26,Padres,29,409,103.2,Petco Park,1,SDP
Aramis Garcia,26-06-05,Diamondbacks,29,409,105.8,Chase Field,1,ARI
J.P. Crawford,26-06-03,Mariners,29,409,103.3,T-Mobile Park,1,SEA
Pete Crow-Armstrong,26-06-23,Cubs,29,409,101.9,Citi Field,1,NYM
JJ Bleday,26-05-25,Reds,29,409,105.6,Citi Field,1,NYM
Nathaniel Lowe,26-08-14,Reds,29,409,107.4,Progressive Field,1,CLE
Miguel Vargas,26-06-01,White Sox,28,409,104.1,Target Field,1,MIN
Jonathan Aranda,26-09-05,Rays,28,409,100.7,Globe Life Park,1,TEX
Ben Rice,26-05-17,White Sox,27,409,102,Citi Field,1,NYM
Matt Chapman,26-06-10,Giants,27,409,101.4,Oracle Park,1,SFG
Ben Rice,26-06-18,Yankees,26,409,102.8,Yankee Stadium,0,NYY
Curtis Mead,26-07-12,Nationals,26,409,102.6,Nationals Park,1,WSH
Jasson Dominguez,26-07-10,Yankees,26,409,105.8,Nationals Park,1,WSH
Kyle Teel,26-09-06,White Sox,26,409,106,Rate Field,1,CWS
Ramon Urias,26-03-31,Cardinals,26,409,106.1,Busch Stadium,1,STL
Danny Jansen,26-03-31,Rangers,25,409,104.1,Camden Yards,1,BAL
Sal Stewart,26-04-09,Reds,25,409,103.4,loanDepot Park,1,MIA
Derek Hill,26-05-03,White Sox,25,409,103.4,Petco Park,1,SDP
Ozzie Albies,26-09-01,Braves,25,409,99.1,Nationals Park,1,WSH
Jarren Duran,26-07-17,Red Sox,25,409,103.7,Fenway Park,0,BOS
Seiya Suzuki,26-08-11,Cubs,24,409,104.3,Nationals Park,1,WSH
Anthony Volpe,26-05-26,Yankees,24,409,103.1,Kauffman Stadium,1,KCR
Jordan Walker,26-05-15,Cardinals,24,409,104.5,Busch Stadium,1,STL
Luis Rengifo,26-08-16,Brewers,23,409,104.6,Progressive Field,1,CLE
Christian Walker,26-08-29,Astros,23,409,106.8,Citi Field,0,NYM
JJ Wetherholt,26-07-22,Cardinals,23,409,104.8,Angel Stadium,1,LAA
Ty France,26-06-19,Padres,22,409,104.1,Globe Life Park,1,TEX
Junior Perez,26-06-30,White Sox,22,409,106.1,Camden Yards,1,BAL
Seiya Suzuki,26-06-26,Cubs,21,409,103.8,American Family Field,1,MIL
Michael Busch,26-05-25,Cubs,21,409,105.5,PNC Park,1,PIT
Hunter Goodman,26-08-11,Rockies,21,409,104,Chase Field,0,ARI
Sal Stewart,26-07-31,Reds,20,409,104.1,Great American Ball Park,1,CIN
Corey Seager,26-04-10,Rangers,19,409,108.8,Dodger Stadium,1,LAD
Brice Turang,26-06-16,Brewers,19,409,103.3,American Family Field,1,MIL
Jordan Walker,26-09-01,Cardinals,18,409,109.3,Dodger Stadium,1,LAD
Jose Fernandez,26-03-31,Diamondbacks,17,409,101.6,Chase Field,1,ARI
Bryce Eldridge,26-08-14,Giants,17,409,104.3,Oracle Park,1,SFG
Hunter Goodman,26-08-10,Rockies,16,409,103.4,Chase Field,0,ARI
Tyler Soderstrom,26-05-26,Athletics,14,409,110.5,Sutter Health Park,1,ATH
Brandon Marsh,26-07-01,Phillies,13,409,100.2,Citizens Bank Park,0,PHI
Ty France,26-09-14,Padres,12,409,99.5,Coors Field,0,COL
Mike Trout,26-05-28,Angels,10,409,103.9,Comerica Park,0,DET
Shohei Ohtani,26-07-07,Dodgers,10,409,112.2,Dodger Stadium,1,LAD
Donovan Walton,26-05-26,Angels,9,409,100,Comerica Park,0,DET
Osleivis Basabe,26-08-31,Giants,9,409,101.4,Truist Park,1,ATL
Austin Riley,26-09-23,Braves,8,409,104.3,Truist Park,1,ATL
Kevin McGonigle,26-06-24,Tigers,8,409,105.3,Comerica Park,0,DET
Alec Bohm,26-05-18,Phillies,6,409,103.6,Citizens Bank Park,1,PHI
Bobby Witt,26-07-18,Royals,6,409,101.8,Kauffman Stadium,0,KCR
Spencer Horwitz,26-05-06,Pirates,5,409,103.4,Chase Field,0,ARI
Sterlin Thompson,26-06-20,Rockies,4,409,101.5,Coors Field,0,COL
Alex Freeland,26-04-19,Dodgers,2,409,100.1,Coors Field,0,COL
Jose Fernandez,26-04-26,Diamondbacks,1,409,103.1,Mexico City,1,MEX
Alex Freeland,26-04-17,Dodgers,1,409,102.8,Coors Field,0,COL
Max Muncy (A),26-08-23,Athletics,29,409,101.1,Daikin Park,1,HOU
Carter Jensen,26-09-26,Royals,13,409,108,Kauffman Stadium,0,KCR
Luis Garcia Jr.,26-08-27,Nationals,25,409,105.5,Yankee Stadium,0,NYY
Brandon Valenzuela,26-09-27,Blue Jays,18,409,101.7,Rogers Centre,1,TOR
Derek Hill,26-09-18,White Sox,30,408,105.7,Citi Field,1,NYM
Jake Burger,26-04-15,Rangers,30,408,104.3,Sutter Health Park,1,ATH
Ryan Waldschmidt,26-08-25,Diamondbacks,30,408,102.6,Chase Field,1,ARI
Michael Busch,26-08-22,Cubs,30,408,100.4,T-Mobile Park,1,SEA
Blaze Jordan,26-08-15,Cardinals,30,408,104.6,Wrigley Field,1,CHC
Pete Crow-Armstrong,26-08-16,Cubs,30,408,110.3,Wrigley Field,1,CHC
Vladimir Guerrero Jr.,26-08-08,Blue Jays,30,408,103.8,Citizens Bank Park,1,PHI
Francisco Lindor,26-07-01,Mets,30,408,104.6,Rogers Centre,1,TOR
William Contreras,26-06-21,Brewers,30,408,109.5,Truist Park,1,ATL
Juan Soto,26-05-20,Mets,30,408,109,Nationals Park,1,WSH
Kevin McGonigle,26-04-12,Tigers,30,408,108.8,Comerica Park,1,DET
Harrison Bader,26-03-30,Giants,30,408,107.3,Petco Park,1,SDP
Jose Ramirez,26-04-19,Guardians,30,408,106.2,Progressive Field,1,CLE
Jose Fernandez,26-03-31,Diamondbacks,30,408,104.2,Chase Field,1,ARI
Vaughn Grissom,26-06-03,Angels,30,408,106.8,Angel Stadium,1,LAA
Shay Whitcomb,26-06-10,Astros,30,408,104.9,Angel Stadium,1,LAA
Cam Smith,26-06-29,Astros,30,408,110.6,Daikin Park,1,HOU
Cal Raleigh,26-07-20,Mariners,30,408,102.1,T-Mobile Park,1,SEA
Riley Greene,26-07-20,Tigers,30,408,102.1,Wrigley Field,1,CHC
Alec Burleson,26-06-10,Cardinals,30,408,111.7,Citi Field,1,NYM
Seiya Suzuki,26-06-03,Cubs,30,408,108.9,Wrigley Field,1,CHC
Alex Bregman,26-04-24,Cubs,30,408,107.3,Dodger Stadium,1,LAD
Alec Burleson,26-04-18,Cardinals,30,408,106.6,Daikin Park,1,HOU
Jared Young,26-08-14,Mets,30,408,104.9,Citi Field,1,NYM
Jake Bauers,26-09-06,Brewers,30,408,109.8,Great American Ball Park,1,CIN
Spencer Horwitz,26-05-30,Pirates,30,408,107.2,PNC Park,1,PIT
Andruw Monasterio,26-06-05,Red Sox,30,408,104.9,Yankee Stadium,1,NYY
Kyle Schwarber,26-07-07,Phillies,30,408,112.2,Great American Ball Park,1,CIN
Nick Fortes,26-07-20,Rays,30,408,102.9,Rogers Centre,1,TOR
Alec Bohm,26-08-16,Phillies,30,408,105.4,Target Field,1,MIN
Willson Contreras,26-08-14,Red Sox,30,408,105.9,Rogers Centre,1,TOR
Kyle Schwarber,26-09-09,Phillies,30,408,105.7,Citizens Bank Park,1,PHI
Connor Norby,26-09-09,Marlins,30,408,105.8,Yankee Stadium,1,NYY
Kyle Teel,26-09-08,White Sox,30,408,112.4,Rate Field,1,CWS
Dillon Dingler,26-09-11,Tigers,30,408,107.4,Comerica Park,1,DET
Hao-Yu Lee,26-09-15,Tigers,30,408,106.1,Rogers Centre,1,TOR
Jose Siri,26-07-03,Angels,29,408,108,Angel Stadium,1,LAA
Cam Smith,26-06-10,Astros,29,408,102.8,Angel Stadium,1,LAA
Riley Greene,26-04-11,Tigers,29,408,106.9,Comerica Park,1,DET
Brice Turang,26-08-26,Brewers,29,408,104.9,Citi Field,1,NYM
Troy Johnston,26-08-14,Rockies,29,408,102.1,Oracle Park,0,SFG
Eugenio Suarez,26-09-04,Reds,29,408,105.7,Great American Ball Park,1,CIN
Ivan Herrera,26-05-21,Cardinals,29,408,108.7,Busch Stadium,1,STL
JJ Wetherholt,26-04-27,Cardinals,29,408,100.2,PNC Park,1,PIT
Nick Fortes,26-03-31,Rays,28,408,104,American Family Field,1,MIL
Jose Caballero,26-08-02,Yankees,28,408,106.6,Wrigley Field,1,CHC
Seiya Suzuki,26-08-31,Cubs,28,408,103.4,Wrigley Field,1,CHC
Christian Walker,26-03-30,Astros,27,408,105.4,Daikin Park,0,HOU
Nick Kurtz,26-05-29,Athletics,27,408,107.3,Sutter Health Park,1,ATH
Dylan Crews,26-07-28,Nationals,27,408,103,Nationals Park,1,WSH
Jake Burger,26-07-20,Rangers,27,408,99.3,Globe Life Park,1,TEX
Patrick Bailey,26-07-20,Giants,26,408,103.6,Progressive Field,1,CLE
Luis Robert Jr,26-08-09,Mets,26,408,108.3,Truist Park,1,ATL
Vaughn Grissom,26-09-02,Angels,26,408,105.6,Angel Stadium,1,LAA
Kyle Schwarber,26-05-15,Phillies,26,408,110.7,PNC Park,1,PIT
Victor Robles,26-06-13,Mariners,25,408,105.6,Nationals Park,0,WSH
Kyle Schwarber,26-06-28,Phillies,25,408,108.3,Citi Field,1,NYM
Brenton Doyle,26-04-09,Rockies,24,408,104.7,Petco Park,1,SDP
Kazuma Okamoto,26-07-24,Blue Jays,24,408,100.9,Fenway Park,1,BOS
Tommy Edman,26-08-14,Dodgers,24,408,104.3,Dodger Stadium,1,LAD
Wilyer Abreu,26-09-12,Red Sox,24,408,104.9,Fenway Park,0,BOS
Marcell Ozuna,26-06-26,Pirates,23,408,105.9,PNC Park,1,PIT
Wilyer Abreu,26-09-09,Red Sox,23,408,103.6,Fenway Park,1,BOS
Julio Rodriguez,26-06-19,Mariners,22,408,101.3,T-Mobile Park,1,SEA
Carson Benge,26-08-06,Mets,22,408,103.1,Progressive Field,0,CLE
Heriberto Hernandez,26-09-04,Marlins,22,408,104.9,loanDepot Park,0,MIA
Francisco Alvarez,26-07-31,Mets,21,408,105.4,Citi Field,0,NYM
Jake Burger,26-06-20,Rangers,20,408,104.1,Globe Life Park,1,TEX
Gary Sanchez,26-04-21,Brewers,19,408,102.7,Comerica Park,0,DET
Rafael Devers,26-06-10,Giants,19,408,101.3,Oracle Park,1,SFG
Matt Vierling,26-06-19,Tigers,19,408,103.6,Comerica Park,1,DET
AJ Ewing,26-07-05,Mets,16,408,103.4,Truist Park,1,ATL
James Outman,26-08-02,Tigers,14,408,103.7,Sutter Health Park,1,ATH
Bryan Reynolds,26-06-16,Pirates,14,408,104.2,Sutter Health Park,1,ATH
Joey Ortiz,26-09-13,Brewers,14,408,101.7,American Family Field,1,MIL
Kyle Tucker,26-04-17,Dodgers,13,408,103.8,Coors Field,0,COL
Vinnie Pasquantino,26-08-23,Royals,13,408,107.5,Kauffman Stadium,0,KCR
Pete Crow-Armstrong,26-07-24,Cubs,12,408,100.3,PNC Park,0,PIT
Isaac Collins,26-06-09,Royals,12,408,101.6,Kauffman Stadium,0,KCR
Yohendrick Pinango,26-05-26,Blue Jays,10,408,106.2,Rogers Centre,1,TOR
Bryce Harper,26-05-05,Phillies,6,408,107.2,Citizens Bank Park,1,PHI
Gabriel Moreno,26-03-31,Diamondbacks,5,408,105.4,Chase Field,0,ARI
Samuel Basallo,26-08-31,Orioles,5,408,99.7,Coors Field,0,COL
Juan Brito,26-09-23,Guardians,4,408,102.3,Truist Park,1,ATL
Bobby Witt,26-08-06,Royals,2,408,109.2,Kauffman Stadium,0,KCR
Seiya Suzuki,26-09-24,Cubs,26,408,106.1,Wrigley Field,1,CHC
Luis Garcia Jr.,26-06-13,Nationals,29,408,101,Nationals Park,1,WSH
Manny Machado,26-07-02,Padres,13,408,103.2,Dodger Stadium,1,LAD
Manny Machado,26-06-20,Padres,22,408,108.1,Globe Life Park,1,TEX
Randal Grichuk,26-09-27,Yankees,30,408,111.5,Rate Field,1,CWS
Drake Baldwin,26-09-26,Braves,8,407,103.5,loanDepot Park,1,MIA
Carson Benge,26-09-25,Mets,30,407,99.8,Nationals Park,1,WSH
Troy Johnston,26-04-06,Rockies,30,407,99.9,Coors Field,1,COL
Oneil Cruz,26-04-01,Pirates,30,407,107.4,Great American Ball Park,1,CIN
Jarren Duran,26-05-01,Red Sox,30,407,104,Fenway Park,1,BOS
Coby Mayo,26-08-18,Orioles,30,407,103.9,Camden Yards,1,BAL
James Outman,26-06-26,Tigers,30,407,105.3,Comerica Park,1,DET
Yordan Alvarez,26-05-08,Astros,30,407,115.9,Great American Ball Park,1,CIN
Nick Kurtz,26-06-15,Athletics,30,407,112,Sutter Health Park,1,ATH
Jo Adell,26-05-26,Angels,30,407,102.8,Comerica Park,1,DET
Coby Mayo,26-05-17,Orioles,30,407,112.7,Nationals Park,1,WSH
Ryan Jeffers,26-05-12,Twins,30,407,111.1,Target Field,1,MIN
Brent Rooker,26-05-16,Athletics,30,407,109.5,Sutter Health Park,1,ATH
Angel Martinez,26-05-17,Guardians,30,407,107.9,Progressive Field,1,CLE
Daniel Schneeman,26-04-17,Guardians,30,407,107.1,Progressive Field,1,CLE
Sal Frelick,26-03-26,Brewers,30,407,106.7,American Family Field,1,MIL
Patrick Bailey,26-04-22,Giants,30,407,106,Oracle Park,1,SFG
Miguel Andujar,26-05-03,Padres,30,407,105.5,Petco Park,1,SDP
Jose Altuve,26-06-13,Astros,30,407,102.2,Kauffman Stadium,1,KCR
Miguel Vargas,26-06-28,White Sox,30,407,105.1,Rate Field,1,CWS
Willy Adames,26-07-09,Giants,30,407,106.6,Oracle Park,1,SFG
Jahmai Jones,26-07-18,Tigers,30,407,105,Fenway Park,1,BOS
Ozzie Albies,26-07-27,Braves,30,407,104.7,Citi Field,1,NYM
Yainer Diaz,26-07-31,Astros,30,407,104.9,Daikin Park,1,HOU
Miguel Vargas,26-08-11,White Sox,30,407,106.6,Rate Field,1,CWS
Michael Conforto,26-05-07,Cubs,30,407,105,Wrigley Field,1,CHC
Drew Gilbert,26-08-10,Giants,30,407,101.1,Oracle Park,1,SFG
Isaac Paredes,26-08-15,Astros,30,407,102.4,Daikin Park,1,HOU
Drew Gilbert,26-08-27,Giants,30,407,103.5,Oracle Park,1,SFG
Zach Neto,26-08-29,Angels,30,407,103.3,Angel Stadium,1,LAA
Moises Ballesteros,26-09-07,Cubs,30,407,104.7,Fenway Park,1,LAA
Pedro Ramirez,26-09-07,Cubs,30,407,103.1,American Family Field,1,MIL
Liam Hicks,26-09-08,Marlins,30,407,100.8,Truist Park,1,ATL
Lane Thomas,26-06-16,Royals,30,407,101.9,Nationals Park,1,WSH
Spencer Steer,26-06-20,Reds,30,407,102.3,Yankee Stadium,1,NYY
Yohandy Morales,26-09-01,Nationals,30,407,100.8,Nationals Park,1,WSH
Coby Mayo,26-09-09,Orioles,30,407,106.6,Camden Yards,1,BAL
John Rave,26-08-23,Royals,30,407,103.2,Kauffman Stadium,1,KCR
Mickey Gasper,26-08-19,Red Sox,30,407,102.2,Fenway Park,1,BOS
Nathaniel Lowe,26-09-09,Reds,30,407,104.8,Camden Yards,1,BAL
Agustin Ramirez,26-09-13,Marlins,30,407,108.6,loanDepot Park,1,MIA
Jose Fermin,26-07-27,Cardinals,30,407,102.2,Busch Stadium,1,STL
Nathan Church,26-04-26,Cardinals,30,407,110.1,Busch Stadium,1,STL
Cole Carrigg,26-09-15,Rockies,30,407,103.6,Coors Field,1,COL
Bobby Witt,26-05-07,Royals,29,407,104.9,Kauffman Stadium,1,KCR
AJ Ewing,26-09-05,Mets,29,407,105.7,Citi Field,1,NYM
Josh Lowe,26-08-14,Angels,29,407,107,Angel Stadium,1,LAA
Leo Jiminez,26-07-10,Marlins,29,407,101.8,loanDepot Park,1,MIA
Pete Alonso,26-05-06,Orioles,29,407,109.5,loanDepot Park,1,MIA
Daylen Lile,26-04-22,Nationals,29,407,105.6,Nationals Park,1,WSH
Patrick Bailey,26-05-21,Giants,29,407,104,Comerica Park,1,DET
Kody Clemens,26-07-30,Twins,29,407,104.7,Target Field,1,MIN
Patrick Bailey,26-09-01,Giants,29,407,103.5,Progressive Field,1,CLE
Adolis Garcia,26-06-05,Phillies,29,407,103.5,Citizens Bank Park,1,PHI
Riley Greene,26-09-05,Tigers,29,407,106.9,Progressive Field,1,CLE
Ian Happ,26-05-29,Cubs,29,407,104.1,Busch Stadium,1,STL
Rafael Flores Jr,26-09-16,Pirates,29,407,107.6,PNC Park,1,PIT
Daulton Varsho,26-09-17,Blue Jays,29,407,105.5,Daikin Park,1,HOU
Garrett Mitchell,26-06-26,Brewers,28,407,109.1,American Family Field,1,MIL
Bryce Harper,26-07-20,Phillies,28,407,104,Citizens Bank Park,1,PHI
Zac Veen,26-08-12,Rockies,28,407,104.7,Chase Field,1,ARI
Mickey Moniak,26-08-22,Rockies,28,407,105.2,Coors Field,1,COL
Lane Thomas,26-04-26,Royals,27,407,101.1,Kauffman Stadium,1,KCR
Jose Ramirez,26-05-17,Guardians,27,407,102.5,Progressive Field,1,CLE
Colt Emerson,26-06-12,Mariners,27,407,102.2,Nationals Park,1,WSH
Michael Massey,26-07-25,Royals,26,407,99.9,Comerica Park,0,DET
Josh Bell,26-06-27,Twins,25,407,104.4,Target Field,0,MIN
Brett Baty,26-08-10,Mets,25,407,100.3,Truist Park,1,ATL
Brett Baty,26-08-19,Mets,25,407,106.7,Citi Field,0,NYM
Jake Burger,26-05-24,Rangers,25,407,101.1,Angel Stadium,1,LAA
Drake Baldwin,26-09-18,Braves,25,407,105.8,Daikin Park,0,HOU
Josh Bell,26-08-10,Twins,24,407,106.4,Target Field,1,MIN
Mike Yastrzemski,26-09-14,Braves,24,407,104.9,Wrigley Field,1,CHC
Shay Whitcomb,26-04-18,Astros,23,407,106,Daikin Park,1,HOU
Edgar Quero,26-05-17,White Sox,23,407,103.8,Rate Field,1,CWS
Sal Stewart,26-06-09,Reds,23,407,106.9,Petco Park,1,SDP
Jake Burger,26-07-10,Rangers,23,407,101,Globe Life Park,1,TEX
Bryce Eldridge,26-07-19,Giants,22,407,107,T-Mobile Park,1,SEA
Lazaro Montes,26-09-01,Mariners,21,407,106,Fenway Park,1,BOS
Joe Mack,26-08-02,Marlins,21,407,104.9,Citi Field,1,NYM
Matt Olson,26-08-07,Braves,21,407,109.8,Truist Park,1,ATL
JJ Wetherholt,26-08-05,Cardinals,21,407,103.1,Yankee Stadium,0,NYY
Tommy White,26-08-23,Athletics,20,407,106,Daikin Park,0,HOU
Moises Ballesteros,26-09-13,Cubs,19,407,104.8,Nationals Park,1,WSH
Luis Torrens,26-08-16,Mets,19,407,105.1,Citi Field,1,NYM
Xavier Edwards,26-05-29,Marlins,19,407,103.9,Citi Field,0,NYM
Nick Gonzales,26-05-31,Pirates,19,407,103.5,PNC Park,1,PIT
Gabriel Moreno,26-07-29,Diamondbacks,18,407,101.6,PNC Park,1,PIT
Sean Murphy,26-08-30,Braves,18,407,103.2,Truist Park,1,ATL
Daylen Lile,26-09-15,Nationals,18,407,101.3,Nationals Park,1,WSH
Andy Pages,26-05-15,Dodgers,17,407,107.7,Angel Stadium,1,LAA
Marcus Semien,26-04-03,Mets,17,407,101.7,Oracle Park,1,SFG
Andrew McCutchen,26-04-14,Rangers,15,407,100.9,Sutter Health Park,0,ATH
Cole Young,26-09-12,Mariners,15,407,103.4,Sutter Health Park,1,ATH
Samad Taylor,26-06-13,Padres,14,407,99.6,Camden Yards,1,BAL
Jordan Walker,26-08-20,Cardinals,13,407,108.6,Great American Ball Park,1,CIN
Ezequiel Duran,26-06-22,Rangers,13,407,103.4,loanDepot Park,1,MIA
Brandon Nimmo,26-05-26,Rangers,11,407,100.3,Globe Life Park,0,TEX
Mickey Moniak,26-07-02,Rockies,11,407,105.1,Coors Field,1,COL
Drake Baldwin,26-05-15,Braves,9,407,103,Truist Park,1,ATL
Gavin Sheets,26-08-06,Padres,8,407,105.1,Chase Field,0,ARI
Freddie Freeman,26-06-17,Dodgers,8,407,102.6,Dodger Stadium,1,LAD
Cole Young,26-04-25,Mariners,8,407,105.3,Busch Stadium,0,STL
Sam Antonacci,26-04-22,White Sox,6,407,99.2,Chase Field,0,ARI
Maikel Garcia,26-06-10,Royals,5,407,104.7,Kauffman Stadium,0,KCR
Gabriel Arias,26-04-01,Guardians,4,407,107.4,Dodger Stadium,1,LAD
Freddie Freeman,26-04-01,Dodgers,4,407,104.4,Dodger Stadium,1,LAD
Michael Harris,26-04-04,Braves,4,407,102.3,Chase Field,0,ARI
Matt Vierling,26-06-10,Tigers,4,407,102.5,Comerica Park,0,DET
Bryce Harper,26-08-31,Phillies,2,407,108,Chase Field,0,ARI
Jorge Mateo,26-05-03,Braves,1,407,112.2,Coors Field,1,COL
Henry Davis,26-06-20,Pirates,1,407,102,Coors Field,0,COL
Manny Machado,26-07-05,Padres,8,407,102,Dodger Stadium,1,LAD
Yordan Alvarez,26-05-29,Astros,20,407,112.7,Daikin Park,0,HOU
Yordan Alvarez,26-06-21,Astros,30,407,106.5,Daikin Park,1,HOU
Yordan Alvarez,26-06-29,Astros,23,407,105.2,Daikin Park,0,HOU
Pete Alonso,26-09-25,Orioles,30,407,104.9,Yankee Stadium,1,NYY
Jacob Gonzalez,26-09-26,White Sox,30,407,104.4,Comerica Park,1,DET
James Wood,26-04-18,Nationals,30,406,109,Nationals Park,1,WSH
Elly De La Cruz,26-04-21,Reds,30,406,108.5,Tropicana Field,1,TBR
Dominic Canzone,26-09-01,Mariners,30,406,110.9,Fenway Park,1,BOS
Heriberto Hernandez,26-06-01,Marlins,30,406,110.6,Nationals Park,1,WSH
Bryce Harper,26-04-15,Phillies,30,406,107.8,Citizens Bank Park,1,PHI
Kyle Isbel,26-04-22,Royals,30,406,107.5,Kauffman Stadium,1,KCR
Kyle Schwarber,26-04-30,Phillies,30,406,113,Citizens Bank Park,1,PHI
Willson Contreras,26-04-29,Red Sox,30,406,103.9,Rogers Centre,1,TOR
Daniel Susac,26-07-30,Giants,30,406,105,Petco Park,1,SDP
Chase Meidroth,26-07-28,White Sox,30,406,103.3,Rate Field,1,CWS
Alejandro Kirk,26-07-22,Blue Jays,30,406,103.7,Rogers Centre,1,TOR
Brent Rooker,26-05-19,Athletics,30,406,110,Angel Stadium,1,LAA
Mark Vientos,26-04-02,Mets,30,406,108.6,Oracle Park,1,SFG
Jesus Sanchez,26-04-11,Blue Jays,30,406,107,Rogers Centre,1,TOR
Andrew Benintendi,26-05-16,White Sox,30,406,106.4,Rate Field,1,CWS
Casey Schmitt,26-04-26,Giants,30,406,105.4,Oracle Park,1,SFG
Teoscar Hernandez,26-05-20,Dodgers,30,406,105.1,Petco Park,1,SDP
Mitch Garver,26-05-22,Mariners,30,406,104.2,Kauffman Stadium,1,KCR
Jeremiah Jackson,26-04-13,Orioles,30,406,103.7,Camden Yards,1,BAL
Kyle Manzardo,26-05-17,Guardians,30,406,103.4,Progressive Field,1,CLE
Austin Martin,26-04-15,Twins,30,406,102.6,Target Field,1,MIN
Andrew Benintendi,26-06-01,White Sox,30,406,104.4,Target Field,1,MIN
Jackson Holliday,26-05-29,Orioles,30,406,103.2,Camden Yards,1,BAL
Mitch Garver,26-06-09,Mariners,30,406,108.4,Camden Yards,1,BAL
Angel Martinez,26-06-10,Guardians,30,406,106.2,Progressive Field,1,CLE
Cole Young,26-06-29,Mariners,30,406,106.5,T-Mobile Park,1,SEA
Luis Campusano,26-07-08,Padres,30,406,100.5,Petco Park,1,SDP
Andres Chaparro,26-07-17,Nationals,30,406,106.4,Sutter Health Park,1,ATH
Tyrone Taylor,26-07-18,mets,30,406,104.7,Citizens Bank Park,1,PHI
Grant McCray,26-07-27,Giants,30,406,101.9,Oracle Park,1,SFG
Pete Crow-Armstrong,26-05-22,Cubs,30,406,104.7,Wrigley Field,1,CHC
Jorge Mateo,26-08-17,Braves,30,406,101.7,Tropicana Field,1,TBR
Vladimir Guerrero Jr.,26-09-02,Blue Jays,30,406,107.8,Progressive Field,1,CLE
Seiya Suzuki,26-08-29,Cubs,30,406,104.4,Wrigley Field,1,CHC
Tyler Stephenson,26-05-13,Reds,30,406,105.5,Great American Ball Park,1,CIN
Yohandy Morales,26-09-08,Nationals,30,406,103.3,Petco Park,1,SDP
Adolis Garcia,26-06-08,Phillies,30,406,104.8,Rogers Centre,1,TOR
Josh Smith,26-07-02,Rangers,30,406,104.1,Globe Life Park,1,TEX
Lane Thomas,26-07-09,Royals,30,406,104.9,Citi Field,1,NYM
Mickey Moniak,26-07-28,Rockies,30,406,107.3,Petco Park,1,SDP
Ezequiel Duran,26-08-03,Rangers,30,406,110.2,Globe Life Park,1,TEX
Zac Veen,26-08-14,Rockies,30,406,111.3,Oracle Park,1,SFG
Ezequiel Duran,26-09-02,Rangers,30,406,103.1,Globe Life Park,1,TEX
Jordan Walker,26-07-09,Cardinals,30,406,106.5,Busch Stadium,1,STL
JJ Wetherholt,26-07-30,Cardinals,30,406,105.2,Busch Stadium,1,STL
Fernando Tatis Jr,26-09-20,Padres,30,406,111.1,Petco Park,1,SDP
Jake Burger,26-09-09,Rangers,29,406,105.1,T-Mobile Park,1,SEA
Daulton Varsho,26-09-08,Blue Jays,29,406,101.5,Citizens Bank Park,1,PHI
Jazz Chisholm Jr,26-04-27,Yankees,29,406,106.7,Globe Life Park,1,TEX
Paul Goldschmidt,26-04-01,Yankees,29,406,105.3,T-Mobile Park,1,SEA
Keibert Ruiz,26-06-14,Nationals,29,406,100.9,Nationals Park,1,WSH
Travis Bazzana,26-06-20,Guardians,29,406,100.8,Daikin Park,1,HOU
Brandon Lowe,26-05-17,Pirates,29,406,110.2,PNC Park,0,PIT
Daylen Lile,26-08-31,Nationals,29,406,102.2,Nationals Park,1,WSH
Owen Caissie,26-06-17,Marlins,29,406,99.9,Citizens Bank Park,1,PHI
Edmundo Sosa,26-06-23,Phillies,29,406,107.7,Nationals Park,1,WSH
JJ Bleday,26-08-06,Reds,29,406,105.3,Great American Ball Park,1,CIN
Ezequiel Tovar,26-05-20,Rockies,28,406,104.7,Coors Field,1,COL
Josh Bell,26-08-07,Twins,28,406,103.6,American Family Field,1,MIL
Ketel Marte,26-04-11,Diamondbacks,28,406,107.3,Citizens Bank Park,1,PHI
Brice Matthews,26-05-02,Astros,28,406,104.9,Fenway Park,1,BOS
Kazuma Okamoto,26-04-19,Blue Jays,28,406,103.3,Chase Field,1,ARI
Carlos Cortes,26-04-11,Athletics,28,406,101.4,Citi Field,1,NYM
David Fry,26-05-04,Guardians,28,406,100.2,Kauffman Stadium,1,KCR
Victor Mesa Jr,26-06-14,Rays,28,406,107.1,Angel Stadium,1,LAA
Vinnie Pasquantino,26-09-06,Royals,28,406,103.1,Kauffman Stadium,1,KCR
Dominic Smith,26-04-17,Braves,27,406,102.7,Citizens Bank Park,1,PHI
Carson Benge,26-07-01,Mets,27,406,103.8,Rogers Centre,1,TOR
Bo Bichette,26-05-19,Mets,26,406,105.8,Nationals Park,1,WSH
Vaughn Grissom,26-05-12,Angels,26,406,102.7,Progressive Field,1,CLE
Riley Greene,26-04-23,Tigers,25,406,107.7,Comerica Park,1,DET
Victor Caratini,26-05-20,Twins,24,406,107.2,Target Field,1,MIN
Samuel Basallo,26-07-04,Orioles,24,406,105.7,Great American Ball Park,1,CIN
Shohei Ohtani,26-06-06,Dodgers,23,406,110.4,Dodger Stadium,1,LAD
Sal Stewart,26-08-31,Reds,23,406,102.5,Great American Ball Park,0,CIN
Angel Martinez,26-09-13,Guardians,23,406,106,Target Field,0,MIN
Brice Turang,26-09-23,Brewers,22,406,108.4,Citizens Bank Park,1,PHI
Eugenio Suarez,26-06-15,Reds,22,406,105.9,Great American Ball Park,1,CIN
Wilyer Abreu,26-06-26,Red Sox,22,406,105.8,Fenway Park,0,BOS
Tristan Peters,26-08-23,White Sox,21,406,102.2,Rate Field,1,CWS
JJ Wetherholt,26-05-19,Cardinals,21,406,105,Busch Stadium,1,STL
Mickey Moniak,26-04-11,Rockies,20,406,104.9,Petco Park,1,SDP
Tyler Soderstrom,26-07-18,Athletics,20,406,100.1,Sutter Health Park,1,ATH
Bo Bichette,26-08-15,Mets,20,406,100.5,Citi Field,0,NYM
Willson Contreras,26-04-26,Red Sox,19,406,108.6,Camden Yards,1,BAL
Tim Tawa,26-08-14,Diamondbacks,19,406,103.3,Truist Park,1,ATL
Endy Rodriguez,26-06-15,Pirates,19,406,106.4,Sutter Health Park,1,ATH
Andres Gimenez,26-03-30,Blue Jays,18,406,101.7,Rogers Centre,1,TOR
Gabriel Moreno,26-05-25,Diamondbacks,18,406,105.3,Oracle Park,1,SFG
Maikel Garcia,26-06-09,Royals,18,406,101.6,Kauffman Stadium,0,KCR
Dylan Crews,26-09-12,Nationals,17,406,100.9,Nationals Park,0,WSH
Bryce Harper,26-04-21,Phillies,16,406,106.9,Wrigley Field,1,CHC
Kody Clemens,26-08-29,Twins,16,406,102.6,Target Field,0,MIN
Shay Whitcomb,26-09-12,Astros,15,406,105.8,Oracle Park,1,SFG
Tyler Stephenson,26-08-06,Reds,15,406,103.7,Great American Ball Park,1,CIN
Ryan O'Hearn,26-07-26,Pirates,15,406,101.4,PNC Park,1,PIT
Carson Benge,26-05-22,Mets,14,406,104.2,loanDepot Park,0,MIA
Owen Caissie,26-09-09,Marlins,14,406,105.4,loanDepot Park,1,MIA
Hunter Goodman,26-05-26,Rockies,13,406,105.1,Dodger Stadium,1,LAD
Corbin Carroll,26-05-07,Diamondbacks,13,406,104,Chase Field,1,ARI
Andrew Benintendi,26-08-30,White Sox,13,406,100,Target Field,0,MIN
Oneil Cruz,26-09-08,Pirates,13,406,111.2,Rate Field,0,CWS
Victor Mesa Jr,26-09-15,Rays,12,406,101.1,Tropicana Field,0,TBR
Bryce Eldridge,26-06-17,Giants,12,406,100.9,Truist Park,1,ATL
Alec Bohm,26-05-30,Phillies,12,406,103,Dodger Stadium,1,LAD
Tyler Soderstrom,26-07-17,Athletics,11,406,100.1,Sutter Health Park,1,ATH
Riley Greene,26-07-23,Tigers,10,406,104.3,Comerica Park,0,DET
Jonathan Aranda,26-05-16,Rays,9,406,104.2,Tropicana Field,0,TBR
Kyle Higashioka,26-04-05,Rangers,8,406,101.3,Globe Life Park,0,TEX
Colton Cowser,26-06-21,Orioles,8,406,104.7,Dodger Stadium,1,LAD
Junior Caminero,26-09-15,Rays,7,406,107,Tropicana Field,0,TBR
Zack Gelof,26-08-10,Athletics,7,406,101.2,Sutter Health Park,0,ATH
Jordan Walker,26-09-19,Cardinals,7,406,112.1,Busch Stadium,0,STL
Bo Bichette,26-07-05,Mets,4,406,102.1,Truist Park,0,ATL
Eric Haase,26-06-04,Giants,3,406,103.4,American Family Field,1,MIL
Amed Rosario,26-04-12,Yankees,3,406,100.7,Tropicana Field,0,TBR
Corey Seager,26-08-21,Rangers,2,406,102.4,Globe Life Park,0,TEX
Eli White,26-07-18,Braves,1,406,104.1,Truist Park,1,ATL
Drake Baldwin,26-09-24,Braves,5,406,104.6,Truist Park,0,ATL
Munetaka Murakami,26-08-07,White Sox,26,406,110.5,Rate Field,1,CWS
Dillon Dingler,26-09-25,Tigers,16,406,107.2,Comerica Park,0,DET
CJ Abrams,26-08-05,Nationals,5,406,103.4,Citizens Bank Park,0,PHI
Luisangel Acuna,26-09-26,White Sox,26,406,107.8,Rate Field,1,CWS
Colson Montgomery,26-03-29,White Sox,17,405,103.6,American Family Field,1,MIL
Elly De La Cruz,26-04-12,Reds,13,405,109.6,Great American Ball Park,1,CIN
Luis Garcia Jr.,26-04-05,Nationals,26,405,107.4,Nationals Park,1,WSH
Trevor Story,26-09-20,Red Sox,30,405,102.7,Tropicana Field,1,TBR
J.T. Realmuto,26-09-13,Phillies,30,405,105.2,Truist Park,1,ATL
Griffin Conine,26-03-31,Marlins,30,405,107.3,loanDepot Park,1,MIA
Elias Diaz,26-05-20,Royals,30,405,102.5,Kauffman Stadium,1,KCR
Christian Walker,26-08-14,Astros,30,405,108.2,Daikin Park,1,HOU
Pete Crow-Armstrong,26-08-05,Cubs,30,405,104.4,Wrigley Field,1,CHC
Jose Siri,26-08-05,Angels,30,405,105.5,Camden Yards,1,BAL
Jo Adell,26-07-21,Angels,30,405,110,Angel Stadium,1,LAA
Josh Lowe,26-07-12,Angels,30,405,102.8,Target Field,1,MIN
Cam Smith,26-07-12,Astros,30,405,100.4,Globe Life Park,1,TEX
Leo Jiminez,26-07-05,Marlins,30,405,102.2,Sutter Health Park,1,ATH
Jared Young,26-06-24,Mets,30,405,103.9,Citi Field,1,NYM
AJ Ewing,26-05-14,Mets,30,405,110.5,Citi Field,1,NYM
Aaron Judge,26-03-27,Yankees,30,405,109.1,Oracle Park,1,SFG
Ketel Marte,26-04-13,Diamondbacks,30,405,106.9,Camden Yards,1,BAL
Julio Rodriguez,26-05-24,Mariners,30,405,106.1,Kauffman Stadium,1,KCR
Cal Raleigh,26-04-22,Mariners,30,405,105.8,T-Mobile Park,1,SEA
Riley Greene,26-04-24,Tigers,30,405,103.9,Great American Ball Park,1,CIN
Nick Castellanos,26-04-29,Padres,30,405,102.5,Petco Park,1,SDP
Nolan Arenado,26-05-08,Diamondbacks,30,405,101.8,Chase Field,1,ARI
Miguel Andujar,26-05-12,Padres,30,405,100.8,American Family Field,1,MIL
Mauricio Dubon,26-06-05,Braves,30,405,101.2,Truist Park,1,ATL
Spencer Torkelson,26-06-30,Tigers,30,405,105.1,Yankee Stadium,1,NYY
Tommy Troy,26-07-08,Diamondbacks,30,405,104.6,Petco Park,1,SDP
Trevor Larnach,26-07-12,Twins,30,405,104.8,Target Field,1,MIN
Michael Harris,26-07-18,Braves,30,405,104.5,Truist Park,1,ATL
Dylan Crews,26-07-24,Nationals,30,405,103.2,Nationals Park,1,WSH
Jeremy Pena,26-07-21,Astros,30,405,102.3,Daikin Park,1,HOU
Tyrone Taylor,26-07-26,Mets,30,405,104,Citi Field,1,NYM
Andrew Benintendi,26-07-31,White Sox,30,405,104.2,Tropicana Field,1,TBR
Carson Kelly,26-04-18,Cubs,30,405,105.2,Wrigley Field,1,CHC
Miguel Vargas,26-08-21,White Sox,30,405,104.9,Rate Field,1,CWS
Alex Bregman,26-08-21,Cubs,30,405,102.6,T-Mobile Park,1,SEA
Brayan Rocchio,26-09-04,Guardians,30,405,102.5,Progressive Field,1,CLE
Noelvi Marte,26-06-26,Reds,30,405,108.9,PNC Park,1,PIT
Bryce Harper,26-06-29,Phillies,30,405,106.7,Citizens Bank Park,1,PHI
Christopher Morel,26-09-09,Marlins,30,405,103.4,loanDepot Park,1,MIA
Jake Mangum,26-07-09,Pirates,30,405,104.6,PNC Park,1,PIT
Wilyer Abreu,26-07-17,Red Sox,30,405,103.5,Fenway Park,1,BOS
Esmerlyn Valdez,26-07-26,Pirates,30,405,106.1,PNC Park,1,PIT
Ceddanne Rafaela,26-07-31,Red Sox,30,405,106,Dodger Stadium,1,LAD
Zack Gelof,26-09-13,Athletics,30,405,106.4,Sutter Health Park,1,ATH
Lawrence Butler,26-09-13,Athletics,30,405,106,Sutter Health Park,1,ATH
Bobby Witt,26-05-13,Royals,29,405,104.5,Rate Field,1,CWS
Kevin McGonigle,26-08-17,Tigers,29,405,104.6,PNC Park,1,PIT
Jackson Merrill,26-07-21,Padres,29,405,99,Truist Park,1,ATL
Garrett Mitchell,26-05-17,Brewers,29,405,115.5,Target Field,1,MIN
Kody Clemens,26-05-27,Twins,29,405,102.6,Rate Field,1,CWS
Cole Young,26-07-18,Mariners,29,405,104.1,T-Mobile Park,1,SEA
Eugenio Suarez,26-07-21,Reds,29,405,103.6,T-Mobile Park,1,SEA
Nathan Church,26-08-25,Cardinals,29,405,102.8,Busch Stadium,1,STL
Daulton Varsho,26-04-10,Blue Jays,28,405,107.7,Rogers Centre,1,TOR
Ben Rice,26-04-16,Yankees,28,405,99.9,Yankee Stadium,1,NYY
Michael Conforto,26-05-04,Cubs,28,405,100.9,Wrigley Field,1,CHC
Jonathan Aranda,26-03-26,Rays,28,405,101.2,Busch Stadium,1,STL
Shohei Ohtani,26-05-20,Dodgers,27,405,111.3,Petco Park,1,SDP
Samuel Basallo,26-05-26,Orioles,27,405,109.7,Camden Yards,1,BAL
Jordan Walker,26-04-08,Cardinals,26,405,107.8,Nationals Park,1,WSH
Adolis Garcia,26-04-05,Phillies,25,405,103.7,Coors Field,1,COL
Luis Robert Jr,26-08-22,Mets,25,405,108.8,Rate Field,1,CWS
Jimmy Crooks,26-07-10,Cardinals,25,405,102.7,Busch Stadium,1,STL
Matt Mclain,26-06-07,Reds,25,405,102,Busch Stadium,1,STL
Ty France,26-05-09,Padres,24,405,109.6,Petco Park,1,SDP
Ildemaro Vargas,26-04-22,Diamondbacks,24,405,103.8,Chase Field,1,ARI
Nick Fortes,26-06-10,Rays,24,405,102.3,Tropicana Field,0,TBR
Nick Kurtz,26-05-13,Athletics,22,405,100.3,Sutter Health Park,1,ATH
Colt Keith,26-07-02,Tigers,22,405,102.3,Globe Life Park,1,TEX
Junior Caminero,26-07-30,Rays,22,405,108,Tropicana Field,0,TBR
Eduardo Valencia,26-09-02,Tigers,22,405,103.8,Target Field,0,MIN
Esteury Ruiz,26-09-15,Marlins,22,405,101.5,Chase Field,0,ARI
Tsung-Che Cheng,26-06-26,Red Sox,21,405,101.5,Fenway Park,0,BOS
Bryce Eldridge,26-08-18,Giants,20,405,104.1,Progressive Field,1,CLE
Vladimir Guerrero Jr.,26-09-02,Blue Jays,20,405,105.9,Progressive Field,0,CLE
Eugenio Suarez,26-05-27,Reds,19,405,102.8,Citi Field,0,NYM
Dylan Crews,26-09-15,Nationals,19,405,105.3,Nationals Park,0,WSH
Matt Wallner,26-04-02,Twins,18,405,106.8,Kauffman Stadium,1,KCR
Christian Walker,26-07-06,Astros,18,405,103.6,Nationals Park,0,WSH
Bryce Eldridge,26-06-09,Giants,17,405,105.3,Oracle Park,1,SFG
Mauricio Dubon,26-06-03,Braves,16,405,103.2,Truist Park,1,ATL
Dillon Dingler,26-06-06,Tigers,14,405,102.2,Comerica Park,0,DET
Jackson Merrill,26-09-12,Padres,14,405,102.2,Oracle Park,1,SFG
Ronald Acuna Jr,26-09-16,Braves,14,405,105.8,Wrigley Field,0,CHC
Garrett Mitchell,26-04-04,Brewers,13,405,108.8,Kauffman Stadium,0,KCR
Kazuma Okamoto,26-08-30,Blue Jays,13,405,107.7,Rogers Centre,1,TOR
Hao-Yu Lee,26-08-23,Tigers,12,405,102.3,Kauffman Stadium,0,KCR
Derek Hill,26-05-17,White Sox,11,405,100.9,Rate Field,0,CWS
Jackson Merrill,26-07-19,Padres,11,405,101.9,Kauffman Stadium,1,KCR
Bryson Stott,26-06-16,Phillies,11,405,102,Citizens Bank Park,0,PHI
Seiya Suzuki,26-05-30,Cubs,11,405,108.3,Busch Stadium,0,STL
Dominic Canzone,26-09-18,Mariners,11,405,102.7,Coors Field,0,COL
Zack Gelof,26-09-16,Athletics,10,405,103.3,Tropicana Field,0,TBR
Bo Bichette,26-08-12,Mets,10,405,103.1,Truist Park,1,ATL
Christian Encarnacion-Strand,26-07-29,Orioles,9,405,100.4,Comerica Park,0,DET
Jac Caglianone,26-05-30,Royals,8,405,101.9,Globe Life Park,0,TEX
Carter Jensen,26-06-05,Royals,8,405,102.7,Target Field,0,MIN
Ronald Acuna Jr,26-05-30,Braves,7,405,106.4,Great American Ball Park,1,CIN
Max Kepler,26-06-27,Diamondbacks,7,405,102.6,Tropicana Field,0,TBR
Francisco Lindor,26-09-08,Mets,7,405,103.5,loanDepot Park,1,MIA
Kevin McGonigle,26-04-25,Tigers,6,405,105.2,Great American Ball Park,1,CIN
Oswald Peraza,26-06-19,Angels,6,405,108.7,Sutter Health Park,0,ATH
Matt Chapman,26-06-14,Giants,4,405,106.8,Oracle Park,1,SFG
Joey Loperfido,26-06-24,Astros,4,405,104.8,Rogers Centre,0,TOR
Trent Grisham,26-04-27,Yankees,3,405,104.7,Globe Life Park,0,TEX
Xander Bogaerts,26-07-21,Padres,3,405,102.3,Truist Park,0,ATL
Carlos Narvaez,26-08-09,Red Sox,3,405,102.2,Globe Life Park,0,TEX
Brandon Nimmo,26-05-29,Rangers,2,405,100.7,Globe Life Park,0,TEX
Brandon Nimmo,26-04-11,Rangers,1,405,105.5,Dodger Stadium,1,LAD
Jackson Chourio,26-05-23,Brewers,1,405,100.3,Angel Stadium,0,MIL
CJ Abrams,26-05-22,Nationals,28,405,102.5,Truist Park,1,ATL
James Wood,26-06-10,Nationals,25,405,104.1,Oracle Park,1,SFG
James Wood,26-04-10,Nationals,4,404,116.3,American Family Field,0,MIL
Cole Carrigg,26-09-24,Rockies,25,404,105.7,Coors Field,1,COL
Elly De La Cruz,26-08-31,Reds,19,404,102.2,Great American Ball Park,0,CIN
Francisco Lindor,26-09-04,Mets,30,404,106.6,Citi Field,1,NYM
Vinnie Pasquantino,26-05-01,Royals,30,404,107.2,T-Mobile Park,1,SEA
Junior Caminero,26-05-10,Rays,30,404,105.2,Fenway Park,1,BOS
Nathaniel Lowe,26-05-05,Reds,30,404,108.1,Wrigley Field,1,CHC
Tim Tawa,26-08-03,Diamondbacks,30,404,104.1,Chase Field,1,ARI
Carson Kelly,26-07-08,Cubs,30,404,106.6,Camden Yards,1,BAL
Matt Olson,26-07-09,Braves,30,404,107.6,PNC Park,1,PIT
Tyrone Taylor,26-07-04,Mets,30,404,104.1,Truist Park,1,ATL
Freddy Fermin,26-06-07,Padres,30,404,103.6,Petco Park,1,SDP
Wenceel Perez,26-06-02,Tigers,30,404,108.1,Tropicana Field,1,TBR
Miguel Vargas,26-05-09,White Sox,30,404,112.9,Rate Field,1,CWS
Shea Langeliers,26-03-31,Athletics,30,404,108.8,Truist Park,1,ATL
Gavin Sheets,26-05-17,Padres,30,404,106.8,T-Mobile Park,1,SEA
Casey Schmitt,26-04-25,Giants,30,404,106.3,Oracle Park,1,SFG
Lawrence Butler,26-04-29,Athletics,30,404,105.6,Sutter Health Park,1,ATH
Dillon Dingler,26-04-12,Tigers,30,404,94.4,Comerica Park,1,DET
Nathan Lukes,26-06-28,Blue Jays,30,404,102.4,Rogers Centre,1,TOR
Alika Williams,26-07-01,Athletics,30,404,100.4,Sutter Health Park,1,ATH
Ian Happ,26-06-13,Cubs,30,404,103.6,Oracle Park,1,SFG
Moises Ballesteros,26-04-27,Cubs,30,404,103.4,Petco Park,1,SDP
Brady House,26-08-05,Nationals,30,404,107.3,Citizens Bank Park,1,PHI
Fernando Tatis Jr,26-08-14,Padres,30,404,115.5,Progressive Field,1,CLE
Jac Caglianone,26-06-19,Royals,30,404,110.5,Kauffman Stadium,1,KCR
Gabriel Rincones Jr,26-07-04,Phillies,30,404,100.6,Kauffman Stadium,1,KCR
Wyatt Langford,26-07-10,Rangers,30,404,108.6,Globe Life Park,1,TEX
Trea Turner,26-07-20,Phillies,30,404,101.1,Citizens Bank Park,1,PHI
Victor Mesa Jr,26-07-18,Rays,30,404,107.7,Fenway Park,1,BOS
Mickey Gasper,26-09-01,Red Sox,30,404,105.5,Fenway Park,1,BOS
Jose Fermin,26-07-08,Cardinals,30,404,100.6,Busch Stadium,1,STL
Alex Bregman,26-05-31,Cubs,30,404,100.5,Busch Stadium,1,STL
Alec Burleson,26-05-19,Cardinals,30,404,102.5,Busch Stadium,1,STL
Ben Malgeri,26-09-23,Tigers,30,404,100.5,Comerica Park,1,DET
Kyle Tucker,26-04-03,Dodgers,29,404,101.6,Nationals Park,1,WSH
Bryce Eldridge,26-05-26,Giants,29,404,105.9,Oracle Park,0,SFG
Riley Greene,26-06-30,Tigers,29,404,105.5,Yankee Stadium,1,NYY
Curtis Mead,26-07-06,Nationals,29,404,102.2,Nationals Park,1,WSH
Trevor Larnach,26-07-22,Twins,29,404,102.8,Progressive Field,1,CLE
Drew Gilbert,26-08-26,Giants,29,404,105.4,Oracle Park,0,SFG
Cedric Mullins,26-06-28,Rays,29,404,103.6,Tropicana Field,1,TBR
Junior Caminero,26-04-22,Rays,28,404,106.8,Tropicana Field,1,TBR
Brent Rooker,26-05-31,Athletics,28,404,108.6,Sutter Health Park,1,ATH
Ryan Jeffers,26-04-30,Twins,28,404,103,Target Field,1,MIN
Curtis Mead,26-05-22,Nationals,28,404,102.3,Truist Park,1,ATL
Spencer Steer,26-07-17,Reds,28,404,103.5,Coors Field,1,COL
Henry Bolte,26-09-02,Athletics,27,404,108.1,Globe Life Park,1,TEX
Aaron Judge,26-04-05,Yankees,27,404,110.7,Yankee Stadium,0,NYY
Osleivis Basabe,26-08-02,Giants,27,404,103.2,Petco Park,1,SDP
Seiya Suzuki,26-04-25,Cubs,27,404,103.8,Dodger Stadium,1,LAD
Tyler Tolbert,26-07-29,Royals,27,404,105.2,Target Field,1,MIN
Jeremiah Jackson,26-09-16,Orioles,27,404,104.8,Citi Field,1,NYM
Griffin Conine,26-07-18,Marlins,26,404,104.9,American Family Field,1,MIL
Kyle Manzardo,26-06-03,Guardians,26,404,103.9,Yankee Stadium,0,NYY
Rafael Devers,26-04-02,Giants,23,404,105.5,Oracle Park,1,SFG
Joshua Baez,26-09-01,Cardinals,23,404,104.2,Dodger Stadium,1,LAD
Edmundo Sosa,26-08-28,Phillies,23,404,108.5,Angel Stadium,1,LAA
Corey Seager,26-05-01,Rangers,21,404,105.5,Comerica Park,0,DET
Pete Alonso,26-08-09,Orioles,20,404,100.5,Globe Life Park,1,TEX
James McCann,26-08-26,Diamondbacks,20,404,104.1,Chase Field,0,ARI
TJ Rumfield,26-09-01,Rockies,20,404,98.5,Coors Field,1,COL
Charles McAdoo,26-08-15,Blue Jays,19,404,107.4,Rogers Centre,0,TOR
Francisco Lindor,26-07-29,Mets,18,404,104.1,Citi Field,0,NYM
Dylam,26-08-07,Nationals,17,404,100.7,Nationals Park,0,WSH
Freddie Freeman,26-06-05,Dodgers,17,404,105.8,Dodger Stadium,1,LAD
Daylen Lile,26-09-19,Nationals,16,404,103.3,Busch Stadium,1,STL
Jackson Chourio,26-06-30,Brewers,15,404,107.8,American Family Field,1,MIL
Rafael Devers,26-06-27,Giants,14,404,102.4,Oracle Park,1,SFG
Mike Trout,26-06-10,Angels,14,404,108.7,Angel Stadium,1,LAA
Ben Rice,26-04-27,Yankees,14,404,106.9,Globe Life Park,1,TEX
Randy Arozarena,26-08-22,Mariners,14,404,104.4,T-Mobile Park,1,SEA
Adley Rutschman,26-06-05,Orioles,12,404,103.1,Rogers Centre,1,TOR
Andrew Vaughn,26-07-26,Brewers,12,404,103.9,American Family Field,1,MIL
Bryson Stott,26-07-05,Phillies,12,404,98.3,Kauffman Stadium,0,KCR
Trent Grisham,26-08-08,Yankees,10,404,104.5,Yankee Stadium,0,NYY
George Springer,26-08-27,Blue Jays,10,404,100.6,Rogers Centre,1,TOR
Bryan De La Cruz,26-07-22,Phillies,10,404,105.8,Citizens Bank Park,1,PHI
Konnor Griffin,26-05-03,Pirates,7,404,108.2,PNC Park,0,PIT
Taylor Walls,26-06-27,Rays,7,404,102.3,Tropicana Field,0,TBR
Evan Carter,26-04-05,Rangers,6,404,101.9,Globe Life Park,0,TEX
Daniel Susac,26-05-19,Giants,6,404,103.7,Chase Field,0,ARI
Michael Harris,26-05-21,Braves,6,404,103.4,loanDepot Park,1,MIA
Marcell Ozuna,26-04-23,Pirates,5,404,104.9,Globe Life Park,0,TEX
Zach Neto,26-06-07,Angels,5,404,101.1,Dodger Stadium,1,LAD
Taylor Ward,26-04-20,Orioles,5,404,105.6,Kauffman Stadium,0,KCR
Kerry Carpenter,26-04-30,Tigers,5,404,104.4,Truist Park,0,ATL
Dylan Beavers,26-04-22,Orioles,5,404,103.1,Kauffman Stadium,0,KCR
Alika Williams,26-07-30,Athletics,5,404,101.6,Sutter Health Park,0,ATH
Randal Grichuk,26-08-17,Yankees,5,404,102.9,Wrigley Field,1,CHC
Trea Turner,26-07-06,Phillies,5,404,99.9,Kauffman Stadium,0,KCR
Kyle Karros,26-06-06,Rockies,4,404,106.1,Coors Field,0,COL
Samuel Basallo,26-07-12,Orioles,3,404,105,Camden Yards,1,BAL
Mookie Betts,26-05-26,Dodgers,3,404,100.7,Dodger Stadium,1,LAD
Garrett Mitchell,26-07-01,Brewers,2,404,108.3,American Family Field,0,MIL
Tyler Freeman,26-04-23,Rockies,1,404,101.8,Coors Field,0,COL
Tyrone Taylor,26-05-17,Mets,1,404,104.2,Citi Field,1,NYM
Max Muncy (A),26-04-03,Athletics,30,404,101.7,Sutter Health Park,1,ATH
Luis Garcia Jr.,26-06-23,Nationals,23,404,103.4,Nationals Park,1,WSH
Munetaka Murakami,26-07-29,White Sox,26,404,104.6,Rate Field,1,CWS
Manny Machado,26-05-19,Padres,22,404,108,Petco Park,1,SDP
CJ Abrams,26-09-22,Nationals,30,404,104.2,Comerica Park,1,DET
CJ Abrams,26-04-30,Nationals,29,403,105,Citi Field,1,NYM
CJ Abrams,26-05-06,Nationals,29,403,104.3,Nationals Park,1,WSH
Kyle Isbel,26-03-30,Royals,30,403,100.9,Kauffman Stadium,1,KCR
Griffin Conine,26-04-08,Marlins,30,403,109.8,loanDepot Park,1,MIA
Cedric Mullins,26-04-18,Rays,30,403,103.9,PNC Park,1,PIT
Heriberto Hernandez,26-06-14,Marlins,30,403,104.4,PNC Park,1,PIT
Willy Adames,26-08-22,Giants,30,403,109.4,Fenway Park,1,BOS
Josh Lowe,26-06-28,Angels,30,403,104.6,Angel Stadium,1,LAA
Mike Trout,26-03-27,Angels,30,403,109.7,Daikin Park,1,HOU
Mike Trout,26-03-26,Angels,30,403,108.5,Daikin Park,1,HOU
Jose Ramirez,26-04-11,Guardians,30,403,108.1,Truist Park,1,ATL
Corbin Carroll,26-03-30,Diamondbacks,30,403,107.8,Chase Field,1,ARI
Nolan Arenado,26-05-18,Diamondbacks,30,403,107.3,Chase Field,1,ARI
Jorge Soler,26-05-01,Angels,30,403,107.3,Angel Stadium,1,LAA
George Springer,26-05-18,Blue Jays,30,403,107,Yankee Stadium,1,NYY
Dillon Dingler,26-03-26,Tigers,30,403,106,Petco Park,1,SDP
Wade Meckler,26-05-22,Angels,30,403,105.8,Angel Stadium,1,LAA
Javier Sanoja,26-09-20,Marlins,30,403,100.7,Petco Park,1,SDP
Jacob Young,26-05-08,Nationals,30,403,101.5,loanDepot Park,1,MIA
Luke Raley,26-05-29,Mariners,30,403,102.9,T-Mobile Park,1,SEA
Marcus Semien,26-05-25,Mets,30,403,105.6,Citi Field,1,NYM
Cody Bellinger,26-05-25,Yankees,30,403,103.1,Kauffman Stadium,1,KCR
Kody Clemens,26-07-03,Twins,30,403,102.4,Yankee Stadium,1,NYY
Mike Yastrzemski,26-07-09,Braves,30,403,104.8,PNC Park,1,PIT
Matt Olson,26-07-06,Braves,30,403,105.5,Truist Park,1,ATL
Cal Raleigh,26-07-28,Mariners,30,403,106.7,Dodger Stadium,1,LAD
Dominic Smith,26-08-01,Braves,30,403,104.8,Truist Park,1,ATL
Ivan Herrera,26-06-13,Cardinals,30,403,103.6,Target Field,1,MIN
Pete Crow-Armstrong,26-06-06,Cubs,30,403,104.2,Wrigley Field,1,CHC
Ian Happ,26-05-28,Cubs,30,403,103.7,PNC Park,1,PIT
Jackson Holliday,26-08-08,Orioles,30,403,105.5,Globe Life Park,1,TEX
Drew Romo,26-08-12,White Sox,30,403,102.7,Rate Field,1,CWS
Jake Cronenworth,26-08-26,Padres,30,403,100.3,Progressive Field,1,CLE
Trent Grisham,26-08-18,Yankees,30,403,101.4,Camden Yards,1,BAL
Carson Benge,26-08-22,Mets,30,403,105.5,Rate Field,1,CWS
Rafael Devers,26-08-31,Giants,30,403,107.3,Truist Park,1,ATL
Owen Caissie,26-05-21,Marlins,30,403,105.6,loanDepot Park,1,MIA
Willson Contreras,26-06-04,Red Sox,30,403,100.2,Fenway Park,1,BOS
Wyatt Langford,26-06-21,Rangers,30,403,105.4,Globe Life Park,1,TEX
Nick Loftin,26-06-23,Royals,30,403,103.8,Tropicana Field,1,TBR
Bryson Stott,26-06-23,Phillies,30,403,104.4,Nationals Park,1,WSH
Heriberto Hernandez,26-08-25,Marlins,30,403,104.4,loanDepot Park,1,MIA
Troy Johnston,26-08-26,Rockies,30,403,101.2,Nationals Park,1,WSH
Andrew Vaughn,26-05-06,Brewers,30,403,102.8,Busch Stadium,1,STL
Miguel Vargas,26-09-18,White Sox,30,403,101.7,Rate Field,1,CWS
William Contreras,26-09-20,Brewers,30,403,106.9,Camden Yards,1,BAL
Victor Mesa Jr,26-09-20,Rays,29,403,103.9,Tropicana Field,1,TBR
Kyle Tucker,26-09-18,Dodgers,29,403,102,Dodger Stadium,1,LAD
Konnor Griffin,26-04-28,Pirates,29,403,107.4,PNC Park,1,PIT
Jose Tena,26-04-26,Nationals,29,403,108.2,Rate Field,1,CWS
Braden Shewmake,26-04-24,Astros,29,403,103.6,Daikin Park,1,HOU
Jorbit Vivas,26-06-24,Nationals,29,403,100,Nationals Park,1,WSH
Lane Thomas,26-07-06,Royals,29,403,101.6,Kauffman Stadium,1,KCR
Corey Seager,26-09-03,Rangers,29,403,102.5,Globe Life Park,1,TEX
Brett Bateman,26-09-12,Blue Jays,29,403,102.7,Rogers Centre,1,TOR
Oneil Cruz,26-03-31,Pirates,28,403,108.1,Great American Ball Park,1,CIN
Jonathan Aranda,26-04-06,Rays,28,403,103.5,Tropicana Field,1,TBR
Alec Burleson,26-08-25,Cardinals,28,403,107,Wrigley Field,1,CHC
Nelson Velazquez,26-06-10,Cardinals,28,403,102.7,Citi Field,1,NYM
Hunter Goodman,26-07-01,Rockies,28,403,104.3,Coors Field,1,COL
Ezequiel Duran,26-08-23,Rangers,28,403,100.1,Globe Life Park,1,TEX
Wilyer Abreu,26-04-24,Red Sox,27,403,105.4,Camden Yards,1,BAL
Pete Alonso,26-05-29,Orioles,27,403,103.5,Camden Yards,1,BAL
Jazz Chisholm Jr,26-06-23,Yankees,27,403,107.4,Comerica Park,1,DET
Zack Gelof,26-08-16,Athletics,27,403,103.6,Sutter Health Park,1,ATH
Mike Yastrzemski,26-08-02,Braves,26,403,102.4,Truist Park,1,ATL
Nelson Velazquez,26-07-07,Cardinals,25,403,110.4,Busch Stadium,1,STL
Michael Massey,26-05-09,Royals,24,403,103.9,Kauffman Stadium,1,KCR
Joc Pederson,26-06-30,Rangers,24,403,102.7,Progressive Field,1,CLE
J.T. Realmuto,26-08-30,Phillies,24,403,103.3,Angel Stadium,1,LAA
Edouard Julien,26-04-28,Rockies,23,403,107.1,Great American Ball Park,1,CIN
Jose Tena,26-05-06,Nationals,23,403,105.5,Nationals Park,1,WSH
Joey Ortiz,26-07-11,Brewers,23,403,104.4,PNC Park,0,PIT
Corbin Carroll,26-08-01,Diamondbacks,23,403,101.6,Progressive Field,1,CLE
Brett Bateman,26-09-11,Blue Jays,23,403,100.2,Rogers Centre,1,TOR
Willson Contreras,26-09-16,Red Sox,23,403,105.7,Globe Life Park,1,TEX
Ildemaro Vargas,26-08-15,Diamondbacks,22,403,105.4,Truist Park,1,ATL
Jake Burger,26-07-27,Rangers,22,403,105.1,Globe Life Park,1,TEX
Jonathan Aranda,26-04-06,Rays,20,403,105.9,Tropicana Field,0,TBR
Justin Crawford,26-05-13,Phillies,19,403,103.4,Fenway Park,1,BOS
Riley Greene,26-08-04,Tigers,19,403,104.9,T-Mobile Park,1,SEA
Corey Seager,26-07-31,Rangers,19,403,106.9,Daikin Park,0,HOU
Brandon Nimmo,26-04-24,Rangers,18,403,105.5,Globe Life Park,0,TEX
Francisco Alvarez,26-06-23,Mets,18,403,105.2,Citi Field,1,NYM
Josh Naylor,26-05-08,Mariners,18,403,105.2,Rate Field,1,CWS
Rafael Devers,26-06-26,Giants,18,403,106.6,Oracle Park,0,SFG
Jonathan Aranda,26-07-08,Rays,18,403,102.4,Tropicana Field,0,TBR
Carter Jensen,26-07-20,Royals,18,403,104.3,Kauffman Stadium,0,KCR
Heriberto Hernandez,26-06-02,Marlins,17,403,104.3,Nationals Park,1,WSH
Marcus Semien,26-06-14,Mets,17,403,101.1,Citi Field,1,NYM
Evan Carter,26-08-02,Rangers,17,403,102.9,Daikin Park,0,HOU
Mike Trout,26-09-08,Angels,16,403,106.3,Fenway Park,0,BOS
Cody Bellinger,26-08-26,Yankees,16,403,103.7,Yankee Stadium,0,NYY
Otto Lopez,26-05-01,Marlins,15,403,103.2,loanDepot Park,0,MIA
Michael Massey,26-07-07,Royals,15,403,100.4,Citi Field,0,NYM
Griffin Conine,26-08-12,Marlins,13,403,106.6,loanDepot Park,1,MIA
JJ Bleday,26-04-26,Reds,12,403,104.3,Great American Ball Park,1,CIN
Eugenio Suarez,26-09-07,Reds,12,403,104.4,Dodger Stadium,1,LAD
Tyler Soderstrom,26-05-30,Athletics,11,403,101.5,Sutter Health Park,1,ATH
Zack Gelof,26-05-13,Athletics,11,403,102,Sutter Health Park,1,ATH
Randal Grichuk,26-09-16,Yankees,11,403,107.3,Progressive Field,0,CLE
Alex Bregman,26-04-21,Cubs,10,403,102.3,Wrigley Field,0,CHC
Hector Rodriguez,26-08-26,Reds,10,403,103.7,Oracle Park,1,SFG
Kody Clemens,26-08-28,Twins,9,403,105.3,Target Field,0,MIN
Everson Pereira,26-03-29,White Sox,9,403,103,American Family Field,1,MIL
Tim Tawa,26-08-01,Diamondbacks,9,403,100.6,Progressive Field,0,CLE
Zach Neto,26-06-16,Angels,8,403,106.3,Chase Field,0,ARI
Yohendrick Pinango,26-05-17,Blue Jays,7,403,100.8,Comerica Park,0,DET
Javier Baez,26-04-24,Tigers,6,403,103.1,Great American Ball Park,1,CIN
Matt Olson,26-05-30,Braves,6,403,106.4,Great American Ball Park,1,CIN
Edouard Julien,26-06-20,Rockies,5,403,98.4,Coors Field,0,COL
Joey Bart,26-04-19,Pirates,4,403,106.9,PNC Park,0,PIT
Brenton Doyle,26-04-20,Rockies,3,403,109.4,Coors Field,0,COL
Kyle Schwarber,26-04-01,Phillies,2,403,103.9,Citizens Bank Park,0,PHI
Kazuma Okamoto,26-06-04,Blue Jays,2,403,102.3,Truist Park,0,ATL
Josh Jung,26-05-12,Rangers,1,403,106,Globe Life Park,0,TEX
Daulton Varsho,26-05-29,Blue Jays,1,403,100.4,Camden Yards,0,BAL
Jonah Heim,26-08-01,Braves,1,403,100.3,Sutter Health Park,0,ATH
Pete Crow-Armstrong,26-09-06,Cubs,1,403,111.2,loanDepot Park,1,MIA
Austin Wells,26-09-24,Yankees,23,403,102.1,Yankee Stadium,1,NYY
CJ Abrams,26-05-25,Nationals,30,403,109.8,Progressive Field,1,CLE
Elly De La Cruz,26-09-09,Reds,19,403,106.7,Dodger Stadium,1,LAD
Yordan Alvarez,26-07-04,Astros,28,403,104.7,Daikin Park,1,HOU
J.P. Crawford,26-09-26,Mariners,30,403,103.3,T-Mobile Park,1,SEA
Lars Nootbaar,26-09-25,Cardinals,29,403,106.4,Petco Park,1,SDP
Manny Machado,26-04-11,Padres,29,403,104.5,Petco Park,1,SDP
Brooks Lee,26-09-27,Twins,12,403,104.5,Target Field,0,MIN
Heliot Ramos,26-09-25,Yankees,16,403,107.4,Yankee Stadium,0,NYY
Griffin Conine,26-09-25,Marlins,27,402,102.4,loanDepot Park,1,MIA
CJ Abrams,26-04-18,Nationals,19,402,101.3,Nationals Park,0,WSH
Luis Garcia Jr.,26-05-31,Nationals,22,402,111.2,Nationals Park,1,WSH
Dominic Smith,26-09-26,Braves,30,402,104.9,loanDepot Park,1,MIA
Elias Diaz,26-09-27,Royals,30,402,104.1,Target Field,1,MIN
Adley Rutschman,26-09-27,Orioles,30,402,103.2,Tropicana Field,1,TBR
Manny Machado,26-07-20,Padres,8,402,103.9,Truist Park,1,ATL
Randy Arozarena,26-08-31,Mariners,30,402,103.3,Fenway Park,1,BOS
Jonathan Aranda,26-04-24,Rays,30,402,105.8,Tropicana Field,1,TBR
Michael Busch,26-07-18,Cubs,30,402,101.6,Wrigley Field,1,CHC
Ryan Jeffers,26-07-21,Twins,30,402,106.1,Progressive Field,1,CLE
Jose Altuve,26-07-07,Astros,30,402,99.1,Nationals Park,1,WSH
Francisco Lindor,26-04-14,Mets,30,402,111.3,Dodger Stadium,1,LAD
Tyler O'Neill,26-05-16,Orioles,30,402,110.9,Nationals Park,1,WSH
Paul Goldschmidt,26-05-12,Yankees,30,402,109.8,Camden Yards,1,BAL
Chase Delauter,26-04-03,Guardians,30,402,109,Progressive Field,1,CLE
Julio Rodriguez,26-05-01,Mariners,30,402,107.5,T-Mobile Park,1,SEA
Carlos Correa,26-04-01,Astros,30,402,106.7,Daikin Park,1,HOU
Jorge Soler,26-04-08,Angels,30,402,105.9,Angel Stadium,1,LAA
Hao-Yu Lee,26-07-25,Tigers,30,402,102.7,Comerica Park,1,DET
Ben Rice,26-04-24,Yankees,30,402,105.5,Daikin Park,1,HOU
Miguel Vargas,26-03-30,White Sox,30,402,105.5,loanDepot Park,1,MIA
Josh Lowe,26-04-28,Angels,30,402,104.6,Rate Field,1,CWS
Sal Frelick,26-04-30,Brewers,30,402,102,American Family Field,1,MIL
Andrew Benintendi,26-06-03,White Sox,30,402,102.9,Target Field,1,MIN
Isaac Paredes,26-06-28,Astros,30,402,103.3,Comerica Park,1,DET
AJ Ewing,26-07-07,Mets,30,402,105.2,Citi Field,1,NYM
Kevin McGonigle,26-07-19,Tigers,30,402,103.6,Angel Stadium,1,LAA
Ketel Marte,26-07-20,Diamondbacks,30,402,108.5,Chase Field,1,ARI
Jazz Chisholm Jr,26-07-19,Yankees,30,402,105.3,Yankee Stadium,1,NYY
Trent Grisham,26-07-19,Yankees,30,402,108.4,Yankee Stadium,1,NYY
Julio Rodriguez,26-07-28,Mariners,30,402,105.6,Dodger Stadium,1,LAD
Osleivis Basabe,26-08-01,Dodgers,30,402,102.5,Petco Park,1,SDP
Drake Baldwin,26-08-27,Braves,30,402,106.2,Truist Park,1,ATL
Jac Caglianone,26-06-18,Royals,30,402,110,Kauffman Stadium,1,KCR
Jarren Duran,26-05-31,Red Sox,30,402,107.9,Progressive Field,1,CLE
Joc Pederson,26-06-25,Rangers,30,402,107.2,Rogers Centre,1,TOR
Elias Diaz,26-07-01,Royals,30,402,105.8,Progressive Field,1,CLE
Brett Sullivan,26-08-12,Rockies,30,402,105.5,Chase Field,1,ARI
Jose Caballero,26-08-30,Yankees,30,402,104.8,Yankee Stadium,1,NYY
Keibert Ruiz,26-09-09,Nationals,30,402,104.6,Petco Park,1,SDP
Ceddanne Rafaela,26-08-01,Red Sox,30,402,100.5,Dodger Stadium,1,LAD
Brandon Lowe,26-07-30,Pirates,30,402,103.4,Great American Ball Park,1,CIN
Bobby Witt,26-08-20,Royals,30,402,104.3,Kauffman Stadium,1,KCR
Brayan Rocchio,26-04-13,Guardians,30,402,108.1,Busch Stadium,1,STL
Julio Rodriguez,26-04-25,Mariners,30,402,108,Busch Stadium,1,STL
Thomas Saggase,26-05-29,Cardinals,30,402,104.9,Busch Stadium,1,STL
JJ Wetherholt,26-07-17,Cardinals,30,402,104.5,Chase Field,1,ARI
Eugenio Suarez,26-09-12,Reds,29,402,104,American Family Field,1,MIL
Cam Smith,26-08-10,Astros,29,402,113.9,Oracle Park,1,SFG
Spencer Horwitz,26-06-10,Pirates,29,402,101.5,PNC Park,1,PIT
Bryan Reynolds,26-07-28,Pirates,29,402,101.6,PNC Park,1,PIT
Brice Turang,26-04-18,Brewers,28,402,106.2,loanDepot Park,1,MIA
Byron Buxton,26-06-20,Twins,28,402,104.5,Chase Field,1,ARI
Mookie Betts,26-06-27,Dodgers,28,402,100.9,Petco Park,1,SDP
Ben Williamson,26-06-28,Rays,28,402,102.1,Tropicana Field,1,TBR
Heliot Ramos,26-09-08,Giants,27,402,104.8,Yankee Stadium,1,NYY
Henry Bolte,26-06-24,Athletics,27,402,106.3,Oracle Park,0,SFG
Cam Smith,26-04-04,Astros,27,402,111.1,Sutter Health Park,1,ATH
Liam Hicks,26-08-04,Marlins,27,402,98.8,Coors Field,1,COL
Brian Serven,26-08-23,Athletics,27,402,103.7,Daikin Park,1,HOU
Lawrence Butler,26-09-13,Athletics,27,402,107.6,Sutter Health Park,1,ATH
Trevor Story,26-03-28,Red Sox,26,402,109.6,Great American Ball Park,1,CIN
Willy Adames,26-04-10,Giants,26,402,103.6,Camden Yards,1,BAL
Joc Pederson,26-05-27,Rangers,26,402,103.6,Globe Life Park,1,TEX
Sal Stewart,26-07-02,Reds,26,402,102.7,American Family Field,1,MIL
Dillon Dingler,26-06-30,Tigers,25,402,99.8,Yankee Stadium,0,NYY
Cody Bellinger,26-05-18,Yankees,25,402,103.5,Yankee Stadium,1,NYY
Jake Burger,26-09-06,Rangers,25,402,103.9,Globe Life Park,1,TEX
Angel Martinez,26-09-19,Guardians,24,402,102.9,Progressive Field,1,CLE
Tyler Soderstrom,26-06-18,Athletics,24,402,102.4,Sutter Health Park,1,ATH
Royce Lewis,26-07-05,Twins,24,402,109.4,Yankee Stadium,0,NYY
Owen Caissie,26-08-13,Marlins,24,402,103.2,loanDepot Park,1,MIA
Andrew Pinckney,26-08-06,Nationals,23,402,109.3,Citizens Bank Park,1,WSH
Ryan O'Hearn,26-03-26,Pirates,22,402,103.8,Citi Field,1,NYM
Matt Olson,26-07-29,Braves,22,402,102.7,Citi Field,1,NYM
Gleybar Torres,26-07-28,Tigers,22,402,96.2,Comerica Park,1,DET
Connor Norby,26-08-26,Marlins,22,402,102.4,Nationals Park,1,WSH
Jackson Merrill,26-09-09,Padres,22,402,101.9,Petco Park,0,SDP
Matt Olson,26-06-09,Braves,21,402,103,Rate Field,1,CWS
John Rave,26-06-17,Royals,20,402,106.3,Nationals Park,1,WSH
Luke Keaschall,26-09-22,Twins,19,402,101.8,Oracle Park,0,SFG
Bryce Eldridge,26-07-17,Giants,18,402,99.8,T-Mobile Park,1,SEA
Drake Baldwin,26-05-13,Braves,18,402,99,Truist Park,1,ATL
Cam Smith,26-09-05,Astros,18,402,106.6,Daikin Park,0,HOU
Hunter Feduccia,26-08-12,Rays,18,402,105.1,Dodger Stadium,1,LAD
Dominic Canzone,26-09-15,Mariners,18,402,102.8,Angel Stadium,0,LAA
Brandon Marsh,26-06-16,Phillies,17,402,104.4,Citizens Bank Park,1,PHI
Hao-Yu Lee,26-04-26,Tigers,16,402,105.8,Great American Ball Park,1,CIN
Christian Walker,26-08-03,Astros,15,402,104.1,Daikin Park,0,HOU
Alec Burleson,26-04-10,Cardinals,14,402,107.1,Busch Stadium,0,STL
Junior Caminero,26-09-16,Rays,14,402,104,Tropicana Field,0,TBR
Royce Lewis,26-08-02,Twins,13,402,103,T-Mobile Park,1,SEA
Ryan O'Hearn,26-04-05,Pirates,12,402,103.8,PNC Park,1,PIT
Francisco Lindor,26-03-30,Mets,12,402,104.1,Busch Stadium,0,STL
Kevin McGonigle,26-08-28,Tigers,11,402,106,Comerica Park,0,DET
Trevor Larnach,26-04-27,Twins,10,402,101.4,Target Field,0,MIN
Alan Roden,26-08-12,Twins,9,402,99.8,Target Field,0,MIN
Dylan Crews,26-07-17,Nationals,8,402,100.1,Sutter Health Park,0,ATH
Francisco Alvarez,26-05-04,Mets,6,402,100.2,Coors Field,0,COL
Brandon Nimmo,26-06-24,Rangers,6,402,103.8,loanDepot Park,0,MIA
Bryce Harper,26-04-04,Phillies,5,402,101.2,Coors Field,0,COL
Pete Alonso,26-06-10,Orioles,5,402,106.5,Camden Yards,1,BAL
Ryan Waldschmidt,26-05-10,Diamondbacks,5,402,102,Chase Field,0,ARI
Dylan Crews,26-08-02,Nationals,4,402,102.4,Truist Park,0,ATL
Connor Norby,26-09-20,Marlins,3,402,99.6,Coors Field,0,COL
Shay Whitcomb,26-09-09,Astros,3,402,102.6,Oracle Park,0,SFG
Jorge Soler,26-05-09,Angels,3,402,106.9,Rogers Centre,0,TOR
Garrett Mitchell,26-06-06,Brewers,3,402,105.5,Coors Field,0,COL
Starling Marte,26-06-02,Royals,2,402,102.6,Great American Ball Park,0,CIN
Nico Hoerner,26-08-25,Cubs,2,402,100.3,Chase Field,0,ARI
Brandon Marsh,26-09-08,Phillies,2,402,103.8,Citizens Bank Park,0,PHI
Juan Brito,26-09-12,Guardians,2,402,102.7,American Family Field,0,MIL
Dillon Dingler,26-03-30,Tigers,1,402,107.6,Chase Field,0,ARI
Ronald Acuna Jr,26-04-18,Braves,1,402,107.6,Citizens Bank Park,0,PHI
Joc Pederson,26-06-10,Rangers,1,402,100.2,Kauffman Stadium,0,KCR
Michael Massey,26-09-24,Royals,7,402,101.7,Kauffman Stadium,0,KCR
CJ Abrams,26-06-30,Nationals,30,402,104.3,Fenway Park,1,BOS
Elly De La Cruz,26-09-06,Reds,29,402,105.5,Great American Ball Park,1,CIN
Alex Bregman,26-09-27,Cubs,30,402,102.6,Tropicana Field,1,TBR
Colson Montgomery,26-07-04,White Sox,30,402,104.1,Progressive Field,1,CLE
Dominic Canzone,26-09-25,Mariners,11,402,106.3,T-Mobile Park,0,SEA
Elly De La Cruz,26-09-24,Reds,30,402,108,Truist Park,1,ATL
James McCann,26-09-24,Diamondbacks,28,401,108.7,Coors Field,1,COL
Max Muncy (D),26-04-10,Dodgers,28,401,106,Dodger Stadium,1,LAD
Ezequiel Tovar,26-03-28,Rockies,30,401,105.6,loanDepot Park,1,MIA
Junior Caminero,26-04-06,Rays,30,401,106.8,Tropicana Field,1,TBR
Michael Massey,26-05-31,Royals,30,401,102.6,Globe Life Park,1,TEX
Ian Happ,26-08-09,Cubs,30,401,100.3,Kauffman Stadium,1,KCR
Jose Altuve,26-08-05,Astros,30,401,107,Daikin Park,1,HOU
Seiya Suzuki,26-07-08,Cubs,30,401,101.1,Camden Yards,1,BAL
Francisco Alvarez,26-07-24,Mets,30,401,108.9,Citi Field,1,NYM
Isaac Paredes,26-07-05,Astros,30,401,101.9,Daikin Park,1,HOU
Wenceel Perez,26-06-11,Tigers,30,401,98.9,Comerica Park,1,DET
Shohei Ohtani,26-04-03,Dodgers,30,401,109.5,Nationals Park,1,WSH
Byron Buxton,26-04-14,Twins,30,401,108,Target Field,1,MIN
Francisco Alvarez,26-04-03,Mets,30,401,107,Oracle Park,1,SFG
Josh Bell,26-04-09,Twins,30,401,106,Target Field,1,MIN
Andres Gimenez,26-05-11,Blue Jays,30,401,105.8,Rogers Centre,1,TOR
Miguel Vargas,26-04-27,White Sox,30,401,104,Rate Field,1,CWS
Luis Campusano,26-04-22,Padres,30,401,99.3,Coors Field,1,COL
Jose Siri,26-05-26,Angels,30,401,99.7,Comerica Park,1,DET
Dominic Canzone,26-06-11,Mariners,30,401,101.6,Camden Yards,1,BAL
Joe Mack,26-06-17,Marlins,30,401,103.5,Citizens Bank Park,1,PHI
Brayan Rocchio,26-07-08,Guardians,30,401,104.9,Target Field,1,MIN
Weston Wilson,26-07-12,Orioles,30,401,101.1,Tropicana Field,1,TBR
Michael Conforto,26-06-27,Cubs,30,401,101.6,American Family Field,1,MIL
Rhys Hoskins,26-07-20,Guardians,30,401,102.9,Progressive Field,1,CLE
Matt Olson,26-08-02,Braves,30,401,99.7,Truist Park,1,ATL
Adley Rutschman,26-08-18,Orioles,30,401,107,Fenway Park,1,BOS
Brooks Lee,26-08-23,Twins,30,401,101.7,Petco Park,1,SDP
Daylen Lile,26-08-25,Nationals,30,401,104.1,Nationals Park,1,WSH
Tyler Stephenson,26-06-21,Reds,30,401,104,Yankee Stadium,1,NYY
Salvador Perez,26-07-25,Royals,30,401,105.3,Comerica Park,1,DET
Eugenio Suarez,26-08-11,Reds,30,401,103.5,Rate Field,1,CWS
Caleb Durbin,26-08-04,Red Sox,30,401,102.3,Fenway Park,1,BOS
Jackson Holliday,26-09-01,Orioles,30,401,101.5,Coors Field,1,COL
Mauricio Dubon,26-07-11,Braves,30,401,105.2,Busch Stadium,1,STL
Ivan Herrera,26-04-14,Cardinals,30,401,104.1,Busch Stadium,1,STL
Jose Ramirez,26-09-17,Guardians,30,401,102.4,Progressive Field,1,CLE
Miguel Rojas,26-09-17,Dodgers,30,401,102.9,Great American Ball Park,1,CIN
Brandon Lowe,26-09-19,Pirates,29,401,103.7,PNC Park,1,PIT
Kody Clemens,26-08-09,Twins,29,401,105.3,American Family Field,0,MIL
Kazuma Okamoto,26-05-03,Blue Jays,29,401,109,Target Field,1,MIN
Rafael Devers,26-05-24,Giants,29,401,104.5,Oracle Park,0,SFG
Tristan Gray,26-04-23,Twins,29,401,99.2,Citi Field,1,NYM
Miguel Rojas,26-04-20,Dodgers,29,401,99,Coors Field,1,COL
Dominic Canzone,26-07-04,Mariners,29,401,104.4,T-Mobile Park,1,SEA
Xander Bogaerts,26-07-10,Padres,29,401,103.2,Petco Park,1,SDP
Brooks Lee,26-08-09,Twins,29,401,103.8,American Family Field,0,MIL
Jake Bauers,26-08-01,Brewers,29,401,107.6,Angel Stadium,1,LAA
Tommy White,26-08-17,Athletics,29,401,103.3,Kauffman Stadium,1,KCR
Hunter Goodman,26-06-27,Rockies,29,401,113.3,Target Field,1,MIN
Cal Raleigh,26-04-26,Mariners,29,401,109.8,Busch Stadium,1,STL
Kyle Tucker,26-09-17,Dodgers,29,401,99.9,Great American Ball Park,1,CIN
Griffin Conine,26-09-15,Marlins,28,401,100,Chase Field,1,ARI
Jake Fraley,26-04-25,Rays,28,401,104.7,Tropicana Field,1,TBR
Randal Grichuk,26-05-14,Yankees,28,401,108.5,Rate Field,1,CWS
Zack Gelof,26-05-14,Athletics,28,401,103.8,Sutter Health Park,1,ATH
Everson Pereira,26-04-16,White Sox,28,401,101.9,Rate Field,1,CWS
Fernando Tatis Jr,26-07-19,Padres,28,401,107.6,Kauffman Stadium,1,KCR
Jake Rogers,26-08-21,Tigers,28,401,103,Rate Field,1,CWS
Eugenio Suarez,26-08-26,Reds,28,401,100.5,Oracle Park,1,SFG
Jordan Walker,26-06-06,Cardinals,28,401,105.4,Busch Stadium,1,STL
Brandon Lowe,26-03-26,Pirates,27,401,104.7,Citi Field,1,NYM
Dansby Swanson,26-08-04,Cubs,27,401,102.8,Wrigley Field,1,CHC
Marcelo Mayer,26-06-08,Red Sox,27,401,103.3,Tropicana Field,1,TBR
Wyatt Langford,26-06-25,Rangers,27,401,101.7,Rogers Centre,1,TOR
Liam Hicks,26-08-12,Marlins,26,401,100.3,Sutter Health Park,1,ATH
Rafael Devers,26-05-11,Giants,26,401,102.7,Dodger Stadium,1,LAD
Miguel Vargas,26-06-17,White Sox,25,401,103.9,Yankee Stadium,0,NYY
Mookie Betts,26-07-20,Dodgers,25,401,100.6,Citizens Bank Park,1,PHI
Jacob Gonzalez,26-08-04,White Sox,25,401,107.2,American Family Field,1,MIL
Zach Neto,26-06-19,Angels,24,401,101.3,Sutter Health Park,1,ATH
Rafael Devers,26-07-25,Giants,24,401,105.8,Oracle Park,1,SFG
Aaron Judge,26-04-26,Yankees,23,401,109.3,Daikin Park,1,HOU
Josh Bell,26-06-01,Twins,23,401,105.8,Target Field,0,MIN
Donovan Walton,26-06-15,Angels,22,401,100.8,Chase Field,1,ARI
Kevin McGonigle,26-03-27,Tigers,22,401,104.2,Petco Park,0,SDP
Mark Vientos,26-05-08,Mets,22,401,104,Chase Field,1,ARI
Myles Straw,26-05-05,Blue Jays,22,401,102.4,Tropicana Field,0,TBR
Jeremy Pena,26-07-29,Astros,22,401,104.9,Angel Stadium,1,LAA
Dillon Dingler,26-08-06,Tigers,21,401,101.3,T-Mobile Park,1,SEA
Willi Castro,26-08-18,Rockies,21,401,105.4,Coors Field,1,COL
Nick Castellanos,26-05-16,Padres,20,401,102.4,T-Mobile Park,1,SEA
Ryan McMahon,26-05-29,Yankees,20,401,100.8,Sutter Health Park,1,ATH
Jasson Dominguez,26-06-18,Yankees,20,401,101.5,Yankee Stadium,0,NYY
Ramon Urias,26-08-27,Cardinals,20,401,104.4,Busch Stadium,1,STL
Spencer Steer,26-04-14,Reds,19,401,107.1,Great American Ball Park,1,CIN
Jordan Walker,26-06-10,Cardinals,19,401,107.3,Citi Field,1,NYM
Michael Busch,26-06-17,Cubs,18,401,102.1,Wrigley Field,0,CHC
Dylan Beavers,26-04-01,Orioles,17,401,103.8,Camden Yards,1,BAL
Edmundo Sosa,26-05-26,Phillies,17,401,103.7,Petco Park,0,SDP
Bryce Harper,26-05-17,Phillies,16,401,103.7,PNC Park,1,PIT
Michael Busch,26-05-18,Cubs,16,401,101.6,Wrigley Field,0,CHC
Ian Happ,26-05-06,Cubs,16,401,105,Wrigley Field,0,CHC
JJ Wetherholt,26-04-26,Cardinals,15,401,105,Busch Stadium,0,STL
Brandon Marsh,26-06-05,Phillies,15,401,104.5,Citizens Bank Park,1,PHI
Masyn Winn,26-08-09,Cardinals,15,401,104.8,Busch Stadium,0,STL
Otto Lopez,26-04-17,Marlins,14,401,100.7,loanDepot Park,1,MIA
Michael Harris,26-08-31,Braves,14,401,103.6,Truist Park,1,ATL
Alec Burleson,26-06-15,Cardinals,14,401,104.3,Busch Stadium,0,STL
Brooks Lee,26-07-22,Twins,13,401,100.4,Progressive Field,1,CLE
William Contreras,26-09-05,Brewers,13,401,103.6,Great American Ball Park,1,CIN
Pete Crow-Armstrong,26-07-28,Cubs,13,401,102.9,Busch Stadium,0,STL
Taylor Ward,26-06-04,Orioles,12,401,102.7,Fenway Park,0,BOS
Tristan Gray,26-05-13,Twins,12,401,106.8,Target Field,0,MIN
Spencer Torkelson,26-07-01,Tigers,12,401,103.4,Yankee Stadium,0,NYY
Salvador Perez,26-07-06,Royals,12,401,101,Kauffman Stadium,1,KCR
Jake Burger,26-07-30,Rangers,12,401,102.8,Tropicana Field,0,TBR
Jake McCarthy,26-05-06,Rockies,11,401,100.2,Coors Field,1,COL
Lars Nootbaar,26-06-24,Cardinals,10,401,105.3,Busch Stadium,0,STL
Travis Bazzana,26-05-18,Guardians,9,401,100.6,Comerica Park,0,DET
Coby Mayo,26-08-16,Orioles,9,401,104,Tropicana Field,0,TBR
J.T. Realmuto,26-04-01,Phillies,8,401,98.8,Citizens Bank Park,1,PHI
Christian Walker,26-05-25,Astros,8,401,101.2,Globe Life Park,1,TEX
Jeremy Pena,26-09-02,Astros,7,401,105.3,Daikin Park,0,HOU
Ali Sanchez,26-09-15,Yankees,7,401,100,Target Field,0,MIN
Michael Busch,26-07-20,Cubs,6,401,98.3,Wrigley Field,1,CHC
Adley Rutschman,26-05-08,Orioles,6,401,100.9,Camden Yards,1,BAL
Colt Emerson,26-06-24,Mariners,6,401,101,PNC Park,0,PIT
Rafael Devers,26-08-07,Giants,6,401,100,Oracle Park,1,SFG
Ryan O'Hearn,26-03-31,Pirates,5,401,103.5,Great American Ball Park,1,CIN
Ezequiel Tovar,26-04-07,Rockies,5,401,97,Coors Field,0,COL
Nolan Arenado,26-04-13,Diamondbacks,5,401,101.8,Camden Yards,1,BAL
Willy Adames,26-05-30,Giants,5,401,100.6,Coors Field,0,COL
Andrew Benintendi,26-08-02,White Sox,5,401,100.4,Tropicana Field,0,TBR
Eugenio Suarez,26-03-29,Reds,4,401,109.4,Great American Ball Park,0,CIN
Shohei Ohtani,26-04-19,Dodgers,4,401,105.8,Coors Field,0,COL
Ryan O'Hearn,26-04-13,Pirates,3,401,101.7,PNC Park,0,PIT
Konnor Griffin,26-04-16,Pirates,3,401,108.7,PNC Park,0,PIT
Owen Caissie,26-06-19,Marlins,3,401,104,loanDepot Park,1,MIA
Brandon Nimmo,26-07-04,Rangers,3,401,102.4,Globe Life Park,0,TEX
Yandy Diaz,26-06-08,Rays,2,401,102.5,Tropicana Field,0,TBR
Salvador Perez,26-09-23,Royals,2,401,106.5,Kauffman Stadium,0,KCR
Ezequiel Duran,26-05-10,Rangers,1,401,101.5,Globe Life Park,0,TEX
Everson Pereira,26-04-21,White Sox,1,401,99.9,Chase Field,0,ARI
Christian Moore,26-09-24,Angels,10,401,102.7,T-Mobile Park,0,SEA
Yordan Alvarez,26-09-26,Astros,30,401,106.7,Sutter Health Park,1,ATH
James Wood,26-05-26,Nationals,1,401,109.8,Progressive Field,1,CLE
Luis Garcia Jr.,26-06-28,Nationals,21,401,104.7,Camden Yards,1,BAL
Colson Montgomery,26-06-21,White Sox,15,401,102.4,Comerica Park,0,DET
Elly De La Cruz,26-05-17,Reds,30,400,109,Progressive Field,1,CLE
Elly De La Cruz,26-07-10,Reds,24,400,108.5,Great American Ball Park,1,CIN
Pete Alonso,26-09-21,Orioles,30,400,112.9,Camden Yards,1,BAL
Isaac Collins,26-03-30,Royals,30,400,103.9,Kauffman Stadium,1,KCR
Otto Lopez,26-08-30,Marlins,30,400,105.3,Nationals Park,1,WSH
Yandy Diaz,26-05-29,Rays,30,400,104.4,Tropicana Field,1,TBR
Kazuma Okamoto,26-08-28,Blue Jays,30,400,106.8,Rogers Centre,1,TOR
Rafael Devers,26-08-25,Giants,30,400,100.8,Oracle Park,1,SFG
Kody Clemens,26-08-16,Twins,30,400,104.9,Target Field,1,MIN
Fernando Tatis Jr,26-08-07,Padres,30,400,107,Petco Park,1,SDP
Daylen Lile,26-08-07,Nationals,30,400,103.8,Nationals Park,1,WSH
Tyler O'Neill,26-07-27,Orioles,30,400,104.4,Comerica Park,1,DET
Colton Cowser,26-06-07,Orioles,30,400,111.7,Rogers Centre,1,TOR
Corbin Carroll,26-06-09,Diamondbacks,30,400,105.7,loanDepot Park,1,MIA
Ryan Ward,26-05-31,Dodgers,30,400,108.4,Dodger Stadium,1,LAD
Austin Riley,26-04-15,Braves,30,400,109.3,Truist Park,1,ATL
Zach Neto,26-04-06,Angels,30,400,107,Angel Stadium,1,LAA
Gavin Sheets,26-05-17,Padres,30,400,106.8,T-Mobile Park,1,SEA
Gary Sanchez,26-04-12,Brewers,30,400,106.5,American Family Field,1,MIL
Spencer Torkelson,26-04-22,Tigers,30,400,106.4,Comerica Park,1,DET
Samuel Basallo,26-05-20,Orioles,30,400,105.4,Tropicana Field,1,TBR
Bo Bichette,26-05-19,Mets,30,400,103.5,Nationals Park,1,WSH
Matt Vierling,26-05-18,Tigers,30,400,103.2,Comerica Park,1,DET
Ozzie Albies,26-04-29,Braves,30,400,102.1,Truist Park,1,ATL
Colby Thomas,26-05-03,Athletics,30,400,102.1,Sutter Health Park,1,ATH
Pete Alonso,26-06-02,Orioles,30,400,110.8,Fenway Park,1,BOS
Willy Adames,26-06-17,Giants,30,400,102.1,Truist Park,1,ATL
Geraldo Perdomo,26-06-14,Diamondbacks,30,400,99.1,Great American Ball Park,1,CIN
Paul Goldschmidt,26-06-13,Yankees,30,400,103.2,Rogers Centre,1,TOR
Austin Hedges,26-07-01,Guardians,30,400,101.9,Progressive Field,1,CLE
Jake Bauers,26-07-05,Brewers,30,400,102.2,Chase Field,1,ARI
Dylan Crews,26-07-05,Nationals,30,400,106.7,Nationals Park,1,WSH
Lamonte Wade Jr,26-07-11,Astros,30,400,99.7,Globe Life Park,1,TEX
Dominic Canzone,26-07-26,Mariners,30,400,111,Globe Life Park,1,TEX
Dalton Rushing,26-07-30,Dodgers,30,400,105.3,Dodger Stadium,1,LAD
Pete Crow-Armstrong,26-06-20,Cubs,30,400,106.5,Wrigley Field,1,CHC
Seiya Suzuki,26-06-11,Cubs,30,400,107.7,Coors Field,1,COL
Jose Caballero,26-08-03,Yankees,30,400,104.1,Yankee Stadium,1,NYY
Nolan Arenado,26-08-04,Diamondbacks,30,400,102,Chase Field,1,ARI
Jeff McNeil,26-08-14,Athletics,30,400,101.5,Sutter Health Park,1,ATH
Kaelen Culpepper,26-08-22,Twins,30,400,105.9,Petco Park,1,SDP
Michael Conforto,26-08-31,Cubs,30,400,104.5,Wrigley Field,1,CHC
Bryan Reynolds,26-05-28,Pirates,30,400,106.6,PNC Park,1,PIT
Jarren Duran,26-05-27,Red Sox,30,400,104.3,Fenway Park,1,BOS
Brandon Marsh,26-06-23,Phillies,30,400,103.8,Nationals Park,1,WSH
Jarren Duran,26-06-13,Red Sox,30,400,102.5,Fenway Park,1,BOS
Justin Foscue,26-08-18,Rangers,30,400,105.1,Globe Life Park,1,TEX
Esmerlyn Valdez,26-08-24,Pirates,30,400,106.8,PNC Park,1,PIT
Juan Soto,26-09-12,Mets,30,400,106.7,Yankee Stadium,1,NYY
Tommy Edman,26-09-20,Dodgers,30,400,102.8,Dodger Stadium,1,LAD
Will Benson,26-04-29,Reds,29,400,103.1,Great American Ball Park,1,CIN
Kyle Schwarber,26-05-15,Phillies,29,400,109.5,PNC Park,1,PIT
Jose Caballero,26-06-25,Yankees,29,400,103.2,Fenway Park,1,BOS
Xavier Edwards,26-05-08,Marlins,29,400,103.9,loanDepot Park,1,MIA
Ben Rice,26-07-06,Yankees,29,400,102.6,Tropicana Field,1,TBR
Rafael Devers,26-09-07,Giants,29,400,106.7,Oracle Park,0,SFG
Michael Massey,26-08-14,Royals,29,400,103.2,Angel Stadium,1,LAA
Byron Buxton,26-05-08,Twins,28,400,103.5,Progressive Field,1,CLE
Jorge Barrosa,26-06-20,Diamondbacks,28,400,100.8,Chase Field,1,ARI
Owen Caissie,26-05-13,Marlins,27,400,104.2,Target Field,1,MIN
Matt Olson,26-08-26,Braves,27,400,110.4,Truist Park,1,ATL
Rafael Devers,26-06-16,Giants,27,400,97.6,Truist Park,1,ATL
Gunnar Henderson,26-08-14,Orioles,27,400,104.6,Tropicana Field,1,TBR
Pete Crow-Armstrong,26-09-07,Cubs,26,400,107.9,American Family Field,1,MIL
Dansby Swanson,26-06-24,Cubs,25,400,105.1,Citi Field,1,NYM
Francisco Lindor,26-08-25,Mets,23,400,104.8,Citi Field,1,NYM
Randal Grichuk,26-08-21,Yankees,23,400,106,Rate Field,1,CWS
William Contreras,26-08-05,Brewers,22,400,103,American Family Field,1,MIL
Mike Trout,26-08-07,Angels,21,400,105.1,loanDepot Park,1,MIA
Vaughn Grissom,26-09-19,Angels,21,400,103.8,Angel Stadium,1,LAA
Coby Mayo,26-05-28,Orioles,20,400,110.3,Camden Yards,1,BAL
Spencer Steer,26-06-24,Reds,20,400,103.5,Great American Ball Park,1,CIN
Jackson Chourio,26-05-16,Brewers,19,400,102.6,Target Field,1,MIN
Andy Pages,26-03-26,Dodgers,19,400,100.6,Dodger Stadium,1,LAD
Matt Olson,26-09-13,Braves,19,400,101.9,Truist Park,1,ATL
Randy Arozarena,26-07-26,Mariners,18,400,101.2,Globe Life Park,1,TEX
Drake Baldwin,26-07-10,Braves,17,400,99.7,Busch Stadium,0,STL
Julio Rodriguez,26-04-15,Mariners,16,400,103.8,Petco Park,0,SDP
Drake Baldwin,26-04-01,Braves,16,400,102.8,Truist Park,0,ATL
Ronald Acuna Jr,26-03-29,Braves,15,400,105.9,Truist Park,0,ATL
Spencer Steer,26-06-19,Reds,15,400,101.3,Yankee Stadium,0,NYY
Chase Meidroth,26-05-27,White Sox,14,400,97.9,Rate Field,1,CWS
Eli White,26-09-02,Braves,13,400,107.8,Fenway Park,0,BOS
Jimmy Crooks,26-06-11,Cardinals,11,400,103.9,Citi Field,0,NYM
Brice Turang,26-09-12,Brewers,11,400,103.3,American Family Field,1,MIL
Mike Trout,26-08-25,Angels,10,400,102.1,Angel Stadium,0,LAA
Amed Rosario,26-08-26,Yankees,10,400,102.3,Yankee Stadium,0,NYY
Tyler Stephenson,26-08-09,Reds,10,400,101.3,Nationals Park,0,WSH
Joe Mack,26-05-30,Marlins,9,400,103.1,Citi Field,0,NYM
Zack Gelof,26-08-23,Athletics,9,400,105,Daikin Park,0,HOU
Jackson Merrill,26-06-16,Padres,9,400,106.5,Busch Stadium,0,STL
JJ Wetherholt,26-06-18,Cardinals,9,400,101.6,Kauffman Stadium,0,KCR
Josh Bell,26-09-18,Twins,9,400,103.8,Angel Stadium,0,LAA
Matt Mclain,26-05-14,Reds,8,400,104.3,Great American Ball Park,1,CIN
Bryan De La Cruz,26-08-02,Phillies,8,400,102.1,Camden Yards,1,BAL
Pete Alonso,26-03-31,Orioles,7,400,99.1,Camden Yards,1,BAL
Nathaniel Lowe,26-04-17,Reds,6,400,105.4,Target Field,0,MIN
Luisangel Acuna,26-06-05,White Sox,6,400,109.3,Citizens Bank Park,0,PHI
Nico Hoerner,26-04-15,Cubs,6,400,98.8,Citizens Bank Park,1,PHI
Wilyer Abreu,26-08-15,Red Sox,6,400,102.8,PNC Park,0,PIT
Mike Trout,26-04-27,Angels,5,400,108.4,Rate Field,0,CWS
Pete Crow-Armstrong,26-06-10,Cubs,5,400,94.8,Coors Field,0,COL
Marcus Semien,26-06-18,Mets,4,400,99.6,Citizens Bank Park,0,PHI
Bryson Stott,26-05-31,Phillies,4,400,100.6,Dodger Stadium,1,LAD
Tyler Soderstrom,26-04-05,Athletics,3,400,107.8,Sutter Health Park,0,ATH
Sam Antonacci,26-06-02,White Sox,3,400,101.5,Target Field,0,MIN
Vladimir Guerrero Jr.,26-07-18,Blue Jays,3,400,106.7,Rogers Centre,0,TOR
Justin Crawford,26-08-08,Phillies,3,400,104.5,Citizens Bank Park,0,PHI
James Outman,26-06-25,Tigers,2,400,102.9,Comerica Park,0,DET
Owen Caissie,26-06-12,Marlins,2,400,106.7,PNC Park,0,PIT
Kevin McGonigle,26-04-03,Tigers,1,400,102.4,Comerica Park,0,DET
Zack Gelof,26-06-13,Athletics,1,400,96.5,Vegas Minor League,1,ATHH
Jackson Chourio,26-08-18,Brewers,1,400,102.1,American Family Field,0,MIL
Esmerlyn Valdez,26-06-24,Pirates,1,400,106.8,PNC Park,0,PIT
George Lombard Jr,26-09-24,Yankees,30,400,110.2,Yankee Stadium,1,NYY
Chase Delauter,26-09-26,Guardians,18,400,107.9,Kauffman Stadium,1,KCR
Cole Young,26-09-25,Mariners,6,400,104.2,T-Mobile Park,0,SEA
Eduardo Valencia,26-09-26,Tigers,30,400,100.7,Comerica Park,1,DET
Kazuma Okamoto,26-09-25,Blue Jays,14,400,107.6,Rogers Centre,0,TOR
Yordan Alvarez,26-03-31,Astros,30,399,110.9,Daikin Park,1,HOU
Yordan Alvarez,26-04-05,Astros,30,399,110.8,Sutter Health Park,1,ATH
Andy Pages,26-09-27,Dodgers,30,399,102.8,Oracle Park,1,SFG
Manny Machado,26-07-26,Padres,4,399,106.1,loanDepot Park,1,MIA
Jorge Mateo,26-09-27,Braves,1,399,105.1,Citizens Bank Park,0,PHI
Max Muncy (D),26-04-10,Dodgers,19,399,106.5,Dodger Stadium,1,LAD
Christian Encarnacion-Strand,26-09-16,Orioles,30,399,110.4,Citi Field,1,NYM
Joc Pederson,26-05-26,Rangers,30,399,102.4,Globe Life Park,1,TEX
Josh Jung,26-05-30,Rangers,30,399,102.2,Globe Life Park,1,TEX
Ryan Kreidler,26-08-24,Twins,30,399,104,Sutter Health Park,1,ATH
Josh Bell,26-07-04,Twins,30,399,107.6,Yankee Stadium,1,NYY
Kyle Teel,26-06-26,White Sox,30,399,102.7,Rate Field,1,CWS
Curtis Mead,26-06-10,Nationals,30,399,101.1,Oracle Park,1,SFG
Xander Bogaerts,26-04-09,Padres,30,399,108.3,Petco Park,1,SDP
Casey Schmitt,26-04-17,Giants,30,399,108,Nationals Park,1,WSH
Leody Taveras,26-04-18,Orioles,30,399,107.2,Progressive Field,1,CLE
Matt Olson,26-04-26,Braves,30,399,105.4,Truist Park,1,ATL
Amed Rosario,26-04-07,Yankees,30,399,105.1,Yankee Stadium,1,NYY
Jorge Soler,26-04-14,Angels,30,399,104,Yankee Stadium,1,NYY
Angel Martinez,26-04-21,Guardians,30,399,101.9,Progressive Field,1,CLE
Freddie Freeman,26-05-19,Dodgers,30,399,101.6,Petco Park,1,SDP
Brandon Valenzuela,26-06-03,Blue Jays,30,399,104.4,Truist Park,1,ATL
Kody Clemens,26-06-28,Twins,30,399,104.5,Target Field,1,MIN
Luis Arraez,26-06-30,Giants,30,399,104.4,Chase Field,1,ARI
Taylor Ward,26-07-17,Orioles,30,399,102.6,Daikin Park,1,HOU
Shea Langeliers,26-07-17,Athletics,30,399,107.6,Sutter Health Park,1,ATH
Jacob Wilson,26-07-20,Athletics,30,399,100.6,Chase Field,1,ARI
Joe Mack,26-07-24,Marlins,30,399,108.2,loanDepot Park,1,MIA
Ian Happ,26-05-02,Cubs,30,399,110.6,Wrigley Field,1,CHC
Brett Baty,26-08-05,Mets,30,399,106.8,Progressive Field,1,CLE
Luis Robert Jr,26-08-12,Mets,30,399,107.2,Truist Park,1,ATL
Daylen Lile,26-08-27,Nationals,30,399,104.5,Nationals Park,1,WSH
Sean Keys,26-09-04,Blue Jays,30,399,103.5,Kauffman Stadium,1,KCR
Kody Clemens,26-08-31,Twins,30,399,104.4,Target Field,1,MIN
Kyle Schwarber,26-07-18,Phillies,30,399,106,Citizens Bank Park,1,PHI
Michael Massey,26-07-26,Royals,30,399,99.5,Comerica Park,1,DET
Rafael Flores Jr,26-08-13,Pirates,30,399,101.4,loanDepot Park,1,MIA
Danny Jansen,26-08-25,Rangers,30,399,106.6,Rate Field,1,CWS
Mookie Betts,26-09-12,Dodgers,29,399,103.5,loanDepot Park,1,MIA
Dalton Rushing,26-06-27,Dodgers,29,399,104.1,Petco Park,1,SDP
Blaze Alexander,26-05-27,Orioles,29,399,108.9,Camden Yards,1,BAL
Corey Seager,26-06-05,Rangers,29,399,105.1,Globe Life Park,1,TEX
Blake Perkins,26-06-14,Brewers,29,399,101.8,American Family Field,1,MIL
Kody Clemens,26-07-01,Twins,29,399,104,Daikin Park,1,HOU
Jackson Chourio,26-08-04,Brewers,29,399,102.9,American Family Field,1,MIL
Austin Martin,26-08-10,Twins,29,399,104.9,Target Field,1,MIN
Marcus Semien,26-08-07,Mets,29,399,101.1,Progressive Field,1,CLE
Cedric Mullins,26-06-03,Rays,29,399,104.3,Tropicana Field,1,TBR
Jake Burger,26-06-10,Rangers,29,399,99.4,Kauffman Stadium,1,KCR
Joc Pederson,26-07-31,Rangers,29,399,105.3,Daikin Park,1,HOU
Mickey Moniak,26-08-19,Rockies,29,399,100.4,Coors Field,1,COL
Kazuma Okamoto,26-09-11,Blue Jays,29,399,107,Rogers Centre,1,TOR
Cody Bellinger,26-09-15,Yankees,28,399,100.9,Target Field,1,MIN
Spencer Steer,26-04-03,Reds,28,399,104.1,Globe Life Park,1,TEX
Ben Rice,26-06-17,Yankees,28,399,104.3,Yankee Stadium,0,NYY
Bryce Harper,26-08-08,Phillies,28,399,106.7,Citizens Bank Park,1,PHI
Drake Baldwin,26-09-19,Braves,27,399,107.3,Daikin Park,0,HOU
Aaron Judge,26-05-06,Yankees,27,399,110,Yankee Stadium,1,NYY
Zach McKinstry,26-04-04,Tigers,27,399,102.2,Comerica Park,1,DET
Mookie Betts,26-06-24,Dodgers,27,399,101,Target Field,1,MIN
J.T. Realmuto,26-07-04,Phillies,27,399,108.8,Kauffman Stadium,1,KCR
James McCann,26-07-11,Diamondbacks,26,399,101.5,Dodger Stadium,1,LAD
Zach McKinstry,26-07-09,Tigers,26,399,101.2,Comerica Park,1,DET
Ian Happ,26-05-06,Cubs,26,399,104.9,Wrigley Field,0,CHC
Ernie Clement,26-06-08,Blue Jays,25,399,100,Rogers Centre,1,TOR
Denzer Guzman,26-09-22,Angels,25,399,98.8,Sutter Health Park,1,ATH
Adley Rutschman,26-05-04,Orioles,24,399,102.5,Yankee Stadium,0,NYY
Ben Rice,26-07-19,Yankees,23,399,103.5,Yankee Stadium,0,NYY
Matt Olson,26-06-12,Braves,21,399,102.1,Citi Field,1,NYM
Paul Goldschmidt,26-07-03,Yankees,21,399,98.3,Yankee Stadium,0,NYY
Nolan Schanuel,26-08-07,Angels,21,399,102.2,loanDepot Park,1,MIA
Hunter Goodman,26-07-21,Rockies,21,399,95.4,Coors Field,1,COL
Ezequiel Duran,26-05-05,Rangers,20,399,105.2,Yankee Stadium,0,NYY
Jake Cronenworth,26-04-08,Padres,20,399,103.2,PNC Park,1,PIT
Pete Alonso,26-04-13,Orioles,19,399,99.4,Camden Yards,1,BAL
Carson Benge,26-06-02,Mets,19,399,101.6,T-Mobile Park,1,SEA
Cody Bellinger,26-06-03,Yankees,17,399,103.9,Yankee Stadium,0,NYY
Pete Crow-Armstrong,26-04-05,Cubs,17,399,104.7,Progressive Field,0,CLE
Matt Olson,26-04-08,Braves,16,399,104.9,Angel Stadium,1,LAA
Tyler Stephenson,26-08-28,Reds,15,399,103,Wrigley Field,1,CHC
Bryan Reynolds,26-07-05,Pirates,14,399,100.9,Nationals Park,1,WSH
Heriberto Hernandez,26-08-23,Marlins,14,399,105.7,loanDepot Park,0,MIA
Junior Perez,26-07-08,White Sox,13,399,104.1,Rate Field,0,CWS
Corey Seager,26-05-10,Rangers,10,399,103.6,Globe Life Park,0,TEX
Nathaniel Lowe,26-04-30,Reds,10,399,101.7,Great American Ball Park,1,CIN
Kazuma Okamoto,26-03-30,Blue Jays,10,399,107.7,Rogers Centre,1,TOR
Alex Bregman,26-03-29,Cubs,10,399,100.3,Wrigley Field,1,CHC
George Springer,26-07-21,Blue Jays,9,399,108.6,Rogers Centre,0,TOR
Jackson Chourio,26-05-04,Brewers,8,399,108.3,Busch Stadium,0,STL
Brandon Lowe,26-05-25,Pirates,8,399,100.2,PNC Park,0,PIT
Jackson Holliday,26-06-17,Orioles,8,399,102.1,T-Mobile Park,1,SEA
JJ Wetherholt,26-08-09,Cardinals,8,399,103.7,Busch Stadium,0,STL
George Springer,26-05-09,Blue Jays,7,399,101.3,Rogers Centre,0,TOR
Alec Burleson,26-07-28,Cardinals,6,399,102.1,Busch Stadium,0,STL
Ramon Urias,26-04-10,Cardinals,6,399,106.4,Busch Stadium,0,STL
Jazz Chisholm Jr,26-04-28,Yankees,6,399,106.5,Globe Life Park,0,TEX
Marcus Semien,26-06-09,Mets,6,399,101,Citi Field,0,NYM
Sal Stewart,26-03-28,Reds,5,399,108.6,Great American Ball Park,1,CIN
Yandy Diaz,26-05-18,Rays,5,399,105.6,Tropicana Field,0,TBR
Rafael Devers,26-05-08,Giants,5,399,102.5,Oracle Park,1,SFG
Will Smith,26-05-26,Dodgers,5,399,106.9,Dodger Stadium,1,LAD
Jake Burger,26-08-26,Rangers,5,399,109.5,Rate Field,0,CWS
William Contreras,26-06-24,Brewers,4,399,103.6,Great American Ball Park,1,CIN
Bryce Harper,26-06-07,Phillies,4,399,104.4,Citizens Bank Park,0,PHI
J.T. Realmuto,26-09-08,Phillies,4,399,99.4,Citizens Bank Park,0,PHI
Braden Montgomery,26-09-11,White Sox,3,399,108.5,Busch Stadium,0,STL
Jac Caglianone,26-05-07,Royals,3,399,101.2,Kauffman Stadium,0,KCR
Henry Bolte,26-07-03,Athletics,3,399,105.7,Sutter Health Park,0,ATH
Carlos Cortes,26-05-25,Athletics,3,399,98.5,Sutter Health Park,0,ATH
Matt Olson,26-04-15,Braves,3,399,107.4,Truist Park,0,ATL
Spencer Torkelson,26-08-14,Tigers,3,399,101.4,Comerica Park,0,DET
Patrick Bailey,26-08-21,Giants,3,399,106.1,Coors Field,0,COL
Griffin Conine,26-08-11,Marlins,3,399,104.6,loanDepot Park,0,MIA
Owen Caissie,26-06-07,Marlins,2,399,103.7,loanDepot Park,0,MIA
Logan O'Hoppe,26-06-21,Angels,2,399,98.4,Sutter Health Park,0,ATH
Brandon Nimmo,26-06-19,Rangers,2,399,102.7,Globe Life Park,0,TEX
Bryson Stott,26-05-05,Phillies,1,399,103.7,Citizens Bank Park,0,PHI
James McCann,26-04-12,Diamondbacks,1,399,108.3,Citizens Bank Park,0,PHI
Cody Bellinger,26-04-11,Yankees,1,399,101.7,Tropicana Field,0,TBR
Brandon Nimmo,26-06-27,Rangers,1,399,104.3,Rogers Centre,0,TOR
Yordan Alvarez,26-06-08,Astros,18,399,104.3,Angel Stadium,0,LAA
Colson Montgomery,26-05-13,White Sox,30,399,110.3,Rate Field,1,CWS
James Wood,26-06-19,Nationals,21,399,105.9,Tropicana Field,0,TBR
CJ Abrams,26-07-26,Nationals,13,399,103.6,Nationals Park,1,WSH
Manny Machado,26-05-31,Padres,16,399,103.8,Nationals Park,0,WSH
Miguel Amaya,26-09-27,Cubs,2,399,101.6,Tropicana Field,0,TBR
Colson Montgomery,26-08-21,White Sox,30,399,113.1,Rate Field,1,CWS
Tim Tawa,26-09-25,Diamondbacks,15,399,102.1,Petco Park,0,SDP
Junior Caminero,26-09-26,Rays,30,399,111.9,Citizens Bank Park,1,PHI
Geraldo Perdomo,26-09-25,Diamondbacks,9,399,99.9,Petco Park,0,SDP
Munetaka Murakami,26-04-14,White Sox,30,398,110.8,Rate Field,1,CWS
Danny Jansen,26-09-26,Rangers,30,398,101.4,Target Field,1,MIN
James Wood,26-05-15,Nationals,12,398,108,Nationals Park,0,WSH
Junior Caminero,26-04-19,Rays,30,398,103,PNC Park,1,PIT
Bryson Stott,26-05-05,Phillies,30,398,103.6,Citizens Bank Park,1,PHI
Nathaniel Lowe,26-05-23,Reds,30,398,106.8,Great American Ball Park,1,CIN
Michael Busch,26-06-24,Cubs,30,398,108.2,Citi Field,1,NYM
Isaac Paredes,26-07-22,Astros,30,398,102.9,Daikin Park,1,HOU
Kyle Tucker,26-06-27,Dodgers,30,398,106.7,Petco Park,1,SDP
Pete Alonso,26-06-21,Orioles,30,398,106.8,Dodger Stadium,1,LAD
Aaron Judge,26-04-13,Yankees,30,398,111.4,Yankee Stadium,1,NYY
Joey Wiemer,26-03-26,Nationals,30,398,110.5,Wrigley Field,1,CHC
Zach Neto,26-05-22,Angels,30,398,108.6,Angel Stadium,1,LAA
Christian Walker,26-04-25,Astros,30,398,106.9,Daikin Park,1,HOU
Gabriel Moreno,26-05-18,Diamondbacks,30,398,105.7,Chase Field,1,ARI
Trevor Larnach,26-04-11,Twins,30,398,105.1,Rogers Centre,1,TOR
Ben Rice,26-04-18,Yankees,30,398,105,Yankee Stadium,1,NYY
Connor Joe,26-05-01,Mariners,30,398,103.9,T-Mobile Park,1,SEA
Liam Hicks,26-04-29,Marlins,30,398,103.6,Dodger Stadium,1,LAD
Casey Schmitt,26-05-24,Giants,30,398,103.3,Oracle Park,1,SFG
Geraldo Perdomo,26-03-26,Diamondbacks,30,398,102,Dodger Stadium,1,LAD
Jesus Sanchez,26-05-09,Blue Jays,30,398,98.9,Rogers Centre,1,TOR
Travis Bazzana,26-06-18,Guardians,30,398,106.2,American Family Field,1,MIL
Trent Grisham,26-07-11,Yankees,30,398,106.3,Nationals Park,1,WSH
Jose Caballero,26-07-06,Yankees,30,398,101.5,Tropicana Field,1,TBR
Sam Antonacci,26-07-12,White Sox,30,398,104.2,Rate Field,1,CWS
Brayan Rocchio,26-07-12,Guardians,30,398,102.6,loanDepot Park,1,MIA
Rhys Hoskins,26-07-20,Guardians,30,398,107.5,Progressive Field,1,CLE
Jesus Sanchez,26-08-05,Blue Jays,30,398,102,Daikin Park,1,HOU
Zack Gelof,26-09-04,Athletics,30,398,104.4,T-Mobile Park,1,SEA
Jonny DeLuca,26-06-19,Rays,30,398,104.6,Tropicana Field,1,TBR
Carter Jensen,26-09-02,Royals,30,398,110,Kauffman Stadium,1,KCR
Kyle Tucker,26-09-14,Dodgers,30,398,104,Great American Ball Park,1,CIN
Angel Martinez,26-04-13,Guardians,30,398,105.2,Busch Stadium,1,STL
Jake Fraley,26-04-15,Rays,29,398,107.3,Rate Field,1,CWS
Jazz Chisholm Jr,26-06-17,Yankees,29,398,100.1,Yankee Stadium,1,NYY
Christian Yelich,26-05-17,Brewers,29,398,105.7,Target Field,1,MIN
Angel Martinez,26-04-24,Guardians,29,398,105.2,Rogers Centre,1,TOR
Adam Frazier,26-04-15,Angels,29,398,104.1,Yankee Stadium,1,NYY
MJ Melendez,26-06-07,Mets,29,398,105.6,Petco Park,1,SDP
Juan Soto,26-06-11,Mets,29,398,101.2,Citi Field,1,NYM
Ozzie Albies,26-07-23,Braves,28,398,99.6,Truist Park,1,ATL
Mike Yastrzemski,26-05-21,Braves,28,398,102.4,loanDepot Park,1,MIA
Jose Tena,26-07-07,Nationals,28,398,101.5,Nationals Park,1,WSH
Spencer Jones,26-08-20,Yankees,28,398,108,Camden Yards,1,BAL
Byron Buxton,26-06-15,Twins,27,398,103.4,Globe Life Park,1,TEX
Cole Young,26-07-10,Mariners,27,398,98.9,Tropicana Field,1,TBR
Jordan Walker,26-04-13,Cardinals,27,398,107.6,Busch Stadium,1,STL
Drew Millas,26-05-06,Nationals,24,398,101.3,Nationals Park,1,WSH
Trent Grisham,26-08-12,Yankees,24,398,103,Yankee Stadium,1,NYY
Jonny DeLuca,26-08-07,Rays,24,398,103.1,T-Mobile Park,1,SEA
Ryan O'Hearn,26-04-28,Pirates,23,398,104.6,PNC Park,1,PIT
Ben Rice,26-04-25,Yankees,23,398,101.7,Daikin Park,0,HOU
Jake McCarthy,26-04-14,Rockies,22,398,101.5,Daikin Park,0,HOU
Shea Langeliers,26-05-02,Athletics,21,398,102.9,Sutter Health Park,1,ATH
Brice Turang,26-07-31,Brewers,21,398,102,Angel Stadium,1,LAA
Spencer Jones,26-08-31,Yankees,21,398,105.1,Angel Stadium,1,LAA
Curtis Mead,26-04-07,Nationals,20,398,107.6,Nationals Park,1,WSH
Carson Benge,26-07-06,Mets,20,398,102.4,Truist Park,1,ATL
Heriberto Hernandez,26-08-29,Marlins,20,398,103.7,Nationals Park,1,WSH
Ben Rice,26-04-12,Yankees,19,398,100.6,Tropicana Field,0,TBR
Spencer Jones,26-09-01,Yankees,19,398,102.6,Angel Stadium,1,LAA
Alec Bohm,26-08-11,Phillies,19,398,102.7,Busch Stadium,0,STL
Chase Meidroth,26-09-11,White Sox,19,398,103.7,Busch Stadium,1,STL
Pete Crow-Armstrong,26-05-04,Cubs,18,398,103.6,Wrigley Field,0,CHC
Ezequiel Tovar,26-08-03,Rockies,17,398,104.1,Coors Field,1,COL
Michael Busch,26-06-05,Cubs,16,398,100.6,Wrigley Field,0,CHC
Tyler O'Neill,26-07-09,Orioles,15,398,102.5,Camden Yards,1,BAL
Drake Baldwin,26-04-05,Braves,14,398,108.4,Chase Field,1,ARI
Griffin Conine,26-07-17,Marlins,13,398,102,American Family Field,1,MIL
Ben Rice,26-07-29,Yankees,13,398,108.8,Rate Field,0,CWS
Shohei Ohtani,26-05-12,Dodgers,12,398,105.9,Dodger Stadium,1,LAD
Brady House,26-07-29,Nationals,11,398,102.6,Nationals Park,0,WSH
Luke Raley,26-07-17,Mariners,9,398,105.8,T-Mobile Park,0,SEA
Abimelic Ortiz,26-09-07,Nationals,9,398,105.6,Petco Park,0,SDP
Cal Raleigh,26-08-02,Mariners,8,398,104.6,T-Mobile Park,0,SEA
John Peck,26-09-02,Tigers,8,398,109.9,Target Field,0,MIN
Justin Foscue,26-08-25,Rangers,8,398,103.5,Rate Field,0,CWS
Zack Short,26-06-02,Tigers,7,398,100.1,Tropicana Field,0,TBR
Seiya Suzuki,26-06-12,Cubs,7,398,112.9,Oracle Park,0,SFG
Tyler Stephenson,26-05-02,Reds,6,398,105,PNC Park,0,PIT
Jakob Marsee,26-04-09,Marlins,6,398,105.6,loanDepot Park,0,MIA
Randal Grichuk,26-07-02,Yankees,6,398,100.4,Progressive Field,0,CLE
Kyle Stowers,26-07-22,Marlins,6,398,98.5,Daikin Park,0,HOU
Nathaniel Lowe,26-05-20,Reds,5,398,107.8,Citizens Bank Park,0,PHI
Nick Fortes,26-06-10,Rays,5,398,100.8,Tropicana Field,0,TBR
Nathaniel Lowe,26-06-05,Reds,4,398,103.9,Busch Stadium,0,STL
Samuel Basallo,26-04-20,Orioles,4,398,102.8,Kauffman Stadium,0,KCR
Miguel Vargas,26-04-23,White Sox,4,398,100.7,Chase Field,0,ARI
Carson Benge,26-06-17,Mets,4,398,99.8,Great American Ball Park,0,CIN
Casey Schmitt,26-06-21,Giants,4,398,101.8,loanDepot Park,0,MIA
Braden Shewmake,26-05-28,Astros,3,398,101,Globe Life Park,0,TEX
Will Smith,26-09-18,Dodgers,2,398,101.6,Dodger Stadium,1,LAD
Griffin Conine,26-09-12,Marlins,2,398,102.4,loanDepot Park,0,MIA
Kyle Karros,26-04-04,Rockies,2,398,105.2,Coors Field,0,COL
Taylor Trammell,26-09-01,Astros,2,398,107.2,Daikin Park,0,HOU
Taylor Walls,26-06-26,Rays,2,398,101.7,Tropicana Field,0,TBR
Joey Bart,26-07-04,Pirates,2,398,105.3,Truist Park,0,ATL
Jose Ramirez,26-04-14,Guardians,1,398,107.6,Busch Stadium,1,STL
Jonathan Aranda,26-05-12,Rays,1,398,102.4,Rogers Centre,0,TOR
Jacob Young,26-08-21,Nationals,1,398,101.6,loanDepot Park,0,MIA
Ha-Seong Kim,26-05-22,Braves,1,398,100.3,Truist Park,0,ATL
Jonah Heim,26-06-08,Braves,1,398,94.6,Vegas Minor League,1,ATHH
Wilyer Abreu,26-06-03,Red Sox,1,398,106.7,Fenway Park,1,BOS
Spencer Horwitz,26-06-15,Pirates,1,398,100.2,Sutter Health Park,0,ATH
Zack Gelof,26-09-24,Athletics,21,398,103.1,Sutter Health Park,1,ATH
Munetaka Murakami,26-07-26,White Sox,29,398,101.8,Rate Field,1,CWS
Junior Caminero,26-09-25,Rays,3,398,107,Citizens Bank Park,0,PHI
Kody Clemens,26-09-25,Twins,28,398,103.9,Target Field,1,MIN
Colson Montgomery,26-04-18,White Sox,30,397,106.5,Sutter Health Park,1,ATH
Manny Machado,26-08-18,Padres,30,397,101.2,Citi Field,1,NYM
Kyle Karros,26-09-24,Rockies,20,397,107.8,Coors Field,1,COL
Max Muncy (D),26-04-20,Dodgers,18,397,99.3,Coors Field,1,COL
Zac Veen,26-09-24,Rockies,22,397,97.1,Coors Field,1,COL
JJ Wetherholt,26-04-25,Cardinals,30,397,108.7,Busch Stadium,1,STL
Jonathan India,26-04-01,Royals,30,397,101.1,Kauffman Stadium,1,KCR
Junior Caminero,26-04-05,Rays,30,397,103.2,Target Field,1,MIN
Heriberto Hernandez,26-06-02,Marlins,30,397,109.7,Nationals Park,1,WSH
Owen Caissie,26-05-29,Marlins,30,397,103.4,Citi Field,1,NYM
Gabriel Moreno,26-08-27,Diamondbacks,30,397,110,Oracle Park,1,SFG
Cal Raleigh,26-08-24,Mariners,30,397,101.9,T-Mobile Park,1,SEA
Seiya Suzuki,26-07-22,Cubs,30,397,109.2,Wrigley Field,1,CHC
Dansby Swanson,26-07-01,Cubs,30,397,102.9,Wrigley Field,1,CHC
Ozzie Albies,26-08-04,Braves,30,397,100.1,Truist Park,1,ATL
Jazz Chisholm Jr,26-08-04,Yankees,30,397,103.2,Yankee Stadium,1,NYY
Jim Jarvis,26-07-09,Braves,30,397,101.7,PNC Park,1,PIT
Jahmai Jones,26-04-23,Tigers,30,397,111.7,Comerica Park,1,DET
Daulton Varsho,26-04-30,Blue Jays,30,397,107.4,Target Field,1,MIN
Andy Pages,26-05-09,Dodgers,30,397,106.7,Dodger Stadium,1,LAD
Gunnar Henderson,26-05-17,Orioles,30,397,106.7,Nationals Park,1,WSH
Bo Naylor,26-04-18,Guardians,30,397,104.7,Progressive Field,1,CLE
Nolan Arenado,26-04-13,Diamondbacks,30,397,103.6,Camden Yards,1,BAL
Drake Baldwin,26-04-06,Braves,30,397,102.1,Angel Stadium,1,LAA
Wade Meckler,26-05-30,Angels,30,397,105.5,Tropicana Field,1,TBR
Kazuma Okamoto,26-05-29,Blue Jays,30,397,108.3,Camden Yards,1,BAL
Drew Millas,26-05-30,Nationals,30,397,106.6,Nationals Park,1,WSH
Brent Rooker,26-06-07,Athletics,30,397,103.2,Daikin Park,1,HOU
Nolan Arenado,26-06-29,Diamondbacks,30,397,98.5,Chase Field,1,ARI
Ty France,26-07-20,Padres,30,397,100.3,Truist Park,1,ATL
Alec Burleson,26-06-14,Cardinals,30,397,110.4,Target Field,1,MIN
Victor Scott,26-05-14,Cardinals,30,397,97.6,Sutter Health Park,1,ATH
Yohel Pozo,26-08-06,Orioles,30,397,97.8,Camden Yards,1,BAL
Dominic Canzone,26-08-12,Mariners,30,397,104.5,Yankee Stadium,1,NYY
Andres Chaparro,26-08-19,Nationals,30,397,104.5,Globe Life Park,1,TEX
Jake Bauers,26-08-18,Brewers,30,397,102.7,American Family Field,1,MIL
Ian Happ,26-08-25,Cubs,30,397,104.4,Chase Field,1,ARI
Nick Loftin,26-07-25,Royals,30,397,100.7,Comerica Park,1,DET
Wyatt Langford,26-07-21,Rangers,30,397,103.3,Globe Life Park,1,TEX
Willi Castro,26-08-24,Rockies,30,397,104.2,Nationals Park,1,WSH
TJ Friedl,26-08-28,Reds,30,397,106.4,Wrigley Field,1,CHC
Javier Sanoja,26-09-14,Marlins,30,397,103.9,Chase Field,1,ARI
Jake Mangum,26-09-19,Pirates,30,397,102.2,PNC Park,1,PIT
Hunter Goodman,26-04-16,Rockies,29,397,105.5,Daikin Park,1,HOU
Cedric Mullins,26-06-05,Rays,29,397,102.5,loanDepot Park,1,MIA
Alex Bregman,26-08-14,Cubs,29,397,96.1,Nationals Park,1,WSH
Gary Sanchez,26-08-06,Brewers,29,397,101.5,American Family Field,1,MIL
Myles Straw,26-07-01,Blue Jays,29,397,96.9,Rogers Centre,1,TOR
Ryan Ward,26-06-07,Dodgers,29,397,101.2,Dodger Stadium,1,LAD
Heliot Ramos,26-07-06,Giants,29,397,104.3,Oracle Park,0,SFG
Alex Bregman,26-08-31,Cubs,29,397,98.5,Wrigley Field,1,CHC
Coby Mayo,26-04-24,Orioles,28,397,103,Camden Yards,1,BAL
Rafael Devers,26-07-30,Giants,28,397,104,Petco Park,0,SDP
Nick Gonzales,26-07-22,Pirates,28,397,102,Yankee Stadium,1,NYY
Victor Mesa Jr,26-09-10,Rays,27,397,101.9,Truist Park,1,ATL
Christian Walker,26-04-05,Astros,27,397,98.5,Sutter Health Park,1,ATH
Kyle Schwarber,26-03-31,Phillies,26,397,103,Citizens Bank Park,1,PHI
Shohei Ohtani,26-08-12,Dodgers,26,397,109.5,Dodger Stadium,1,LAD
Gunnar Henderson,26-09-14,Orioles,26,397,103.2,Citi Field,1,NYM
Xavier Edwards,26-05-18,Marlins,24,397,101.2,loanDepot Park,1,MIA
Dominic Canzone,26-05-25,Mariners,24,397,104.3,Sutter Health Park,1,ATH
Jose Fermin,26-08-23,Cardinals,24,397,100.4,Citizens Bank Park,1,PHI
Sean Murphy,26-08-26,Braves,24,397,105.8,Truist Park,1,ATL
TJ Friedl,26-04-22,Reds,23,397,101.4,Tropicana Field,0,TBR
Jake McCarthy,26-06-01,Rockies,23,397,104.6,Angel Stadium,1,LAA
Miguel Vargas,26-08-14,White Sox,21,397,100.7,Comerica Park,1,DET
Spencer Horwitz,26-04-29,Pirates,20,397,100.9,PNC Park,1,PIT
Daulton Varsho,26-08-10,Blue Jays,20,397,97,Oracle Park,0,SFG
Patrick Bailey,26-06-02,Giants,20,397,103.5,Yankee Stadium,0,NYY
Michael Harris,26-06-22,Braves,19,397,102.2,Petco Park,0,SDP
Drew Romo,26-04-28,White Sox,18,397,102.6,Rate Field,1,CWS
Cole Young,26-04-05,Mariners,17,397,101.7,Angel Stadium,0,LAA
Christian Encarnacion-Strand,26-08-27,Orioles,17,397,104.8,Busch Stadium,0,STL
Christian Koss,26-08-18,Giants,16,397,100.6,Progressive Field,0,CLE
Kyle Karros,26-05-31,Rockies,14,397,101.3,Coors Field,0,COL
Royce Lewis,26-07-28,Twins,14,397,104.7,Target Field,0,MIN
Dillon Dingler,26-04-19,Tigers,14,397,101.3,Fenway Park,1,BOS
Gunnar Henderson,26-04-03,Orioles,13,397,101,PNC Park,1,PIT
Tim Tawa,26-08-19,Diamondbacks,12,397,101.7,Fenway Park,0,BOS
Rafael Devers,26-06-29,Giants,11,397,99.3,Chase Field,0,ARI
Kazuma Okamoto,26-07-12,Blue Jays,11,397,108.1,Petco Park,0,SDP
Bryce Harper,26-05-25,Phillies,10,397,108.6,Petco Park,0,SDP
Dalton Rushing,26-05-17,Dodgers,10,397,101.7,Angel Stadium,0,LAA
Matt Olson,26-04-29,Braves,9,397,104.7,Truist Park,1,ATL
Oneil Cruz,26-04-21,Pirates,8,397,110.6,Globe Life Park,0,TEX
Ryan Kreidler,26-06-18,Twins,8,397,100.1,Globe Life Park,1,TEX
Dominic Canzone,26-06-12,Mariners,8,397,106.4,Nationals Park,0,WSH
Jeremy Pena,26-07-17,Astros,8,397,103.6,Daikin Park,0,HOU
Cam Smith,26-05-05,Astros,7,397,107.9,Daikin Park,0,HOU
Bryan Reynolds,26-06-06,Pirates,7,397,108.5,Truist Park,0,ATL
Jac Caglianone,26-09-22,Royals,7,397,107.2,Kauffman Stadium,0,KCR
Randy Arozarena,26-05-30,Mariners,6,397,106.3,T-Mobile Park,0,SEA
Nicky Lopez,26-05-29,Rangers,5,397,101.7,Globe Life Park,1,TEX
Trent Grisham,26-05-12,Yankees,5,397,103.5,Camden Yards,1,BAL
Esmerlyn Valdez,26-09-05,Pirates,4,397,105.8,PNC Park,0,PIT
Rafael Marchan,26-04-05,Phillies,3,397,97.1,Coors Field,0,COL
Troy Johnston,26-06-07,Rockies,3,397,100.9,Coors Field,0,COL
Christian Yelich,26-04-10,Brewers,3,397,102.3,American Family Field,0,MIL
Andy Pages,26-06-30,Dodgers,3,397,99.7,Sutter Health Park,0,ATH
Pete Alonso,26-08-08,Orioles,3,397,106.4,Globe Life Park,0,TEX
Yandy Diaz,26-06-25,Rays,3,397,103.5,Tropicana Field,0,TBR
Vinnie Pasquantino,26-09-08,Royals,3,397,102,Kauffman Stadium,0,KCR
Andrew McCutchen,26-03-26,Rangers,2,397,103.9,Citizens Bank Park,0,PHI
Jonah Cox,26-08-14,Giants,2,397,99.8,Oracle Park,0,SFG
Matt Olson,26-04-04,Braves,2,397,108.6,Chase Field,0,ARI
Alec Burleson,26-09-06,Cardinals,2,397,101.8,Coors Field,0,COL
J.T. Realmuto,26-08-02,Phillies,2,397,104.4,Camden Yards,0,BAL
Wyatt Langford,26-03-28,Rangers,1,397,107,Citizens Bank Park,0,PHI
Christian Franklin,26-08-18,Orioles,1,397,102,Camden Yards,0,BAL
Jose Caballero,26-05-01,Yankees,1,397,108.5,Yankee Stadium,1,NYY
Mike Trout,26-04-26,Angels,1,397,106.3,Kauffman Stadium,0,KCR
Blake Perkins,26-05-15,Brewers,1,397,102,Target Field,0,MIN
Josh Naylor,26-07-11,Mariners,1,397,107.4,Tropicana Field,0,TBR
Luis Campusano,26-07-21,Padres,1,397,100.3,Truist Park,0,ATL
Yordan Alvarez,26-06-17,Astros,11,397,102.6,Daikin Park,0,HOU
Leo Bernal,26-09-27,Cardinals,30,397,104.7,American Family Field,1,MIL
Manny Machado,26-05-27,Padres,21,397,104.3,Petco Park,0,SDP
CJ Abrams,26-09-20,Nationals,30,397,101.2,Busch Stadium,1,STL
Manny Machado,26-05-03,Padres,30,397,102.5,Petco Park,1,SDP
Yordan Alvarez,26-05-03,Astros,19,396,107.1,Fenway Park,0,BOS
Luis Garcia Jr.,26-06-08,Nationals,3,396,105.1,Oracle Park,0,SFG
AJ Ewing,26-09-26,Mets,24,396,104.7,Nationals Park,1,WSH
James Wood,26-05-12,Nationals,30,396,108.2,Great American Ball Park,1,CIN
Max Muncy (D),26-05-29,Dodgers,29,396,104.5,Dodger Stadium,1,LAD
Max Muncy (D),26-05-11,Dodgers,25,396,104.1,Dodger Stadium,1,LAD
Max Muncy (D),26-04-10,Dodgers,14,396,102.8,Dodger Stadium,1,LAD
Ozzie Albies,26-09-15,Braves,30,396,103.2,Wrigley Field,1,CHC
Wilyer Abreu,26-05-05,Red Sox,30,396,109.1,Comerica Park,1,DET
Edmundo Sosa,26-05-20,Phillies,30,396,106.7,Citizens Bank Park,1,PHI
Yandy Diaz,26-05-30,Rays,30,396,103.6,Tropicana Field,1,TBR
Fernando Tatis Jr,26-08-23,Padres,30,396,105.8,Petco Park,1,SDP
Francisco Lindor,26-07-27,Mets,30,396,104.6,Citi Field,1,NYM
Nolan Arenado,26-07-22,Diamondbacks,30,396,100.1,Chase Field,1,ARI
Zach Neto,26-07-05,Angels,30,396,103.9,Angel Stadium,1,LAA
Coby Mayo,26-06-05,Orioles,30,396,106.2,Rogers Centre,1,TOR
Michael Harris,26-05-28,Braves,30,396,104.1,Fenway Park,1,BOS
Cal Raleigh,26-04-27,Mariners,30,396,109.9,Target Field,1,MIN
Drake Baldwin,26-03-29,Braves,30,396,107.6,Truist Park,1,ATL
Oswald Peraza,26-04-14,Angels,30,396,107.4,Yankee Stadium,1,NYY
George Springer,26-05-23,Blue Jays,30,396,106.8,Rogers Centre,1,TOR
Luis Campusano,26-04-10,Padres,30,396,106.6,Petco Park,1,SDP
Kerry Carpenter,26-04-18,Tigers,30,396,105.9,Fenway Park,1,BOS
Austin Wells,26-04-11,Yankees,30,396,105.5,Tropicana Field,1,TBR
Esteury Ruiz,26-05-03,Marlins,30,396,105.1,loanDepot Park,1,MIA
Tristan Gray,26-04-12,Twins,30,396,104.7,Rogers Centre,1,TOR
Ozzie Albies,26-04-23,Braves,30,396,104.5,Nationals Park,1,WSH
Byron Buxton,26-04-27,Twins,30,396,104.2,Target Field,1,MIN
Travis d'Arnaud,26-05-05,Angels,30,396,104.2,Angel Stadium,1,LAA
Dylan Crews,26-05-23,Nationals,30,396,102.6,Truist Park,1,ATL
Casey Schmitt,26-05-04,Giants,30,396,102.5,Oracle Park,1,SFG
Casey Schmitt,26-05-23,Giants,30,396,101.4,Oracle Park,1,SFG
Darell Hernaiz,26-04-19,Athletics,30,396,99.1,Sutter Health Park,1,ATH
Julio Rodriguez,26-06-02,Mariners,30,396,108,T-Mobile Park,1,SEA
Kyle Stowers,26-06-17,Marlins,30,396,110.8,Citizens Bank Park,1,PHI
Zach Neto,26-06-29,Angels,30,396,102.3,T-Mobile Park,1,SEA
Andres Chaparro,26-07-01,Nationals,30,396,106.1,Fenway Park,1,BOS
Matt Olson,26-07-31,Braves,30,396,107.2,Truist Park,1,ATL
Julio Rodriguez,26-08-07,Mariners,30,396,105.1,T-Mobile Park,1,SEA
Jacob Gonzalez,26-08-13,White Sox,30,396,108.6,loanDepot Park,1,MIA
Luke Keaschall,26-08-22,Twins,30,396,101.6,Petco Park,1,SDP
Henry Davis,26-06-03,Pirates,30,396,107.7,Daikin Park,1,HOU
Jonny DeLuca,26-06-21,Rays,30,396,102.6,Tropicana Field,1,TBR
Brandon Lowe,26-06-27,Pirates,30,396,107.4,PNC Park,1,PIT
Richie Palacios,26-07-10,Rays,30,396,101.1,Tropicana Field,1,TBR
Brandon Lowe,26-07-05,Pirates,30,396,107.6,Nationals Park,1,WSH
alec bohm,26-07-19,Phillies,30,396,107,Citizens Bank Park,1,PHI
JJ Bleday,26-07-22,Reds,30,396,104.5,T-Mobile Park,1,SEA
J.T. Realmuto,26-07-31,Phillies,30,396,104.5,Camden Yards,1,BAL
Dane Myers,26-08-17,Reds,30,396,103.9,Great American Ball Park,1,CIN
Yandy Diaz,26-08-17,Rays,30,396,104.5,Tropicana Field,1,TBR
Adael Amador,26-09-01,Rockies,30,396,96.4,Coors Field,1,COL
Corey Seager,26-09-06,Rangers,30,396,101.7,Globe Life Park,1,TEX
Will Smith,26-09-22,Dodgers,30,396,101.9,Dodger Stadium,1,LAD
Christian Encarnacion-Strand,26-07-24,Orioles,29,396,103.5,Camden Yards,1,BAL
Joc Pederson,26-07-10,Rangers,29,396,107.7,Globe Life Park,1,TEX
Hunter Goodman,26-04-14,Rockies,28,396,102.4,Daikin Park,1,HOU
Brandon Nimmo,26-04-11,Rangers,28,396,105.7,Dodger Stadium,1,LAD
Paul Goldschmidt,26-06-20,Yankees,28,396,104.3,Yankee Stadium,1,NYY
Jesus Sanchez,26-06-09,Blue Jays,28,396,101.8,Rogers Centre,1,TOR
Yandy Diaz,26-09-01,Rays,28,396,104.7,Tropicana Field,1,TBR
JJ Wetherholt,26-04-14,Cardinals,27,396,106.4,Busch Stadium,1,STL
Julio Rodriguez,26-05-18,Mariners,27,396,104.3,T-Mobile Park,1,SEA
Logan O'Hoppe,26-06-19,Angels,27,396,97.2,Sutter Health Park,1,ATH
Sal Frelick,26-04-28,Brewers,26,396,103.4,American Family Field,1,MIL
Seiya Suzuki,26-04-27,Cubs,26,396,103.7,Petco Park,1,SDP
Hunter Feduccia,26-07-07,Rays,26,396,102.2,Tropicana Field,1,TBR
Jim Jarvis,26-07-12,Braves,26,396,102.4,Busch Stadium,0,STL
Jordan Walker,26-07-02,Cardinals,25,396,104.4,Truist Park,1,ATL
Brian Serven,26-08-30,Athletics,24,396,101.7,Sutter Health Park,1,ATH
Tristan Peters,26-09-02,White Sox,24,396,103.5,Daikin Park,0,HOU
Nathan Church,26-04-25,Cardinals,24,396,109.8,Busch Stadium,1,STL
Dane Myers,26-04-21,Reds,23,396,101.6,Tropicana Field,1,TBR
Bobby Witt,26-04-17,Royals,22,396,108.3,Yankee Stadium,0,NYY
Kyle Manzardo,26-06-30,Guardians,22,396,101.7,Progressive Field,1,CLE
J.T. Realmuto,26-08-11,Phillies,22,396,100.3,Busch Stadium,0,STL
Randy Arozarena,26-05-20,Mariners,20,396,105.1,T-Mobile Park,1,SEA
Tyler Soderstrom,26-06-04,Athletics,19,396,103.7,Wrigley Field,1,CHC
Petey Halpin,26-07-20,Guardians,19,396,98.2,Progressive Field,1,CLE
Nathaniel Lowe,26-04-24,Reds,16,396,104.6,Great American Ball Park,1,CIN
Kyle Karros,26-05-30,Rockies,16,396,102.9,Coors Field,1,COL
Mark Vientos,26-07-04,Mets,15,396,104.1,Truist Park,1,ATL
Josh Bell,26-08-24,Twins,15,396,98.2,Sutter Health Park,0,ATH
Jake Burger,26-08-16,Rangers,14,396,104.9,Sutter Health Park,1,ATH
Kyle Manzardo,26-08-01,Guardians,13,396,101.2,Progressive Field,0,CLE
Gleybar Torres,26--08-01,Tigers,13,396,100.3,Sutter Health Park,1,ATH
Vladimir Guerrero Jr.,26-09-13,Blue Jays,13,396,105.3,Rogers Centre,0,TOR
Jeremiah Jackson,26-05-16,Orioles,12,396,100.2,Nationals Park,0,WSH
Matt Olson,26-06-09,Braves,12,396,104.4,Rate Field,0,CWS
Taylor Trammell,26-06-29,Astros,12,396,102.5,Daikin Park,0,HOU
Jackson Chourio,26-08-29,Brewers,12,396,102.5,American Family Field,1,MIL
Luke Maile,26-07-06,Royals,11,396,98.6,Kauffman Stadium,1,KCR
Brandon Marsh,26-07-20,Phillies,11,396,100.7,Citizens Bank Park,1,PHI
Juan Soto,26-08-30,Mets,10,396,104.1,Citi Field,1,NYM
Brandon Nimmo,26-05-16,Rangers,10,396,102.8,Daikin Park,0,HOU
Cal Raleigh,26-04-29,Mariners,10,396,102.6,Target Field,0,MIN
Christian Yelich,26-08-18,Brewers,10,396,101.6,American Family Field,1,MIL
Harry Ford,26-08-07,Nationals,9,396,102,Nationals Park,1,WSH
Vinnie Pasquantino,26-05-08,Royals,8,396,107.9,Kauffman Stadium,0,KCR
Dillon Dingler,26-07-20,Tigers,8,396,97.9,Wrigley Field,1,CHC
Dylan Beavers,26-08-21,Orioles,8,396,103.9,Camden Yards,1,BAL
Carlos Narvaez,26-05-03,Red Sox,7,396,106.4,Fenway Park,0,BOS
Carlos Correa,26-05-01,Astros,7,396,108,Fenway Park,0,BOS
Daylen Lile,26-07-12,Nationals,6,396,102.2,Nationals Park,0,WSH
Matt Olson,26-05-10,Braves,6,396,103.1,Dodger Stadium,1,LAD
Victor Mesa Jr,26-06-20,Rays,6,396,104.7,Tropicana Field,0,TBR
George Springer,26-09-02,Blue Jays,5,396,106,Progressive Field,0,CLE
Tim Tawa,26-08-17,Diamondbacks,5,396,103.7,Fenway Park,0,BOS
Colby Thomas,26-06-04,Athletics,5,396,100.9,Wrigley Field,0,CHC
Aaron Judge,26-05-26,Yankees,5,396,107.8,Kauffman Stadium,0,KCR
Samuel Basallo,26-04-12,Orioles,5,396,107.9,Camden Yards,1,BAL
Adley Rutschman,26-06-03,Orioles,5,396,102.6,Fenway Park,0,BOS
Bryce Harper,26-07-28,Phillies,5,396,106,loanDepot Park,0,MIA
Andy Pages,26-04-10,Dodgers,4,396,103.5,Dodger Stadium,1,LAD
Ben Rice,26-09-10,Yankees,3,396,101.8,Yankee Stadium,0,NYY
Brice Turang,26-03-28,Brewers,3,396,105.9,American Family Field,0,MIL
Kazuma Okamoto,26-06-19,Blue Jays,3,396,106.8,Wrigley Field,0,CHC
Josh Bell,26-07-08,Twins,3,396,101.1,Target Field,0,MIN
Ketel Marte,26-07-06,Diamondbacks,3,396,105.6,Petco Park,0,SDP
Thomas Saggase,26-09-02,Cardinals,3,396,104.7,Dodger Stadium,1,LAD
Trea Turner,26-07-07,Phillies,3,396,101.3,Great American Ball Park,0,CIN
Yandy Diaz,26-08-04,Rays,3,396,104,Coors Field,0,COL
Cole Young,26-09-11,Mariners,2,396,101.5,Sutter Health Park,0,ATH
Salvador Perez,26-05-13,Royals,2,396,103.3,Rate Field,0,CWS
Dominic Smith,26-06-06,Braves,2,396,102,Truist Park,0,ATL
Matt Shaw,26-04-06,Cubs,2,396,100.7,Tropicana Field,0,TBR
Aaron Judge,26-04-11,Yankees,1,396,107.9,Tropicana Field,0,TBR
Francisco Lindor,26-09-19,Mets,1,396,103.2,Citi Field,0,NYM
Luke Keaschall,26-09-25,Twins,15,396,105.8,Target Field,0,MIN
Heriberto Hernandez,26-09-27,Marlins,26,395,105,loanDepot Park,1,MIA
Yordan Alvarez,26-04-11,Astros,29,395,102.6,T-Mobile Park,1,SEA
Elly De La Cruz,26-07-21,Reds,21,395,101.1,T-Mobile Park,1,SEA
Max Muncy (D),26-05-01,Dodgers,7,395,105.1,Busch Stadium,0,STL
Vinnie Pasquantino,26-09-17,Royals,30,395,106.7,PNC Park,1,PIT
Kyle Tucker,26-09-11,Dodgers,30,395,103.8,loanDepot Park,1,MIA
Coby Mayo,26-09-11,Orioles,30,395,108.7,Rogers Centre,1,TOR
Bryson Stott,26-05-17,Phillies,30,395,108.7,PNC Park,1,PIT
Daulton Varsho,26-08-09,Blue Jays,30,395,103.3,Petco Park,1,SDP
Alec Burleson,26-07-02,Cardinals,30,395,107.4,Truist Park,1,ATL
Isaac Paredes,26-07-31,Astros,30,395,101.2,Daikin Park,1,HOU
Vaughn Grissom,26-07-27,Angels,30,395,105.9,Angel Stadium,1,LAA
Ty France,26-07-23,Padres,30,395,108.2,Truist Park,1,ATL
Daulton Varsho,26-06-23,Blue Jays,30,395,106,Rogers Centre,1,TOR
Christian Walker,26-05-05,Astros,30,395,107.2,Daikin Park,1,HOU
Ben Rice,26-05-15,Yankees,30,395,106.1,Citi Field,1,NYM
Curtis Mead,26-04-21,Nationals,30,395,105.9,Nationals Park,1,WSH
J.P. Crawford,26-05-05,Mariners,30,395,102.6,T-Mobile Park,1,SEA
Gavin Sheets,26-05-06,Padres,30,395,101.5,Oracle Park,1,SFG
Jeff McNeil,26-04-21,Athletics,30,395,101.4,T-Mobile Park,1,SEA
Jacob Wilson,26-06-19,Athletics,30,395,99.4,Sutter Health Park,1,ATH
Ben Rice,26-06-30,Yankees,30,395,102.3,Yankee Stadium,1,NYY
Joe Mack,26-06-23,Marlins,30,395,103,loanDepot Park,1,MIA
Jose Caballero,26-07-06,Yankees,30,395,101.6,Tropicana Field,1,TBR
Trevor Larnach,26-08-02,Twins,30,395,109.3,T-Mobile Park,1,SEA
Kody Clemens,26-09-01,Twins,30,395,108.2,Target Field,1,MIN
Ceddanne Rafaela,26-06-10,Red Sox,30,395,102.9,Tropicana Field,1,TBR
Matt Mclain,26-08-22,Reds,30,395,100.9,Chase Field,1,ARI
Danny Jansen,26-08-28,Rangers,30,395,103.3,American Family Field,1,MIL
Maikel Garcia,26-04-30,Royals,29,395,99,Sutter Health Park,1,ATH
James McCann,26-08-04,Diamondbacks,29,395,107.6,Chase Field,1,ARI
Angel Martinez,26-05-16,Guardians,29,395,102.9,Progressive Field,1,CLE
Rafael Devers,26-05-25,Giants,29,395,103.5,Oracle Park,0,SFG
Zach Neto,26-06-08,Angels,29,395,102.8,Angel Stadium,1,LAA
Paul Goldschmidt,26-07-11,Yankees,29,395,103.2,Nationals Park,1,WSH
Willi Castro,26-07-28,Rockies,29,395,107.7,Petco Park,1,SDP
Travis Bazzana,26-09-13,Guardians,29,395,99.5,Target Field,1,MIN
Turner Hill,26-09-15,Giants,29,395,98.9,Busch Stadium,1,STL
Dominic Canzone,26-06-12,Mariners,28,395,97.8,Nationals Park,1,WSH
Miguel Amaya,26-08-16,Cubs,28,395,100.8,Wrigley Field,1,CHC
Cole Carrigg,26-08-26,Rockies,28,395,100.8,Nationals Park,1,WSH
Christian Encarnacion-Strand,26-07-20,Orioles,27,395,103.3,Fenway Park,1,BOS
Joey Wiemer,26-04-22,Nationals,27,395,103.1,Nationals Park,1,WSH
Casey Schmitt,26-07-05,Giants,26,395,96.6,Coors Field,1,COL
Joey Ortiz,26-05-12,Brewers,26,395,97.4,American Family Field,1,MIL
Jackson Merrill,26-07-26,Padres,26,395,109,loanDepot Park,1,MIA
Michael Conforto,26-05-27,Cubs,26,395,102.6,PNC Park,1,PIT
Nick Sogard,26-09-03,Red Sox,26,395,100.8,Camden Yards,1,BAL
Corey Seager,26-03-31,Rangers,25,395,101.7,Camden Yards,1,BAL
Riley Greene,26-05-18,Tigers,25,395,103.3,Comerica Park,0,DET
Jose Trevino,26-07-18,Reds,25,395,93.7,Coors Field,1,COL
Kyle Higashioka,26-05-23,Rangers,24,395,102.1,Angel Stadium,1,LAA
Alex Bregman,26-08-31,Cubs,24,395,100.6,Wrigley Field,1,CHC
Mauricio Dubon,26-06-17,Braves,23,395,105.1,Truist Park,1,ATL
Adley Rutschman,26-04-24,Orioles,23,395,102,Camden Yards,1,BAL
Marcus Semien,26-05-06,Mets,23,395,100.8,Coors Field,1,COL
Mauricio Dubon,26-09-18,Braves,23,395,100.6,Daikin Park,0,HOU
Samuel Basallo,26-04-24,Orioles,22,395,111,Camden Yards,1,BAL
Kevin McGonigle,26-09-13,Tigers,22,395,99.9,Comerica Park,0,DET
Bo Bichette,26-09-04,Mets,21,395,105.5,Citi Field,1,NYM
Colby Thomas,26-06-29,Athletics,21,395,101.1,Sutter Health Park,1,ATH
Petey Halpin,26-06-21,Guardians,20,395,99.1,Daikin Park,0,HOU
Drake Baldwin,26-07-19,Braves,20,395,98.2,Truist Park,1,ATL
Aaron Judge,26-05-22,Yankees,19,395,106.6,Yankee Stadium,0,NYY
Chase Delauter,26-07-24,Guardians,17,395,107.1,Tropicana Field,0,TBR
Michael Conforto,26-05-31,Cubs,16,395,103.9,Busch Stadium,0,STL
Miguel Vargas,26-09-11,White Sox,16,395,104.3,Busch Stadium,0,STL
Nathan Lukes,26-08-08,Blue Jays,15,395,100.6,Citizens Bank Park,1,PHI
Samuel Basallo,26-05-07,Orioles,14,395,103.4,loanDepot Park,0,MIA
Nathan Church,26-04-30,Cardinals,14,395,101.8,PNC Park,0,PIT
Ivan Herrera,26-08-17,Cardinals,13,395,100.9,Great American Ball Park,1,CIN
Paul Goldschmidt,26-04-19,Yankees,13,395,107.4,Yankee Stadium,0,NYY
Jasson Dominguez,26-07-03,Yankees,13,395,98.3,Yankee Stadium,0,NYY
Jake Burger,26-09-20,Rangers,12,395,106.7,Globe Life Park,1,TEX
Fernando Tatis Jr,26-06-07,Padres,12,395,103.8,Petco Park,0,SDP
Juan Soto,26-06-26,Mets,12,395,104.1,Citi Field,0,NYM
Lars Nootbaar,26-06-05,Cardinals,12,395,105.8,Busch Stadium,0,STL
Julio Rodriguez,26-09-19,Mariners,11,395,103.4,Coors Field,0,COL
Spencer Torkelson,26-04-25,Tigers,10,395,102.6,Great American Ball Park,1,CIN
Jase Bowen,26-06-07,Padres,10,395,100.1,Petco Park,0,SDP
Michael Harris,26-03-29,Braves,9,395,108.5,Truist Park,0,ATL
Ivan Herrera,26-08-12,Cardinals,7,395,103.8,Busch Stadium,0,STL
Willson Contreras,26-06-24,Red Sox,6,395,102.2,Coors Field,0,COL
Brandon Lowe,26-04-17,Pirates,5,395,101.3,PNC Park,0,PIT
Bryce Eldridge,26-08-05,Giants,5,395,99.8,Globe Life Park,0,TEX
Matt Vierling,26-06-02,Tigers,5,395,102,Tropicana Field,0,TBR
Ketel Marte,26-05-05,Diamondbacks,5,395,103.2,Chase Field,0,ARI
Kyle Stowers,26-05-16,Marlins,5,395,99.7,Tropicana Field,0,TBR
Royce Lewis,26-06-20,Twins,5,395,103.5,Chase Field,0,ARI
Mike Yastrzemski,26-06-27,Braves,5,395,100.5,Oracle Park,0,SFG
Randy Arozarena,26-07-27,Mariners,5,395,103.3,Globe Life Park,1,TEX
Kyle Stowers,26-08-28,Marlins,5,395,105,Nationals Park,0,WSH
Endy Rodriguez,26-07-02,Pirates,5,395,102.9,Citizens Bank Park,1,PHI
Drew Gilbert,26-08-08,Giants,4,395,101.6,Oracle Park,0,SFG
Pete Crow-Armstrong,26-04-22,Cubs,4,395,108.8,Wrigley Field,0,CHC
Luis Robert Jr,26-08-18,Mets,4,395,102.1,Citi Field,0,NYM
Connor Norby,26-05-31,Marlins,3,395,106.9,Citi Field,0,NYM
Freddie Freeman,26-04-18,Dodgers,3,395,102.5,Coors Field,0,COL
Lawrence Butler,26-06-25,Athletics,3,395,100.5,Oracle Park,0,SFG
Seiya Suzuki,26-09-02,Cubs,3,395,100.6,Wrigley Field,0,CHC
Sal Stewart,26-06-13,Reds,3,395,104.2,Great American Ball Park,0,CIN
Jarren Duran,26-07-10,Red Sox,3,395,104.9,Citi Field,0,NYM
Anthony Seigler,26-07-28,Red Sox,3,395,98.8,Sutter Health Park,0,ATH
Jared Triolo,26-08-13,Pirates,3,395,103,loanDepot Park,1,MIA
Jose Trevino,26-08-28,Reds,3,395,102.8,Wrigley Field,1,CHC
Adael Amador,26-09-02,Rockies,3,395,98.9,Coors Field,0,COL
Heriberto Hernandez,26-09-08,Marlins,2,395,107,loanDepot Park,0,MIA
Dansby Swanson,26-07-24,Cubs,2,395,100.7,PNC Park,0,PIT
Jhostynxon Garcia,26-06-03,Pirates,2,395,109.6,Daikin Park,0,HOU
Tanner Murray,26-04-12,White Sox,2,395,100.9,Kauffman Stadium,0,KCR
Brice Turang,26-06-01,Brewers,2,395,100.6,American Family Field,0,MIL
Bryce Eldridge,26-07-08,Giants,2,395,103.6,Oracle Park,0,SFG
Gabriel Arias,26-08-11,Guardians,2,395,101.1,Truist Park,0,ATL
TJ Friedl,26-07-02,Reds,2,395,99,American Family Field,1,MIL
Jordan Beck,26-08-17,Rockies,2,395,100.6,Coors Field,0,COL
Lars Nootbaar,26-09-09,Cardinals,1,395,101.8,Kauffman Stadium,0,KCR
Andres Gimenez,26-08-28,Blue Jays,1,395,100.7,Rogers Centre,0,TOR
Luke Raley,26-05-24,Mariners,1,395,105.2,Kauffman Stadium,0,KCR
Jackson Chourio,26-06-02,Brewers,1,395,104.3,American Family Field,0,MIL
Christian Walker,26-08-25,Astros,1,395,103.6,Yankee Stadium,0,NYY
Nick Gonzales,26-07-27,Pirates,1,395,102.4,PNC Park,0,PIT
Alec Burleson,26-09-24,Cardinals,30,395,104.6,PNC Park,1,PIT
James Wood,26-05-21,Nationals,4,395,111.7,Nationals Park,0,WSH
Luis Garcia Jr.,26-07-03,Nationals,30,395,111.7,Nationals Park,1,WSH
Yordan Alvarez,26-06-30,Astros,29,395,105.7,Daikin Park,1,HOU
Ketel Marte,26-09-27,Diamondbacks,6,395,102.9,Petco Park,0,SDP
Yordan Alvarez,26-08-01,Astros,4,395,104.5,Daikin Park,0,HOU
Manny Machado,26-04-26,Padres,1,395,96.1,Mexico City,1,MEX
Yordan Alvarez,26-03-30,Astros,30,394,108.8,Daikin Park,1,HOU
James Wood,26-04-07,Nationals,28,394,108.4,Nationals Park,1,WSH
Jeremy Pena,26-09-17,Astros,30,394,103.9,Daikin Park,1,HOU
Adael Amador,26-09-13,Rockies,30,394,102.3,Comerica Park,1,DET
Owen Caissie,26-03-29,Marlins,30,394,107.9,loanDepot Park,1,MIA
Luis Campusano,26-09-04,Padres,30,394,104.6,Petco Park,1,SDP
Nick Yorke,26-04-19,Pirates,30,394,106.6,PNC Park,1,PIT
Jackson Chourio,26-09-08,Brewers,30,394,109.8,American Family Field,1,MIL
JJ Bleday,26-05-04,Reds,30,394,112.6,Wrigley Field,1,CHC
JJ Bleday,26-05-14,Reds,30,394,103.6,Great American Ball Park,1,CIN
Cooper Pratt,26-08-31,Brewers,30,394,103.9,Wrigley Field,1,CHC
Carson Kelly,26-08-03,Cubs,30,394,104.6,Wrigley Field,1,CHC
Christian Walker,26-06-28,Astros,30,394,98.3,Comerica Park,1,DET
Curtis Mead,26-06-24,Nationals,30,394,102.8,Nationals Park,1,WSH
Andy Pages,26-06-06,Dodgers,30,394,100.6,Dodger Stadium,1,LAD
Jesus Sanchez,26-05-26,Blue Jays,30,394,108.7,Rogers Centre,1,TOR
Colton Cowser,26-05-17,Orioles,30,394,113.3,Nationals Park,1,WSH
Taylor Ward,26-04-19,Orioles,30,394,107.4,Progressive Field,1,CLE
Michael Harris,26-04-22,Braves,30,394,104.2,Nationals Park,1,WSH
Cole Young,26-04-05,Mariners,30,394,104,Angel Stadium,1,LAA
Alejandro Kirk,26-03-28,Blue Jays,30,394,101.5,Rogers Centre,1,TOR
Jakob Marsee,26-05-15,Marlins,30,394,100,Tropicana Field,1,TBR
Jakob Marsee,26-06-17,Marlins,30,394,102.5,Citizens Bank Park,1,PHI
Cody Bellinger,26-06-07,Yankees,30,394,100.5,Yankee Stadium,1,NYY
Royce Lewis,26-06-12,Twins,30,394,107.2,Target Field,1,MIN
Yainer Diaz,26-07-04,Astros,30,394,103.5,Daikin Park,1,HOU
Bryce Eldridge,26-07-09,Giants,30,394,106.1,Oracle Park,1,SFG
Chase Delauter,26-07-09,Guardians,30,394,97.9,Target Field,1,MIN
Jacob Wilson,26-07-21,Athletics,30,394,102.8,Chase Field,1,ARI
Ben Rice,26-07-22,Yankees,30,394,102.1,Yankee Stadium,1,NYY
Tommy Edman,26-08-03,Dodgers,30,394,108.1,Wrigley Field,1,CHC
Austin Wells,26-08-03,Yankees,30,394,104.3,Yankee Stadium,1,NYY
Lawrence Butler,26-08-16,Athletics,30,394,107,Sutter Health Park,1,ATH
Tyler Callihan,26-06-10,Pirates,30,394,101.4,PNC Park,1,PIT
Esmerlyn Valdez,26-07-09,Pirates,30,394,104.3,PNC Park,1,PIT
Joc Pederson,26-08-26,Rangers,30,394,101.8,Rate Field,1,CWS
Hunter Goodman,26-08-09,Rockies,30,394,104,Busch Stadium,1,STL
Cody Bellinger,26-04-04,Yankees,29,394,105.5,Yankee Stadium,1,NYY
Carlos Cortes,26-07-18,Athletics,29,394,98,Sutter Health Park,1,ATH
Jonny DeLuca,26-07-18,Rays,29,394,102.7,Fenway Park,1,BOS
Tyler Stephenson,26-08-30,Reds,29,394,102.7,Wrigley Field,1,CHC
Bobby Witt,26-09-09,Royals,29,394,104.1,Kauffman Stadium,1,KCR
Lawrence Butler,26-09-11,Athletics,29,394,106.9,Sutter Health Park,1,ATH
Willson Contreras,26-04-19,Red Sox,28,394,109.4,Fenway Park,1,BOS
Joc Pederson,26-06-15,Rangers,28,394,103.4,Globe Life Park,1,TEX
Christian Walker,26-06-13,Astros,28,394,108.9,Kauffman Stadium,1,KCR
Byron Buxton,26-06-22,Twins,28,394,106.8,Target Field,1,MIN
Christian Yelich,26-09-01,Brewers,28,394,97,Wrigley Field,1,CHC
Connor Wong,26-07-28,Red Sox,28,394,110.5,Sutter Health Park,1,ATH
Andrew Knizner,26-08-22,Giants,27,394,106,Fenway Park,1,BOS
Freddie Freeman,26-06-02,Dodgers,27,394,102.2,Chase Field,1,ARI
Josh Bell,26-04-13,Twins,27,394,102.8,Target Field,0,MIN
Kevin McGonigle,26-05-22,Tigers,27,394,101.9,Camden Yards,1,BAL
Carson Benge,26-06-02,Mets,27,394,109.8,T-Mobile Park,1,SEA
Marcus Semien,26-06-06,Mets,27,394,101.5,Petco Park,1,SDP
Pete Crow-Armstrong,26-09-16,Cubs,27,394,105.1,Wrigley Field,1,CHC
Alex Bregman,26-08-14,Cubs,26,394,98.1,Nationals Park,1,WSH
Jeremy Pena,26-07-26,Astros,26,394,106.8,Rate Field,1,CWS
Rafael Devers,26-08-29,Giants,26,394,106.3,Oracle Park,0,SFG
Trevor Story,26-09-17,Red Sox,25,394,108.2,Globe Life Park,1,TEX
Vladimir Guerrero Jr.,26-07-31,Blue Jays,21,394,112.4,Rogers Centre,0,TOR
Jake Bauers,26-05-26,Brewers,20,394,102.3,American Family Field,1,MIL
Javier Sanoja,26-09-02,Marlins,18,394,102.5,Kauffman Stadium,1,KCR
Xavier Edwards,26-04-17,Marlins,18,394,99.3,loanDepot Park,0,MIA
Adley Rutschman,26-04-21,Orioles,18,394,97.2,Kauffman Stadium,1,KCR
Pete Alonso,26-07-31,Orioles,17,394,109.3,Camden Yards,1,BAL
Miguel Vargas,26-05-17,White Sox,17,394,102.8,Rate Field,0,CWS
Ben Williamson,26-06-14,Rays,16,394,102.8,Angel Stadium,1,LAA
Mike Yastrzemski,26-08-09,Braves,16,394,102.6,Yankee Stadium,0,NYY
Mickey Gasper,26-08-25,Red Sox,15,394,102.7,loanDepot Park,1,MIA
Bryce Eldridge,26-08-10,Giants,13,394,101.9,Oracle Park,0,SFG
Walker Jenkins,26-09-17,Twins,12,394,103.4,Angel Stadium,1,LAA
Anthony Volpe,26-07-28,Yankees,11,394,98.6,Rate Field,0,CWS
Jacob Gonzalez,26-09-06,White Sox,11,394,102.9,PNC Park,0,PIT
Chase Delauter,26-09-19,Guardians,10,394,99.4,Progressive Field,1,CLE
Randy Arozarena,26-03-29,Mariners,10,394,101.8,T-Mobile Park,0,SEA
Otto Lopez,26-06-29,Marlins,9,394,99.9,Coors Field,1,COL
Taylor Ward,26-08-09,Orioles,9,394,103.8,T-Mobile Park,0,SEA
William Contreras,26-08-10,Brewers,9,394,102.9,Petco Park,0,SDP
Bryan Reynolds,26-05-19,Pirates,8,394,107.2,Busch Stadium,0,STL
JJ Bleday,26-05-07,Reds,8,394,105.9,Wrigley Field,0,CHC
AJ Ewing,26-08-15,Mets,8,394,102,Citi Field,0,NYM
Brandon Nimmo,26-07-09,Rangers,8,394,104.4,Globe Life Park,1,TEX
Tyler Soderstrom,26-05-12,Athletics,7,394,100.6,Sutter Health Park,0,ATH
Austin Wells,26-05-15,Yankees,6,394,100.1,Citi Field,0,NYM
Dillon Dingler,26-09-21,Tigers,5,394,100.8,Comerica Park,0,DET
Willson Contreras,26-05-02,Red Sox,5,394,102.5,Fenway Park,0,BOS
Yohendrick Pinango,26-06-08,Blue Jays,5,394,111.6,Rogers Centre,0,TOR
Trea Turner,26-06-26,Phillies,5,394,101.2,Citi Field,0,NYM
Jonathan Aranda,26-08-14,Rays,5,394,100.3,Tropicana Field,0,TBR
Sal Frelick,26-09-04,Brewers,4,394,101,Great American Ball Park,0,CIN
Jose Siri,26-08-19,Angels,4,394,105.3,Daikin Park,0,HOU
Juan Brito,26-04-19,Guardians,4,394,102.6,Progressive Field,0,CLE
Tim Tawa,26-08-28,Diamondbacks,4,394,101.9,Oracle Park,0,SFG
Brooks Lee,26-09-09,Twins,4,394,100.8,Comerica Park,0,DET
Ty France,26-09-06,Padres,3,394,102.5,Petco Park,0,SDP
Dansby Swanson,26-07-20,Cubs,3,394,97.7,Wrigley Field,0,CHC
Dalton Rushing,26-07-02,Dodgers,3,394,104.5,Dodger Stadium,1,LAD
Brandon Nimmo,26-08-23,Rangers,3,394,103.6,Globe Life Park,0,TEX
Jake Burger,26-08-26,Rangers,3,394,106.6,Rate Field,0,CWS
Angel Martinez,26-08-08,Guardians,2,394,101.1,Rate Field,0,CWS
Luke Keaschall,26-05-01,Twins,2,394,101.2,Target Field,0,MIN
Drake Baldwin,26-05-15,Braves,2,394,98.6,Truist Park,0,ATL
Andrew Benintendi,26-06-09,White Sox,2,394,104.2,Rate Field,0,CWS
Dansby Swanson,26-04-07,Cubs,2,394,104.5,Tropicana Field,0,TBR
Francisco Alvarez,26-09-22,Mets,2,394,112.3,Globe Life Park,0,TEX
Zach Neto,26-07-09,Angels,1,394,103,Globe Life Park,0,TEX
Kody Clemens,26-05-30,Twins,1,394,101.8,PNC Park,0,PIT
Alec Burleson,26-05-13,Cardinals,1,394,101.8,Sutter Health Park,0,ATH
Tim Tawa,26-09-16,Diamondbacks,1,394,98.1,Chase Field,0,ARI
Jacob Young,26-09-23,Nationals,1,394,100.6,Comerica Park,0,DET
Isaac Paredes,26-09-24,Astros,30,394,96.6,Sutter Health Park,1,ATH
CJ Abrams,26-07-17,Nationals,3,394,98.5,Sutter Health Park,0,ATH
Patrick Bailey,26-09-26,Giants,3,394,101.1,Kauffman Stadium,0,KCR
Andrew Benintendi,26-09-26,White Sox,30,394,102.4,Rate Field,1,CWS
Yordan Alvarez,26-07-22,Astros,29,394,104.9,Daikin Park,1,HOU
James Wood,26-04-12,Nationals,29,393,101.1,American Family Field,1,MIL
Christian Moore,26-09-25,Angels,13,393,106.3,T-Mobile Park,1,SEA
Ivan Herrera,26-09-25,Cardinals,11,393,102.1,American Family Field,1,MIL
Max Muncy (D),26-09-12,Dodgers,16,393,105.6,loanDepot Park,1,MIA
Mike Trout,26-09-23,Angels,30,393,101.3,Sutter Health Park,1,ATH
Austin Wells,26-09-19,Yankees,30,393,104.8,Chase Field,1,ARI
J.P. Crawford,26-09-14,Mariners,30,393,101,Angel Stadium,1,LAA
Bryce Harper,26-05-04,Phillies,30,393,103.3,loanDepot Park,1,MIA
Masataka Yoshida,26-05-24,Red Sox,30,393,108.6,Fenway Park,1,BOS
Brett Callahan,26-08-18,Tigers,30,393,110.3,PNC Park,1,PIT
Francisco Alvarez,26-08-09,Mets,30,393,101.7,PNC Park,1,PIT
Miguel Vargas,26-07-26,White Sox,30,393,102.3,Rate Field,1,CWS
Jeremy Pena,26-07-26,Astros,30,393,98.2,Rate Field,1,CWS
Miguel Andujar,26-05-19,Padres,30,393,106.6,Petco Park,1,SDP
Jake Meyers,26-04-05,Astros,30,393,106.5,Sutter Health Park,1,ATH
Jazz Chisholm Jr,26-04-24,Yankees,30,393,106.5,Daikin Park,1,HOU
Josh Bell,26-04-02,Twins,30,393,104.8,Kauffman Stadium,1,KCR
Andy Pages,26-05-06,Dodgers,30,393,104.3,Daikin Park,1,HOU
Adley Rutschman,26-04-24,Orioles,30,393,103.4,Camden Yards,1,BAL
Ramon Laureano,26-04-01,Padres,30,393,101,Petco Park,1,SDP
Brooks Lee,26-05-31,Twins,30,393,101.6,PNC Park,1,PIT
Jacob Young,26-06-01,Nationals,30,393,99.5,Nationals Park,1,WSH
Ozzie Albies,26-06-03,Braves,30,393,106.6,Truist Park,1,ATL
Liam Hicks,26-07-20,Marlins,30,393,101.7,Daikin Park,1,HOU
Ozzie Albies,26-07-20,Braves,30,393,101.2,Truist Park,1,ATL
Gavin Sheets,26-08-09,Padres,30,393,103.7,Petco Park,1,SDP
Junior Caminero,26-06-25,Rays,30,393,103.4,Tropicana Field,1,TBR
Cole Carrigg,26-07-04,Rockies,30,393,103.5,Coors Field,1,COL
Ezequiel Tovar,26-07-06,Rockies,30,393,100.9,Dodger Stadium,1,LAD
Heriberto Hernandez,26-08-22,Marlins,30,393,109.2,loanDepot Park,1,MIA
Trea Turner,26-07-31,Phillies,30,393,103.9,Camden Yards,1,BAL
Jac Caglianone,26-08-14,Royals,30,393,104,Angel Stadium,1,LAA
Salvador Perez,26-05-17,Royals,30,393,99,Busch Stadium,1,STL
Petey Halpin,26-09-16,Guardians,30,393,103.7,Progressive Field,1,CLE
Ronny Simon,26-09-19,Pirates,30,393,104.7,PNC Park,1,PIT
Kody Clemens,26-07-04,Twins,29,393,101.2,Yankee Stadium,1,NYY
Cal Raleigh,26-06-23,Mariners,29,393,99.4,PNC Park,1,PIT
Paul Goldschmidt,26-05-18,Yankees,29,393,105.1,Yankee Stadium,1,NYY
Bo Naylor,26-05-07,Guardians,29,393,101.5,Kauffman Stadium,1,KCR
Pedro Ramirez,26-09-12,Cubs,29,393,98.2,Wrigley Field,1,CHC
Ezequiel Duran,26-03-31,Rangers,28,393,104.7,Camden Yards,1,BAL
Kyle Higashioka,26-05-17,Rangers,28,393,99.8,Daikin Park,1,HOU
JJ Bleday,26-05-29,Reds,28,393,108.6,Great American Ball Park,1,CIN
Nico Hoerner,26-08-31,Cubs,28,393,98.8,Wrigley Field,1,CHC
Sal Stewart,26-05-07,Reds,27,393,105.8,Wrigley Field,1,CHC
Kazuma Okamoto,26-05-27,Blue Jays,27,393,101.6,Rogers Centre,1,TOR
Daylen Lile,26-06-05,Nationals,27,393,101.2,Chase Field,1,ARI
Joe Mack,26-09-09,Marlins,27,393,104.1,loanDepot Park,1,MIA
Tyler Stephenson,26-08-13,Reds,27,393,103.2,Rate Field,1,CWS
Yandy Diaz,26-09-08,Rays,27,393,107.8,Truist Park,1,ATL
Blake Dunn,26-05-07,Reds,26,393,107.1,Wrigley Field,1,CHC
Kyle Karros,26-06-17,Rockies,26,393,100.3,Wrigley Field,1,CHC
Isiah Kiner-Falefa,26-05-26,Red Sox,26,393,98.3,Fenway Park,1,BOS
Jacob Young,26-05-20,Nationals,26,393,96.8,Nationals Park,1,WSH
Seiya Suzuki,26-04-23,Cubs,26,393,103.6,Wrigley Field,1,CHC
Derek Hill,26-08-03,White Sox,24,393,98.9,Citizens Bank Park,1,PHI
Endy Rodriguez,26-06-12,Pirates,24,393,106.9,PNC Park,1,PIT
Pete Crow-Armstrong,26-07-30,Cubs,24,393,103.4,Busch Stadium,0,STL
Dominic Smith,26-05-20,Braves,23,393,100.8,loanDepot Park,1,MIA
Jared Young,26-07-21,Mets,23,393,107.2,American Family Field,1,MIL
Matt Olson,26-08-09,Braves,23,393,110.7,Yankee Stadium,1,NYY
Gleybar Torres,26-08-18,Tigers,22,393,98,PNC Park,0,PIT
Sam Antonacci,26-06-20,White Sox,21,393,100.2,Comerica Park,1,DET
Brenton Doyle,26-08-26,Rockies,20,393,100.1,Rate Field,1,CWS
Fernando Tatis Jr,26-05-10,Padres,19,393,105.8,Petco Park,0,SDP
Adley Rutschman,26-05-13,Orioles,19,393,100.1,Camden Yards,1,BAL
Jonathan Aranda,26-08-17,Rays,18,393,99.4,Tropicana Field,0,TBR
Zack Gelof,26-09-17,Athletics,17,393,103.8,Progressive Field,1,CLE
Austin Hedges,26-08-24,Guardians,17,393,101.5,Angel Stadium,1,LAA
Harry Ford,26-08-28,Nationals,16,393,100.2,Nationals Park,1,WSH
Eric Haase,26-05-12,Giants,15,393,102.1,Dodger Stadium,1,LAD
Jackson Merrill,26-07-29,Padres,13,393,103.5,Petco Park,0,SDP
Teoscar Hernandez,26-04-11,Dodgers,13,393,107.3,Dodger Stadium,1,LAD
Willy Adames,26-07-17,Giants,12,393,105.5,T-Mobile Park,1,SEA
Austin Wells,26-06-02,Yankees,12,393,103.5,Yankee Stadium,0,NYY
Juan Soto,26-05-15,Mets,11,393,102.6,Citi Field,1,NYM
Jonny DeLuca,26-04-15,Rays,10,393,107.2,Rate Field,1,CWS
Myles Straw,26-08-27,Blue Jays,10,393,96,Rogers Centre,0,TOR
Corbin Carroll,26-07-22,Diamondbacks,10,393,99.8,Chase Field,0,ARI
Bryce Harper,26-05-05,Phillies,9,393,97.9,Citizens Bank Park,1,PHI
Miguel Vargas,26-07-10,White Sox,9,393,104.2,Rate Field,0,CWS
Jackson Chourio,26-05-04,Brewers,8,393,109.2,Busch Stadium,0,STL
Ryan Kreidler,26-06-14,Twins,8,393,101.2,Target Field,0,MIN
Brady House,26-05-12,Nationals,8,393,104.6,Great American Ball Park,1,CIN
Taylor Ward,26-04-16,Orioles,8,393,102.8,Progressive Field,0,CLE
Michael Conforto,26-04-29,Cubs,8,393,102.1,Petco Park,0,SDP
Anthony Volpe,26-06-07,Yankees,7,393,101.3,Yankee Stadium,0,NYY
Mookie Betts,26-09-18,Dodgers,6,393,101.3,Dodger Stadium,1,LAD
Keibert Ruiz,26-07-03,Nationals,6,393,98.7,Nationals Park,0,WSH
J.C. Escarra,26-06-19,Yankees,6,393,97.7,Yankee Stadium,0,NYY
Masataka Yoshida,26-07-17,Red Sox,6,393,102.8,Fenway Park,0,BOS
Tyler Soderstrom,26-04-21,Athletics,5,393,105.6,T-Mobile Park,0,SEA
Mark Vientos,26-05-04,Mets,5,393,103.7,Coors Field,0,COL
Miguel Andujar,26-07-17,Padres,5,393,103.8,Kauffman Stadium,0,KCR
Bryson Stott,26-07-18,Phillies,5,393,106.7,Citizens Bank Park,0,PHI
Wilyer Abreu,26-05-22,Red Sox,4,393,102,Fenway Park,0,BOS
Nathan Lukes,26-05-27,Blue Jays,4,393,100.8,Rogers Centre,0,TOR
Ian Happ,26-04-13,Cubs,4,393,100.5,Citizens Bank Park,0,PHI
Travis Bazzana,26-09-15,Guardians,4,393,98,Progressive Field,1,CLE
Jordan Walker,26-08-09,Cardinals,3,393,105.3,Busch Stadium,0,STL
Cooper Pratt,26-07-20,Brewers,3,393,96.7,American Family Field,1,MIL
Bryson Stott,26-07-22,Phillies,3,393,105.9,Citizens Bank Park,0,PHI
Starling Marte,26-08-04,Royals,3,393,100.4,Kauffman Stadium,0,KCR
Connor Norby,26-09-12,Marlins,3,393,100.1,Comerica Park,0,DET
Lars Nootbaar,26-07-27,Cardinals,2,393,98.6,Busch Stadium,0,STL
David Hamilton,26-08-18,Brewers,2,393,99.4,American Family Field,1,MIL
Andrew Vaughn,26-07-20,Brewers,2,393,104.9,American Family Field,1,MIL
Wenceel Perez,26-04-26,Tigers,2,393,100.5,Great American Ball Park,0,CIN
Willy Adames,26-06-26,Giants,2,393,101,Oracle Park,0,SFG
Bryan Reynolds,26-09-08,Pirates,2,393,100.4,Rate Field,0,CWS
Junior Caminero,26-04-15,Rays,1,393,104.8,Rate Field,1,CWS
Spencer Steer,26-04-10,Reds,1,393,103.9,Great American Ball Park,0,CIN
Pete Alonso,26-08-09,Orioles,1,393,103.7,Globe Life Park,1,TEX
Davis Schneider,26-04-14,Blue Jays,1,393,111.1,American Family Field,0,MIL
Marcus Semien,26-05-10,Mets,1,393,103.6,Chase Field,0,ARI
Matt Mclain,26-06-12,Reds,1,393,104.7,Great American Ball Park,0,CIN
Otto Lopez,26-07-31,Marlins,1,393,103.9,Citi Field,0,NYM
Carter Jensen,26-07-12,Royals,1,393,102.8,Camden Yards,0,BAL
JJ Bleday,26-07-22,Reds,1,393,103.5,T-Mobile Park,0,SEA
Trea Turner,26-09-04,Phillies,1,393,100.6,Citizens Bank Park,0,PHI
Drake Baldwin,26-09-24,Braves,2,393,104.4,Truist Park,0,ATL
Manny Machado,26-06-26,Padres,24,393,103.6,Petco Park,0,SDP
Munetaka Murakami,26-08-16,White Sox,28,393,102.4,Comerica Park,1,DET
CJ Abrams,26-07-31,Nationals,30,393,102,Truist Park,1,ATL
James Wood,26-07-01,Nationals,25,393,104.2,Fenway Park,1,BOS
Kevin McGonigle,26-09-27,Tigers,23,393,100.6,Comerica Park,1,DET
Lars Nootbaar,26-09-25,Cardinals,2,393,101,Petco Park,0,SDP
Jake Cronenworth,26-09-26,Padres,14,392,103.4,Petco Park,0,SDP
Colson Montgomery,26-03-29,White Sox,2,392,99.2,American Family Field,0,MIL
Manny Machado,26-09-13,Padres,30,392,104.1,Oracle Park,1,SFG
Max Muncy (D),26-08-21,Dodgers,30,392,104.3,Dodger Stadium,1,LAD
Miguel Vargas,26-09-14,White Sox,30,392,105.3,Progressive Field,1,CLE
Zach Neto,26-09-08,Angels,30,392,104.2,Fenway Park,1,BOS
Michael Massey,26-05-05,Royals,30,392,102.9,Kauffman Stadium,1,KCR
Will Smith,26-09-08,Dodgers,30,392,100.8,Dodger Stadium,1,LAD
Julio Rodriguez,26-08-24,Mariners,30,392,109,T-Mobile Park,1,SEA
Pete Alonso,26-08-15,Orioles,30,392,105.9,Tropicana Field,1,TBR
Seiya Suzuki,26-07-26,Cubs,30,392,103.9,PNC Park,1,PIT
Rhys Hoskins,26-08-08,Guardians,30,392,106.1,Rate Field,1,CWS
George Lombard Jr,26-08-04,Yankees,30,392,100.2,Yankee Stadium,1,NYY
Francisco Lindor,26-07-31,Mets,30,392,103.5,Citi Field,1,NYM
Max Kepler,26-07-21,Diamondbacks,30,392,102.6,Chase Field,1,ARI
Tyler Soderstrom,26-07-10,Athletics,30,392,104.5,Rate Field,1,CWS
Michael Harris,26-06-13,Braves,30,392,106.5,Citi Field,1,NYM
Tommy Troy,26-06-01,Diamondbacks,30,392,102.7,Chase Field,1,ARI
Mark Vientos,26-05-14,Mets,30,392,106.9,Citi Field,1,NYM
Jhonny Pereda,26-05-20,Mariners,30,392,106.7,T-Mobile Park,1,SEA
Nolan Schanuel,26-05-21,Angels,30,392,105.7,Angel Stadium,1,LAA
Myles Straw,26-05-02,Blue Jays,30,392,103.7,Target Field,1,MIN
Oswald Peraza,26-05-10,Angels,30,392,103.5,Rogers Centre,1,TOR
Otto Lopez,26-04-01,Marlins,30,392,102.8,loanDepot Park,1,MIA
Andres Gimenez,26-04-14,Blue Jays,30,392,101.3,American Family Field,1,MIL
Xavier Edwards,26-05-02,Marlins,30,392,100.6,loanDepot Park,1,MIA
Jeremy Pena,26-05-30,Astros,30,392,103.3,Daikin Park,1,HOU
Pete Alonso,26-06-13,Orioles,30,392,104.3,Camden Yards,1,BAL
Cam Smith,26-08-07,Astros,30,392,106.4,Petco Park,1,SDP
Nico Hoerner,26-04-17,Cubs,30,392,99.1,Wrigley Field,1,CHC
Trent Grisham,26-08-09,Yankees,30,392,106.2,Yankee Stadium,1,NYY
Miguel Vargas,26-08-14,White Sox,30,392,104.7,Comerica Park,1,DET
Carson Kelly,26-08-24,Cubs,30,392,105.4,Chase Field,1,ARI
Teoscar Hernandez,26-09-07,Dodgers,30,392,112.6,Dodger Stadium,1,LAD
Willson Contreras,26-06-14,Red Sox,30,392,101.5,Fenway Park,1,BOS
Ke'Bryan Hayes,26-08-15,Reds,30,392,100,Great American Ball Park,1,CIN
Josh Smith,26-09-02,Rangers,30,392,103.5,Progressive Field,1,CLE
Tyler Stephenson,26-09-05,Reds,30,392,104,Great American Ball Park,1,CIN
Austin Wells,26-09-13,Yankees,30,392,105.9,Yankee Stadium,1,NYY
Dominic Smith,26-07-23,Braves,29,392,99.3,Truist Park,1,ATL
Gunnar Henderson,26-05-27,Orioles,29,392,102.2,Camden Yards,1,BAL
Austin Wells,26-05-22,Yankees,29,392,106,Yankee Stadium,1,NYY
Samuel Basallo,26-04-26,Orioles,29,392,101.5,Camden Yards,1,BAL
Willi Castro,26-08-04,Rockies,29,392,107.1,Coors Field,1,COL
Colton Cowser,26-08-16,Orioles,28,392,103.6,Tropicana Field,1,TBR
Mookie Betts,26-09-02,Dodgers,28,392,101.6,Dodger Stadium,1,LAD
Randy Arozarena,26-09-13,Mariners,28,392,101.7,Sutter Health Park,1,ATH
Kyle Tucker,26-07-25,Dodgers,27,392,107.7,Citi Field,1,NYM
Gunnar Henderson,26-07-25,Orioles,27,392,104.5,Camden Yards,1,BAL
Kevin McGonigle,26-08-23,Tigers,27,392,102.8,Kauffman Stadium,1,KCR
Mickey Gasper,26-09-11,Red Sox,26,392,104.8,Fenway Park,1,BOS
Walton Donovan,26-09-03,Athletics,26,392,102.9,T-Mobile Park,1,SEA
Victor Mesa Jr,26-07-10,Rays,26,392,104.3,Tropicana Field,1,TBR
Salvador Perez,26-09-02,Royals,25,392,107.4,Kauffman Stadium,1,KCR
Davis Schneider,26-09-19,Blue Jays,24,392,101.7,Globe Life Park,1,TEX
Jakob Marsee,26-09-02,Marlins,24,392,104.8,Kauffman Stadium,1,KCR
Griffin Conine,26-07-27,Marlins,24,392,98.3,loanDepot Park,1,MIA
Harrison Bader,26-03-31,Giants,22,392,103.8,Petco Park,0,SDP
Jordan Walker,26-08-21,Cardinals,22,392,107.3,Citizens Bank Park,1,PHI
Spencer Steer,26-06-16,Reds,22,392,102.9,Great American Ball Park,1,CIN
Nathan Church,26-07-02,Cardinals,21,392,97.5,Truist Park,1,ATL
Christian Walker,26-03-26,Astros,21,392,103.7,Daikin Park,0,HOU
Ryan O'Hearn,26-05-13,Pirates,20,392,100.4,PNC Park,1,PIT
Marcus Semien,26-08-06,Mets,20,392,96.3,Progressive Field,1,CLE
Drew Gilbert,26-08-24,Giants,19,392,103.5,Oracle Park,0,SFG
Corey Seager,26-03-28,Rangers,18,392,103.2,Citizens Bank Park,1,PHI
Nathan Lukes,26-06-18,Blue Jays,18,392,100.4,Fenway Park,1,BOS
Kyle Manzardo,26-04-14,Guardians,17,392,104.7,Busch Stadium,0,STL
Dillon Dingler,26-07-21,Tigers,16,392,100.8,Wrigley Field,1,CHC
Ezequiel Tovar,26-07-03,Rockies,16,392,101.7,Coors Field,1,COL
Riley Greene,26-04-09,Tigers,15,392,105,Target Field,0,MIN
Matt Olson,26-06-26,Braves,11,392,103.2,Oracle Park,0,SFG
Salvador Perez,26-09-06,Royals,11,392,103.8,Kauffman Stadium,1,KCR
Jeff McNeil,26-09-01,Athletics,10,392,99.8,Globe Life Park,1,TEX
Kevin Alcantara,26-08-03,Cubs,10,392,106.1,Wrigley Field,1,CHC
Miguel Vargas,26-05-25,White Sox,10,392,103,Rate Field,0,CWS
Colby Thomas,26-05-01,Athletics,10,392,99.4,Sutter Health Park,0,ATH
Christian Vazquez,26-07-11,Astros,8,392,103.4,Globe Life Park,1,TEX
Alan Roden,26-07-08,Twins,8,392,104.5,Target Field,0,MIN
Brice Turang,26-04-01,Brewers,7,392,104.9,American Family Field,1,MIL
Curtis Mead,26-04-29,Nationals,7,392,99.7,Citi Field,1,NYM
Drake Baldwin,26-07-19,Braves,7,392,107.9,Truist Park,1,ATL
Jared Triolo,26-07-03,Pirates,7,392,103.3,Nationals Park,0,WSH
Taylor Ward,26-04-22,Orioles,6,392,101.9,Kauffman Stadium,0,KCR
Oneil Cruz,26-08-30,Pirates,5,392,106.9,Busch Stadium,0,STL
Jose Altuve,26-09-12,Astros,5,392,99.9,Tropicana Field,0,TBR
Edmundo Sosa,26-08-10,Phillies,4,392,107.6,Busch Stadium,0,STL
Drew Gilbert,26-05-16,Giants,4,392,100.3,Sutter Health Park,0,ATH
Pete Alonso,26-09-03,Orioles,4,392,101.5,Camden Yards,1,BAL
Daulton Varsho,26-08-27,Blue Jays,3,392,102.6,Yankee Stadium,0,NYY
Tyrone Taylor,26-07-29,Mets,3,392,101.4,Citi Field,0,NYM
Ryan Jeffers,26-05-05,Twins,3,392,101,Nationals Park,0,WSH
Bryson Stott,26-07-08,Phillies,3,392,99.4,Great American Ball Park,0,CIN
Blaze Jordan,26-07-26,Cardinals,2,392,100.3,Busch Stadium,0,STL
Jorge Soler,26-07-07,Angels,2,392,110.9,Globe Life Park,0,TEX
Casey Schmitt,26-06-20,Giants,2,392,102.1,loanDepot Park,0,MIA
Hunter Feduccia,26-06-26,Rays,2,392,100.9,Tropicana Field,0,TBR
Yohandy Morales,26-09-01,Nationals,2,392,104.9,Nationals Park,0,WSH
Eugenio Suarez,26-09-05,Reds,2,392,106.4,Great American Ball Park,0,CIN
Pedro Pages,26-04-25,Cardinals,1,392,105.1,Busch Stadium,1,STL
Brice Turang,26-06-22,Brewers,1,392,101.1,Great American Ball Park,0,CIN
Wade Meckler,26-05-27,Angels,1,392,100.7,Comerica Park,0,DET
Shea Langeliers,26-04-11,Athletics,1,392,105.1,Citi Field,0,NYM
Matt Olson,26-08-21,Braves,1,392,104.8,American Family Field,0,MIL
Alika Williams,26-08-26,Athletics,1,392,97.5,Sutter Health Park,0,ATH
Zack Gelof,26-09-05,Athletics,1,392,102.2,T-Mobile Park,0,SEA
Roman Anthony,26-09-04,Red Sox,1,392,102.3,Camden Yards,0,BAL
CJ Abrams,26-07-06,Nationals,30,392,108.1,Nationals Park,1,WSH
Munetaka Murakami,26-08-14,White Sox,30,392,110,Comerica Park,1,DET
Luis Garcia Jr.,26-09-06,Nationals,5,392,101.2,Petco Park,0,SDP
CJ Abrams,26-04-01,Nationals,7,391,97.7,Citizens Bank Park,1,PHI
Manny Machado,26-09-05,Padres,30,391,99.4,Petco Park,1,SDP
Munetaka Murakami,26-05-16,White Sox,12,391,105,Rate Field,1,CWS
JJ Wetherholt,26-04-30,Cardinals,30,391,107.7,PNC Park,1,PIT
JJ Bleday,26-06-10,Reds,30,391,108.7,Petco Park,1,SDP
Kody Clemens,26-07-18,Twins,30,391,102.7,Wrigley Field,1,CHC
Zach Neto,26-06-21,Angels,30,391,94.4,Sutter Health Park,1,ATH
Jorge Soler,26-06-22,Angels,30,391,106,Angel Stadium,1,LAA
Freddie Freeman,26-04-03,Dodgers,30,391,110,Nationals Park,1,WSH
Tyler O'Neill,26-03-29,Orioles,30,391,109,Camden Yards,1,BAL
Jacob Young,26-05-16,Nationals,30,391,104.3,Nationals Park,1,WSH
Trent Grisham,26-04-13,Yankees,30,391,102.3,Yankee Stadium,1,NYY
Kody Clemens,26-04-02,Twins,30,391,102,Kauffman Stadium,1,KCR
Ketel Marte,26-05-19,Diamondbacks,30,391,101.4,Chase Field,1,ARI
Kyle Stowers,26-06-01,Marlins,30,391,107,Nationals Park,1,WSH
Miguel Vargas,26-05-29,White Sox,30,391,102.3,Rate Field,1,CWS
Gavin Sheets,26-06-19,Padres,30,391,106.5,Globe Life Park,1,TEX
Yainer Diaz,26-06-23,Astros,30,391,106.3,Rogers Centre,1,TOR
Spencer Torkelson,26-07-29,Tigers,30,391,101.9,Comerica Park,1,DET
Geraldo Perdomo,26-08-01,Diamondbacks,30,391,102.4,Progressive Field,1,CLE
Ernie Clement,26-08-05,Blue Jays,30,391,102.4,Daikin Park,1,HOU
Pete Crow-Armstrong,26-08-17,Cubs,30,391,98.7,Wrigley Field,1,CHC
Moises Ballesteros,26-09-02,Cubs,30,391,102.3,Angel Stadium,1,LAA
Rafael Devers,26-09-05,Giants,30,391,101.5,Citi Field,1,NYM
Josh Rojas,26-06-24,Royals,30,391,100.7,Tropicana Field,1,TBR
Brandon Lowe,26-06-25,Pirates,30,391,104.5,PNC Park,1,PIT
Dane Myers,26-08-17,Reds,30,391,102.2,Great American Ball Park,1,CIN
Danny Jansen,26-09-08,Rangers,30,391,99.7,T-Mobile Park,1,SEA
Josh Bell,26-09-09,Twins,30,391,104,Comerica Park,1,DET
Leody Taveras,26-08-26,Orioles,30,391,101.4,Busch Stadium,1,STL
Oneil Cruz,26-09-16,Pirates,30,391,113.1,PNC Park,1,PIT
Corey Seager,26-06-11,Rangers,29,391,100,Kauffman Stadium,1,KCR
Masyn Winn,26-07-03,Cardinals,29,391,97.8,Wrigley Field,1,CHC
Nathan Church,26-06-30,Cardinals,29,391,106.5,Truist Park,1,ATL
Christian Walker,26-04-20,Astros,29,391,111.1,Progressive Field,1,CLE
Jake Bauers,26-04-12,Brewers,29,391,104.7,American Family Field,1,MIL
Pete Alonso,26-05-22,Orioles,29,391,104.4,Camden Yards,1,BAL
Drake Baldwin,26-04-22,Braves,29,391,101.7,Nationals Park,1,WSH
Xander Bogaerts,26-05-05,Padres,29,391,100.3,Oracle Park,1,SFG
Tyler Heineman,26-05-23,Blue Jays,29,391,100.1,Rogers Centre,1,TOR
Donovan Walton,26-06-21,Angels,29,391,99.5,Sutter Health Park,1,ATH
Carlos Cortes,26-08-25,Athletics,29,391,100.5,Sutter Health Park,1,ATH
Jonathan Aranda,26-06-27,Rays,29,391,101.7,Tropicana Field,1,TBR
Willi Castro,26-07-09,Rockies,29,391,97.7,Oracle Park,1,SFG
Nick Fortes,26-07-03,Rays,29,391,102.8,Daikin Park,1,HOU
Jake McCarthy,26-08-30,Rockies,29,391,99.5,Truist Park,1,ATL
Graham Pauley,26-09-01,Marlins,29,391,98.7,Kauffman Stadium,1,KCR
Chase Meidroth,26-09-11,White Sox,29,391,103.9,Busch Stadium,1,STL
Jake Cronenworth,26-09-20,Padres,29,391,100.5,Petco Park,1,SDP
Pavin Smith,26-09-19,Diamondbacks,29,391,99.7,Chase Field,1,ARI
Isaac Paredes,26-09-12,Astros,28,391,97.3,Tropicana Field,1,TBR
Brian Serven,26-08-06,Athletics,28,391,102.7,Fenway Park,1,BOS
Mike Trout,26-04-13,Angels,28,391,106.8,Yankee Stadium,0,NYY
Spencer Torkelson,26-07-22,Tigers,28,391,101.6,Wrigley Field,1,CHC
Dansby Swanson,26-04-12,Cubs,28,391,100.3,Wrigley Field,1,CHC
Willi Castro,26-07-26,Rockies,28,391,108.1,American Family Field,1,MIL
Carlos Correa,26-04-25,Astros,27,391,104.4,Daikin Park,1,HOU
Rafael Devers,26-05-24,Giants,27,391,102.6,Oracle Park,1,SFG
Jazz Chisholm Jr,26-08-26,Yankees,27,391,103.2,Yankee Stadium,0,NYY
Jake Bauers,26-07-09,Brewers,27,391,110.3,Busch Stadium,1,STL
Ketel Marte,26-03-27,Diamondbacks,26,391,107.3,Dodger Stadium,1,LAD
Joey Ortiz,26-08-19,Brewers,26,391,107.5,American Family Field,1,MIL
Corey Seager,26-06-27,Rangers,26,391,98.5,Rogers Centre,1,TOR
Lars Nootbaar,26-09-14,Cardinals,25,391,100.5,Chase Field,1,ARI
Tim Tawa,26-08-22,Diamondbacks,25,391,100.4,Chase Field,1,ARI
Trea Turner,26-08-08,Phillies,25,391,99,Citizens Bank Park,1,PHI
Roman Anthony,26-04-01,Red Sox,23,391,106.9,Daikin Park,1,HOU
Roman Anthony,26-04-01,Red Sox,22,391,106.9,Daikin Park,1,HOU
Jackson Holliday,26-06-10,Orioles,22,391,104.3,Camden Yards,1,BAL
Shohei Ohtani,26-06-11,Dodgers,21,391,107.7,PNC Park,1,PIT
Matt Mclain,26-09-04,Reds,21,391,102.4,Great American Ball Park,1,CIN
Kerry Carpenter,26-06-01,Tigers,19,391,98.9,Tropicana Field,1,TBR
Will Smith,26-05-04,Dodgers,18,391,102.4,Daikin Park,0,HOU
Brandon Lowe,26-06-12,Pirates,18,391,101.6,PNC Park,1,PIT
Dillon Dingler,26-08-04,Tigers,16,391,107.3,T-Mobile Park,1,SEA
Geraldo Perdomo,26-06-27,Diamondbacks,16,391,100.7,Tropicana Field,0,TBR
Daulton Varsho,26-09-03,Blue Jays,16,391,101,Daikin Park,0,HOU
Gunnar Henderson,26-04-26,Orioles,15,391,105.3,Camden Yards,1,BAL
Jacob Gonzalez,26-09-02,White Sox,15,391,99.5,PNC Park,0,PIT
Zack Gelof,26-06-08,Athletics,14,391,101.5,Vegas Minor League,1,ATHH
Willson Contreras,26-07-08,Red Sox,14,391,107.5,Rate Field,0,CWS
Matt Mclain,26-08-12,Reds,13,391,100.6,Rate Field,0,CWS
Kyle Schwarber,26-06-03,Phillies,12,391,101.5,Citizens Bank Park,1,PHI
Ivan Herrera,26-03-28,Cardinals,10,391,106,Busch Stadium,0,STL
Daylen Lile,26-09-09,Nationals,9,391,102.5,Petco Park,0,SDP
Daylen Lile,26-06-09,Nationals,8,391,100.7,Oracle Park,0,SFG
Yandy Diaz,26-03-28,Rays,7,391,106.5,Busch Stadium,0,STL
Freddie Freeman,26-05-05,Dodgers,7,391,103.8,Daikin Park,0,HOU
Jordan Walker,26-06-16,Cardinals,6,391,101.1,Busch Stadium,0,STL
Willi Castro,26-04-29,Rockies,6,391,99.2,Great American Ball Park,0,CIN
Bo Bichette,26-04-23,Mets,6,391,103.1,Citi Field,0,NYM
Matt Vierling,26-05-10,Tigers,6,391,100.9,Kauffman Stadium,0,KCR
Tyler O'Neill,26-08-14,Orioles,6,391,99.5,Tropicana Field,0,TBR
Zach McKinstry,26-06-01,Tigers,5,391,99.8,Tropicana Field,0,TBR
Everson Pereira,26-08-02,White Sox,5,391,107.1,Tropicana Field,0,TBR
Matt Olson,26-08-15,Braves,5,391,105.7,Truist Park,0,ATL
Carson Benge,26-08-28,Mets,5,391,100.8,Citi Field,0,NYM
Jonathan Aranda,26-07-29,Rays,5,391,101.5,Tropicana Field,0,TBR
Ezequiel Tovar,26-03-30,Rockies,4,391,101.5,Rogers Centre,0,TOR
Vinnie Pasquantino,26-04-15,Royals,4,391,100,Comerica Park,0,DET
Zach Cole,26-05-14,Astros,4,391,107.2,Daikin Park,0,HOU
Cal Raleigh,26-04-13,Mariners,3,391,105.9,T-Mobile Park,0,SEA
Brent Rooker,26-05-03,Athletics,3,391,100.2,Sutter Health Park,0,ATH
Juan Soto,26-04-24,Mets,3,391,99.3,Citi Field,0,NYM
Daniel Schneeman,26-06-21,Guardians,3,391,99.2,Daikin Park,0,HOU
Mitch Garver,26-07-19,Mariners,3,391,104.1,T-Mobile Park,0,SEA
Luis Arraez,26-08-21,Giants,3,391,100.5,Citizens Bank Park,0,PHI
J.T. Realmuto,26-06-25,Phillies,3,391,104.6,Nationals Park,0,WSH
Jahmai Jones,26-07-26,Tigers,2,391,100.8,Fenway Park,0,BOS
Francisco Lindor,26-03-28,Mets,2,391,106.5,Citi Field,0,NYM
Jonah Heim,26-05-03,Braves,2,391,95.3,Coors Field,0,COL
Jake Bauers,26-06-12,Brewers,2,391,106.5,American Family Field,1,MIL
Ryan McMahon,26-07-19,Yankees,2,391,100.6,Yankee Stadium,0,NYY
Nico Hoerner,26-04-18,Cubs,2,391,98.3,Wrigley Field,0,CHC
Petey Halpin,26-08-14,Guardians,2,391,100,Progressive Field,0,CLE
Francisco Alvarez,26-09-22,Mets,2,391,104.6,Globe Life Park,0,TEX
Isaac Collins,26-05-03,Royals,1,391,107.8,T-Mobile Park,0,SEA
Chase Delauter,26-07-18,Guardians,1,391,100.8,Progressive Field,0,CLE
Miguel Vargas,26-06-29,White Sox,1,391,99.6,Camden Yards,0,BAL
Ozzie Albies,26-06-13,Braves,1,391,106.4,Citi Field,0,NYM
Mike Trout,26-04-10,Angels,1,391,102.8,Great American Ball Park,0,CIN
Matt Chapman,26-06-01,Giants,1,391,101.8,American Family Field,1,MIL
Jackson Holliday,26-08-16,Orioles,1,391,101,Tropicana Field,0,TBR
Blaze Jordan,26-08-17,Cardinals,1,391,103.2,Great American Ball Park,0,STL
Elly De La Cruz,26-04-14,Reds,2,391,103.4,Great American Ball Park,0,CIN
Elly De La Cruz,26-09-16,Reds,30,391,106.4,Great American Ball Park,1,CIN
Colson Montgomery,26-08-09,White Sox,30,391,110.7,Rate Field,1,CWS
Yordan Alvarez,26-04-15,Astros,12,390,103.7,Daikin Park,0,HOU
Max Muncy (D),26-09-27,Dodgers,26,390,105.4,Oracle Park,0,SFG
Manny Machado,26-09-05,Padres,2,390,102.1,Petco Park,0,SDP
Manny Machado,26-07-31,Padres,21,390,103.6,Petco Park,0,SDP
Miguel Vargas,26-09-19,White Sox,30,390,102.2,Rate Field,1,CWS
Vinnie Pasquantino,26-09-20,Royals,30,390,99.3,PNC Park,1,PIT
Brandon Lowe,26-03-29,Pirates,30,390,103.4,Citi Field,1,NYM
Ryan Vilade,26-05-12,Rays,30,390,102.5,Rogers Centre,1,TOR
Yandy Diaz,26-06-08,Rays,30,390,100.4,Tropicana Field,1,TBR
Pedro Ramirez,26-08-28,Cubs,30,390,104.2,Wrigley Field,1,CHC
Luis Robert Jr,26-08-25,Mets,30,390,101.8,Citi Field,1,NYM
Pete Crow-Armstrong,26-07-25,Cubs,30,390,102.9,PNC Park,1,PIT
Pete Crow-Armstrong,26-07-01,Cubs,30,390,100.4,Wrigley Field,1,CHC
Matt Shaw,26-06-20,Cubs,30,390,101.2,Wrigley Field,1,CHC
Jazz Chisholm Jr,26-06-19,Yankees,30,390,107.5,Yankee Stadium,1,NYY
Paul Goldschmidt,26-06-16,Yankees,30,390,103.9,Yankee Stadium,1,NYY
Amed Rosario,26-04-18,Yankees,30,390,112.1,Yankee Stadium,1,NYY
Curtis Mead,26-04-19,Nationals,30,390,109.6,Nationals Park,1,WSH
Luke Raley,26-03-27,Mariners,30,390,104.9,T-Mobile Park,1,SEA
Kazuma Okamoto,26-05-01,Blue Jays,30,390,104.8,Target Field,1,MIN
Royce Lewis,26-04-24,Twins,30,390,103.5,Tropicana Field,1,TBR
Jacob Young,26-05-17,Nationals,30,390,103.4,Nationals Park,1,WSH
Josh Naylor,26-04-28,Mariners,30,390,102.4,Target Field,1,MIN
Liam Hicks,26-04-24,Marlins,30,390,101.8,Oracle Park,1,SFG
Jose Siri,26-06-01,Angels,30,390,99.3,Angel Stadium,1,LAA
Miguel Vargas,26-04-19,White Sox,30,390,98.5,Sutter Health Park,1,ATH
Eli White,26-06-13,Braves,30,390,106.6,Citi Field,1,NYM
Curtis Mead,26-06-22,Nationals,30,390,99.1,Nationals Park,1,WSH
Austin Riley,26-07-17,Braves,30,390,106.9,Truist Park,1,ATL
Jeff McNeil,26-07-22,Athletics,30,390,101.5,Chase Field,1,ARI
Nathan Lukes,26-08-26,Blue Jays,30,390,98.6,Rogers Centre,1,TOR
Bryce Harper,26-06-25,Phillies,30,390,103.5,Nationals Park,1,WSH
Isaac Collins,26-07-23,Royals,30,390,101.7,Comerica Park,1,DET
Bryan Reynolds,26-07-09,Pirates,30,390,102.2,PNC Park,1,PIT
Anthony Seigler,26-07-24,Red Sox,30,390,99.4,Fenway Park,1,BOS
Wilyer Abreu,26-08-05,Red Sox,30,390,109.3,Fenway Park,1,BOS
Kazuma Okamoto,26-09-14,Blue Jays,30,390,107.3,Rogers Centre,1,TOR
Alec Burleson,26-05-01,Cardinals,30,390,106.5,Busch Stadium,1,STL
Mickey Gasper,26-09-22,Red Sox,30,390,104,Fenway Park,1,BOS
Brandon Marsh,26-09-22,Phillies,29,390,104.4,Citizens Bank Park,1,PHI
Jakob Marsee,26-09-14,Marlins,29,390,96.3,Chase Field,1,ARI
Nathaniel Lowe,26-05-29,Reds,29,390,100.6,Great American Ball Park,1,CIN
Mauricio Dubon,26-09-04,Braves,29,390,100.9,Citizens Bank Park,1,PHI
Abimelic Ortiz,26-08-03,Nationals,29,390,106.8,Citizens Bank Park,1,PHI
Bryce Harper,26-06-21,Phillies,29,390,108.1,Citizens Bank Park,1,PHI
Austin Wynns,26-04-09,Athletics,29,390,107.7,Yankee Stadium,0,NYY
Shohei Ohtani,26-04-11,Dodgers,29,390,104.5,Dodger Stadium,1,LAD
Jeremiah Jackson,26-04-17,Orioles,29,390,102,Progressive Field,1,CLE
Seiya Suzuki,26-08-14,Cubs,28,390,106.4,Wrigley Field,1,CHC
Corbin Carroll,26-08-12,Diamondbacks,28,390,103.7,Chase Field,1,ARI
Coby Mayo,26-07-27,Orioles,28,390,94.7,Comerica Park,1,DET
Luke Raley,26-05-30,Mariners,28,390,106.7,T-Mobile Park,1,SEA
Jackson Chourio,26-09-02,Brewers,28,390,100.6,Wrigley Field,1,CHC
Joey Bart,26-07-08,Pirates,28,390,98.8,PNC Park,0,PIT
Salvador Perez,26-03-28,Royals,27,390,105.8,Truist Park,1,ATL
Carlos Cortes,26-04-24,Athletics,27,390,103,Globe Life Park,1,TEX
Kerry Carpenter,26-06-27,Tigers,26,390,102.7,Comerica Park,1,DET
Kyle Stowers,26-07-28,Marlins,26,390,107.4,loanDepot Park,1,MIA
Bryce Harper,26-08-22,Phillies,26,390,102.4,Citizens Bank Park,1,PHI
Michael Massey,26-06-01,Royals,25,390,101.1,Great American Ball Park,1,CIN
Esteury Ruiz,26-09-05,Marlins,25,390,100.7,loanDepot Park,0,MIA
Ronald Acuna Jr,26-03-30,Braves,25,390,102.8,Truist Park,0,ATL
Richie Palacios,26-03-28,Rays,25,390,106.5,Busch Stadium,0,STL
Ben Rice,26-09-18,Yankees,25,390,103.6,Chase Field,1,ARI
Connor Norby,26-06-09,Marlins,24,390,98.3,loanDepot Park,0,MIA
Miguel Amaya,26-03-28,Cubs,24,390,104.6,Wrigley Field,1,CHC
Bobby Witt,26-08-17,Royals,24,390,106.6,Kauffman Stadium,1,KCR
Riley Greene,26-07-19,Tigers,23,390,105.6,Angel Stadium,1,LAA
Hunter Goodman,26-04-26,Rockies,22,390,104.9,Citi Field,1,NYM
Fernando Tatis Jr,26-08-23,Padres,22,390,107.7,Petco Park,1,SDP
Cedric Mullins,26-06-07,Rays,21,390,100.4,loanDepot Park,0,MIA
Henry Davis,26-06-25,Pirates,21,390,102,PNC Park,1,PIT
Owen Caissie,26-07-03,Marlins,21,390,101.2,Sutter Health Park,1,ATH
Willy Adames,26-06-25,Giants,20,390,101.4,Oracle Park,1,SFG
Blaze Alexander,26-06-21,Orioles,19,390,99.6,Dodger Stadium,1,LAD
Sal Stewart,26-04-14,Reds,16,390,101.4,Great American Ball Park,1,CIN
Will Smith,26-05-14,Dodgers,16,390,103.1,Dodger Stadium,1,LAD
William Contreras,26-09-01,Brewers,14,390,100.3,Wrigley Field,0,CHC
Drake Baldwin,26-05-10,Braves,13,390,104.9,Dodger Stadium,1,LAD
Luis Robert Jr,26-08-18,Mets,13,390,107.7,Citi Field,1,NYM
Luke Raley,26-06-06,Mariners,12,390,100.5,Comerica Park,0,DET
Jared Young,26-06-11,Mets,11,390,105.6,Citi Field,1,NYM
Endy Rodriguez,26-06-29,Pirates,11,390,100.8,Citizens Bank Park,1,PHI
Tommy Edman,26-09-22,Dodgers,11,390,106.8,Dodger Stadium,1,LAD
Tristan Peters,26-04-24,White Sox,10,390,103.7,Rate Field,0,CWS
Miguel Amaya,26-04-25,Cubs,9,390,105.7,Dodger Stadium,1,LAD
Mickey Gasper,26-06-17,Red Sox,9,390,102.1,Fenway Park,0,BOS
Jonathan Aranda,26-07-11,Rays,8,390,106.6,Tropicana Field,0,TBR
Jared Triolo,26-07-20,Pirates,8,390,100.6,Yankee Stadium,0,NYY
Tyler Stephenson,26-08-16,Reds,8,390,99,Great American Ball Park,1,CIN
Ronald Acuna Jr,26-08-06,Braves,7,390,103.8,Truist Park,1,ATL
Trent Grisham,26-03-25,Yankees,7,390,105.7,Oracle Park,0,SFG
Carson Benge,26-05-22,Mets,7,390,99.9,loanDepot Park,0,MIA
Troy Johnston,26-04-07,Rockies,6,390,99.4,Coors Field,0,COL
Wilyer Abreu,26-06-09,Red Sox,6,390,101.7,Tropicana Field,0,TBR
Andres Chaparro,26-03-26,Nationals,5,390,105.4,Wrigley Field,0,CHC
Chase Delauter,26-08-11,Guardians,5,390,100.7,Comerica Park,0,DET
Brandon Nimmo,26-04-08,Rangers,4,390,104.5,Globe Life Park,0,TEX
Brett Sullivan,26-05-26,Rockies,4,390,99.2,Dodger Stadium,1,LAD
Kaelen Culpepper,26-08-07,Twins,4,390,100.2,American Family Field,1,MIL
George Springer,26-05-05,Blue Jays,4,390,101.4,Tropicana Field,0,TBR
Pete Crow-Armstrong,26-03-29,Cubs,3,390,97.9,Wrigley Field,0,CHC
Lawrence Butler,26-09-22,Athletics,3,390,102.6,Sutter Health Park,0,ATH
Ildemaro Vargas,26-06-22,Diamondbacks,2,390,101.5,Busch Stadium,0,STL
Dane Myers,26-05-23,Reds,2,390,103.4,Great American Ball Park,0,CIN
Jeremy Pena,26-08-23,Astros,2,390,103.9,Daikin Park,0,HOU
Logan O'Hoppe,26-04-18,Angels,2,390,100.3,Angel Stadium,0,LAA
Brandon Nimmo,26-06-24,Rangers,2,390,100.5,loanDepot Park,0,MIA
Mookie Betts,26-09-11,Dodgers,1,390,99.4,loanDepot Park,0,MIA
Michael Massey,26-04-29,Royals,1,390,101.7,Sutter Health Park,0,ATH
Ian Happ,26-06-24,Cubs,1,390,106.1,Citi Field,0,NYM
Mike Yastrzemski,26-07-02,Braves,1,390,99.2,Truist Park,0,ATL
Jacob Gonzalez,26-06-30,White Sox,1,390,99.5,Camden Yards,0,BAL
Hao-Yu Lee,26-06-30,Tigers,1,390,99.8,Yankee Stadium,0,NYY
Zach Cole,26-05-04,Astros,1,390,107,Daikin Park,1,HOU
Teoscar Hernandez,26-04-22,Dodgers,1,390,100.8,Oracle Park,0,SFG
Ryan Jeffers,26-04-25,Twins,1,390,99.1,Tropicana Field,0,TBR
Sal Stewart,26-07-10,Reds,1,390,100.7,Great American Ball Park,0,CIN
CJ Abrams,26-07-25,Nationals,26,390,98,Nationals Park,1,WSH
Michael Conforto,26-09-27,Cubs,10,390,101,Tropicana Field,0,TBR
Colson Montgomery,26-07-05,White Sox,13,390,109.7,Progressive Field,1,CLE
CJ Abrams,26-07-26,Nationals,6,390,102.4,Nationals Park,1,WSH
Yordan Alvarez,26-04-10,Astros,30,389,104.5,T-Mobile Park,1,SEA
Luis Garcia Jr.,26-04-05,Nationals,4,389,104.6,Nationals Park,0,WSH
Andy Pages,26-09-25,Dodgers,30,389,101.6,Oracle Park,1,SFG
CJ Abrams,26-04-14,Nationals,30,389,102.7,PNC Park,1,PIT
CJ Abrams,26-05-09,Nationals,13,389,101,loanDepot Park,0,MIA
CJ Abrams,26-05-20,Nationals,27,389,103.1,Nationals Park,1,WSH
James Wood,26-05-16,Nationals,16,389,104.7,Nationals Park,0,WSH
Miguel Amaya,26-09-13,Cubs,30,389,102.5,Wrigley Field,1,CHC
Rafael Devers,26-09-12,Giants,30,389,108.1,Oracle Park,1,SFG
Carter Jensen,26-04-07,Royals,30,389,112.5,Progressive Field,1,CLE
Heriberto Hernandez,26-06-20,Marlins,30,389,107.2,loanDepot Park,1,MIA
Hunter Goodman,26-06-02,Rockies,30,389,111,Angel Stadium,1,LAA
Adley Rutschman,26-09-03,Orioles,30,389,103.6,Camden Yards,1,BAL
Vaughn Grissom,26-08-25,Angels,30,389,101.9,Angel Stadium,1,LAA
Drew Gilbert,26-08-21,Giants,30,389,104.3,Fenway Park,1,BOS
Eduardo Valencia,26-08-13,Tigers,30,389,100.3,Comerica Park,1,DET
Jo Adell,26-07-20,Angels,30,389,103.6,Angel Stadium,1,LAA
Yainer Diaz,26-07-06,Astros,30,389,102.9,Nationals Park,1,WSH
Cole Young,26-05-31,Mariners,30,389,105.4,T-Mobile Park,1,SEA
Nolan Arenado,26-08-15,Diamondbacks,30,389,98,Truist Park,1,ATL
Xander Bogaerts,26-04-28,Padres,30,389,108.3,Petco Park,1,SDP
Nick Castellanos,26-05-10,Padres,30,389,105.2,Petco Park,1,SDP
Byron Buxton,26-04-28,Twins,30,389,100.7,Target Field,1,MIN
Coby Mayo,26-05-11,Orioles,30,389,99.6,Camden Yards,1,BAL
Ryan Jeffers,26-05-17,Twins,30,389,99,Target Field,1,MIN
Marcus Semien,26-06-01,Mets,30,389,103.2,T-Mobile Park,1,SEA
Jake Rogers,26-06-03,Tigers,30,389,105.4,Tropicana Field,1,TBR
Spencer Torkelson,26-06-05,Tigers,30,389,100.3,Comerica Park,1,DET
Royce Lewis,26-07-09,Twins,30,389,103.7,Target Field,1,MIN
Christian Moore,26-08-25,Angels,30,389,100.6,Angel Stadium,1,LAA
Jackson Chourio,26-08-27,Brewers,30,389,104.2,Citi Field,1,NYM
Tommy Edman,26-09-05,Dodgers,30,389,99,Dodger Stadium,1,LAD
Zack Gelof,26-09-02,Athletics,30,389,104.4,Globe Life Park,1,TEX
Justin Foscue,26-06-26,Rangers,30,389,104.8,Rogers Centre,1,TOR
Joey Bart,26-06-24,Pirates,30,389,106.4,Petco Park,1,SDP
Bryce Harper,26-04-24,Phillies,29,389,104.3,Truist Park,1,ATL
Vaughn Grissom,26-08-31,Angels,29,389,103.5,Angel Stadium,0,LAA
Drew Gilbert,26-04-17,Giants,29,389,101.6,Nationals Park,1,WSH
Jose Tena,26-05-19,Nationals,29,389,98.8,Nationals Park,1,WSH
Carson Benge,26-06-07,Mets,29,389,106.4,Petco Park,1,SDP
Spencer Torkelson,26-09-13,Tigers,28,389,102.9,Comerica Park,1,DET
Bryce Eldridge,26-09-08,Giants,28,389,102.5,Oracle Park,1,SFG
Dylan Beavers,26-08-19,Orioles,28,389,102.7,Camden Yards,1,BAL
TJ Rumfield,26-05-06,Rockies,26,389,96.3,Coors Field,1,COL
Trevor Larnach,26-04-28,Twins,26,389,105.7,Target Field,0,MIN
Drake Baldwin,26-07-24,Braves,26,389,105.4,Camden Yards,1,BAL
William Contreras,26-08-15,Brewers,26,389,101.4,Dodger Stadium,1,LAD
Kyle Higashioka,26-07-08,Rangers,26,389,96.9,Globe Life Park,1,TEX
Kevin McGonigle,26-09-12,Tigers,26,389,106,Comerica Park,1,DET
Zach Neto,26-06-23,Angels,25,389,108.7,Angel Stadium,0,LAA
Liam Hicks,26-05-23,Marlins,25,389,97.6,loanDepot Park,1,MIA
Ryan McMahon,26-06-08,Yankees,25,389,104.7,Progressive Field,1,CLE
Samuel Basallo,26-06-12,Orioles,25,389,99.7,Camden Yards,1,BAL
Travis Bazzana,26-09-04,Guardians,25,389,103.4,Progressive Field,1,CLE
Hunter Goodman,26-09-20,Rockies,24,389,97.8,Coors Field,1,COL
Kyle Manzardo,26-05-02,Guardians,24,389,99.3,Sutter Health Park,1,ATH
Nick Kurtz,26-06-07,Athletics,24,389,113.9,Daikin Park,1,HOU
Moises Ballesteros,26-05-03,Cubs,24,389,101,Wrigley Field,1,CHC
Lourdes Gurriel ,26-06-30,Diamondbacks,22,389,103,Chase Field,1,ARI
Jackson Holliday,26-06-28,Orioles,22,389,105.5,Camden Yards,1,BAL
Will Smith,26-05-04,Dodgers,21,389,106.5,Daikin Park,0,HOU
Zack Gelof,26-05-07,Athletics,20,389,101.8,Citizens Bank Park,1,PHI
Griffin Conine,26-07-22,Marlins,19,389,102.6,Daikin Park,0,HOU
Amed Rosario,26-04-13,Yankees,18,389,104.8,Yankee Stadium,0,NYY
Abimelic Ortiz,26-08-16,Nationals,17,389,103.5,Citi Field,1,NYM
Austin Riley,26-04-15,Braves,16,389,105.7,Truist Park,0,ATL
Alex Bregman,26-09-02,Cubs,16,389,105.5,Wrigley Field,1,CHC
Christian Encarnacion-Strand,26-09-15,Orioles,16,389,99,Citi Field,1,NYM
Luke Raley,26-05-25,Mariners,15,389,99.2,Sutter Health Park,1,ATH
Jordan Walker,26-05-03,Cardinals,13,389,105.6,Busch Stadium,0,STL
Moises Ballesteros,26-08-22,Cubs,13,389,99.8,Globe Life Park,0,TEX
Bobby Witt,26-04-28,Royals,12,389,103.7,Sutter Health Park,1,ATH
Jackson Holliday,26-07-08,Orioles,12,389,95.9,Camden Yards,0,BAL
Austin Hedges,26-06-10,Guardians,12,389,104.5,Progressive Field,0,CLE
Brandon Marsh,26-06-06,Phillies,11,389,98.2,Citizens Bank Park,1,PHI
Dylan Crews,26-06-28,Nationals,11,389,99.8,Camden Yards,0,BAL
Heriberto Hernandez,26-09-03,Marlins,11,389,96.6,Kauffman Stadium,1,KCR
Nolan Arenado,26-06-01,Diamondbacks,10,389,98.4,Chase Field,1,ARI
Corbin Carroll,26-04-18,Diamondbacks,10,389,102.3,Citi Field,1,NYM
Jordan Walker,26-05-23,Cardinals,10,389,108,Great American Ball Park,1,CIN
Ceddanne Rafaela,26-08-01,Red Sox,10,389,100.4,Dodger Stadium,1,LAD
Juan Soto,26-06-18,Mets,9,389,105,Citizens Bank Park,1,PHI
Jonathan Aranda,26-07-05,Rays,9,389,100.1,Daikin Park,0,HOU
Ketel Marte,26-08-10,Diamondbacks,8,389,105.6,Chase Field,0,ARI
Spencer Torkelson,26-07-10,Tigers,8,389,105.2,Comerica Park,1,DET
Josh Jung,26-05-09,Rangers,7,389,101.8,Globe Life Park,1,TEX
Eli White,26-08-29,Braves,7,389,102.2,Yankee Stadium,0,NYY
Josh Naylor,26-06-29,Mariners,7,389,101.9,T-Mobile Park,0,SEA
Gavin Sheets,26-05-13,Padres,7,389,98.1,American Family Field,1,MIL
Jose Ramirez,26-06-06,Guardians,7,389,98,Globe Life Park,1,TEX
Brandon Marsh,26-06-29,Phillies,7,389,102.2,Citizens Bank Park,1,PHI
Esmerlyn Valdez,26-08-12,Pirates,6,389,99.5,loanDepot Park,0,MIA
Mookie Betts,26-09-18,Dodgers,5,389,99.3,Dodger Stadium,1,LAD
Dylan Beavers,26-08-26,Orioles,5,389,100.5,Busch Stadium,0,STL
Kody Clemens,26-08-18,Twins,5,389,101.6,Target Field,0,MIN
Bo Bichette,26-04-02,Mets,5,389,104,Oracle Park,0,SFG
Otto Lopez,26-04-17,Marlins,5,389,101.8,loanDepot Park,0,MIA
Daniel Schneeman,26-07-08,Guardians,5,389,102.2,Target Field,0,MIN
Hao-Yu Lee,26-07-22,Tigers,5,389,105.9,Wrigley Field,1,CHC
Hunter Goodman,26-07-21,Rockies,5,389,104.8,Coors Field,0,COL
Mark Vientos,26-05-13,Mets,4,389,103.5,Citi Field,0,NYM
Adrian Del Castillo,26-05-09,Diamondbacks,4,389,99.8,Chase Field,0,ARI
Kerry Carpenter,26-06-21,Tigers,4,389,100.6,Comerica Park,0,DET
Yandy Diaz,26-07-11,Rays,4,389,103.2,Tropicana Field,0,TBR
Rafael Devers,26-06-29,Giants,3,389,102.7,Chase Field,0,ARI
Jakob Marsee,26-05-12,Marlins,3,389,101.6,Target Field,0,MIN
Zach Cole,26-05-15,Astros,3,389,101.1,Daikin Park,0,HOU
Andrew Benintendi,26-04-09,White Sox,3,389,98.1,Kauffman Stadium,0,KCR
Xander Bogaerts,26-07-12,Padres,3,389,101.4,Petco Park,0,SDP
Connor Norby,26-09-16,Marlins,2,389,96.4,Coors Field,0,COL
Jose Fermin,26-06-17,Cardinals,2,389,97,Busch Stadium,0,STL
Ryan Kreidler,26-08-02,Twins,2,389,102.5,T-Mobile Park,0,SEA
Blaze Alexander,26-06-16,Orioles,2,389,99.7,T-Mobile Park,0,SEA
Justin Foscue,26-08-21,Rangers,2,389,101.9,Globe Life Park,0,TEX
Eugenio Suarez,26-09-13,Reds,2,389,105.3,American Family Field,1,MIL
Hunter Goodman,26-05-08,Rockies,1,389,101.8,Citizens Bank Park,1,PHI
Alan Roden,26-08-26,Twins,1,389,100.1,Sutter Health Park,0,ATH
Matt Vierling,26-07-18,Tigers,1,389,99.7,Angel Stadium,0,LAA
Gunnar Henderson,26-04-06,Orioles,1,389,105.3,Rate Field,1,CWS
Willy Adames,26-04-07,Giants,1,389,100.6,Oracle Park,0,SFG
Josh Naylor,26-06-21,Mariners,1,389,100.6,T-Mobile Park,0,SEA
Isaac Paredes,26-07-29,Astros,1,389,101.8,Angel Stadium,0,LAA
Dansby Swanson,26-04-15,Cubs,1,389,103.5,Citizens Bank Park,1,PHI
Pete Crow-Armstrong,26-04-07,Cubs,1,389,108.3,Tropicana Field,1,TBR
Munetaka Murakami,26-07-25,White Sox,9,389,102.2,Rate Field,0,CWS
Munetaka Murakami,26-07-31,White Sox,26,389,100.3,Tropicana Field,1,TBR
Carter Jensen,26-09-25,Royals,30,389,108.2,Kauffman Stadium,1,KCR
Austin Hedges,26-09-25,Guardians,24,389,98.8,Kauffman Stadium,1,KCR
Andres Chaparro,26-09-27,Nationals,12,389,103.9,Nationals Park,1,WSH
Dylan Crews,26-09-25,Nationals,30,388,104.9,Nationals Park,1,WSH
Manny Machado,26-09-14,Padres,29,388,94.1,Coors Field,1,COL
Manny Machado,26-06-28,Padres,5,388,101.5,Petco Park,0,SDP
Samad Taylor,26-09-19,Padres,30,388,104.2,Petco Park,1,SDP
AJ Ewing,26-09-11,Mets,30,388,107.1,Yankee Stadium,1,NYY
Maikel Garcia,26-04-05,Royals,30,388,101.5,Kauffman Stadium,1,KCR
Derek Hill,26-09-06,White Sox,30,388,107.3,Citizens Bank Park,1,PHI
Enrique Hernandez,26-09-09,Dodgers,30,388,101.6,Dodger Stadium,1,LAD
Heriberto Hernandez,26-07-27,Marlins,30,388,99.9,loanDepot Park,1,MIA
Keibert Ruiz,26-08-21,Nationals,30,388,100.6,loanDepot Park,1,MIA
Miguel Amaya,26-08-09,Cubs,30,388,101,Kauffman Stadium,1,KCR
Nolan Arenado,26-08-01,Diamondbacks,30,388,104.7,Progressive Field,1,CLE
Isaac Paredes,26-07-21,Astros,30,388,101.1,Daikin Park,1,HOU
Christian Walker,26-05-02,Astros,30,388,108.3,Fenway Park,1,BOS
Jose Ramirez,26-04-16,Guardians,30,388,103.9,Progressive Field,1,CLE
Caleb Durbin,26-06-10,Red Sox,30,388,101.2,Tropicana Field,1,TBR
Jake Meyers,26-05-24,Astros,30,388,103.2,Wrigley Field,1,CHC
Spencer Torkelson,26-05-03,Tigers,30,388,102.1,Comerica Park,1,DET
Willy Adames,26-05-18,Giants,30,388,101.6,Chase Field,1,ARI
Paul Goldschmidt,26-06-08,Yankees,30,388,104.9,Progressive Field,1,CLE
Tristan Peters,26-06-13,White Sox,30,388,108.5,Rate Field,1,CWS
Ketel Marte,26-09-05,Diamondbacks,30,388,101.1,Daikin Park,1,HOU
Joc Pederson,26-06-28,Rangers,30,388,108.9,Rogers Centre,1,TOR
Richie Palacios,26-07-24,Rays,30,388,100.7,Tropicana Field,1,TBR
Walker Jenkins,26-08-31,Twins,30,388,98.6,Target Field,1,MIN
Jarren Duran,26-08-19,Red Sox,30,388,100.1,Fenway Park,1,BOS
William Contreras,26-09-11,Brewers,30,388,109.3,American Family Field,1,MIL
LuJames Groover,26-06-24,Diamondbacks,30,388,98.1,Busch Stadium,1,STL
Ty France,26-09-18,Padres,30,388,106.3,Petco Park,1,SDP
Rafael Devers,26-09-11,Giants,29,388,101.7,Oracle Park,1,SFG
Carlos Cortes,26-09-08,Athletics,29,388,99.4,Sutter Health Park,1,ATH
Brett Sullivan,26-06-11,Rockies,29,388,103.7,Coors Field,1,COL
Liam Hicks,26-08-22,Marlins,29,388,108.9,Camden Yards,1,BAL
Kazuma Okamoto,26-06-22,Blue Jays,29,388,101.9,Rogers Centre,1,TOR
Brandon Valenzuela,26-06-07,Blue Jays,29,388,103,Rogers Centre,1,TOR
Jhonny Pereda,26-06-02,Mariners,29,388,98.1,T-Mobile Park,1,SEA
Carson Benge,26-04-23,Mets,29,388,105.7,Citi Field,1,NYM
Willy Adames,26-06-05,Giants,29,388,102.5,Wrigley Field,1,CHC
Luke Raley,26-06-11,Mariners,29,388,92.4,Camden Yards,1,BAL
Kyle Manzardo,26-06-20,Guardians,29,388,100,Daikin Park,1,HOU
Nolan Gorman,26-05-01,Cardinals,29,388,107.6,Busch Stadium,1,STL
Javier Sanoja,26-09-06,Marlins,28,388,104.5,loanDepot Park,1,MIA
Zack Gelof,26-08-12,Athletics,28,388,104.9,Sutter Health Park,1,ATH
Taylor Tramell,26-08-04,Astros,28,388,113.3,Daikin Park,1,HOU
Luke Raley,26-05-04,Mariners,28,388,105.5,T-Mobile Park,1,SEA
Ramon Laureano,26-04-11,Padres,28,388,101.3,Petco Park,1,SDP
Brayan Rocchio,26-05-17,Guardians,28,388,97.5,Progressive Field,1,CLE
Cody Freeman,26-08-29,Rangers,28,388,100.2,American Family Field,1,MIL
Wade Meckler,26-08-02,Angels,27,388,100.6,Angel Stadium,1,LAA
Jared Young,26-06-25,Mets,27,388,105.7,Citi Field,1,NYM
Zack Gelof,26-09-03,Athletics,27,388,103.8,T-Mobile Park,1,SEA
Bobby Witt,26-08-28,Royals,27,388,109.2,Progressive Field,0,CLE
Sam Antonacci,26-07-01,White Sox,26,388,99.5,Camden Yards,1,BAL
Kyle Stowers,26-07-03,Marlins,26,388,106.8,Sutter Health Park,1,ATH
Ceddanne Rafaela,26-08-02,Red Sox,26,388,104,Dodger Stadium,1,LAD
Will Smith,26-05-29,Dodgers,25,388,104.6,Dodger Stadium,1,LAD
Coby Mayo,26-08-30,Orioles,25,388,105.2,Sutter Health Park,1,ATH
Heliot Ramos,26-09-20,Giants,24,388,107.6,Chase Field,1,ARI
Matt Olson,26-04-11,Braves,24,388,101.7,Truist Park,0,ATL
Ivan Herrera,26-04-22,Cardinals,24,388,108.2,loanDepot Park,1,MIA
Alec Burleson,26-04-13,Cardinals,24,388,103.4,Busch Stadium,0,STL
Evan Carter,26-04-12,Rangers,22,388,101.7,Dodger Stadium,1,LAD
Carlos Narvaez,26-04-27,Red Sox,22,388,105.4,Rogers Centre,1,TOR
Braden Shewmake,26-05-09,Astros,22,388,104.7,Great American Ball Park,1,CIN
Miguel Andujar,26-07-08,Padres,21,388,99.2,Petco Park,0,SDP
Freddie Freeman,26-07-04,Dodgers,21,388,100.6,Dodger Stadium,1,LAD
Luke Raley,26-04-15,Mariners,21,388,102,Petco Park,0,SDP
Kyle Higashioka,26-04-07,Rangers,20,388,107.1,Globe Life Park,1,TEX
Gleybar Torres,26-04-26,Tigers,20,388,103.1,Great American Ball Park,1,CIN
Daulton Varsho,26-09-05,Blue Jays,20,388,104.5,Daikin Park,0,HOU
Jordan Walker,26-07-27,Cardinals,20,388,99.9,Busch Stadium,0,STL
Adam Frazier,26-08-20,Angels,19,388,98.6,Daikin Park,0,HOU
Yoan Moncada,26-04-17,Angels,18,388,104.3,Angel Stadium,1,LAA
Bo Bichette,26-06-23,Mets,18,388,102.5,Citi Field,1,NYM
Marcus Semien,26-09-23,Mets,18,388,100.9,Globe Life Park,1,TEX
Chase Delauter,26-04-12,Guardians,17,388,100.6,Truist Park,0,ATL
Bryce Harper,26-08-26,Phillies,16,388,106.4,T-Mobile Park,1,SEA
Josh Lowe,26-09-15,Angels,14,388,100.1,Angel Stadium,1,LAA
Willi Castro,26-03-29,Rockies,13,388,107.4,loanDepot Park,0,MIA
Salvador Perez,26-06-23,Royals,13,388,102.8,Tropicana Field,0,TBR
Angel Martinez,26-04-24,Guardians,13,388,103,Rogers Centre,1,TOR
Brett Baty,26-09-02,Mets,12,388,106.1,Tropicana Field,0,TBR
Vinnie Pasquantino,26-05-04,Royals,12,388,99,Kauffman Stadium,0,KCR
John Rave,26-06-24,Royals,12,388,106.1,Tropicana Field,0,TBR
Bryan Reynolds,26-09-02,Pirates,12,388,109.1,PNC Park,0,PIT
Jonathan Aranda,26-03-31,Rays,10,388,102.8,American Family Field,1,MIL
Jordan Lawlar,26-09-13,Diamondbacks,9,388,103.5,Chase Field,0,ARI
Jimmy Crooks,26-07-28,Cardinals,8,388,100,Busch Stadium,0,STL
Wilyer Abreu,26-03-29,Red Sox,8,388,103.4,Great American Ball Park,0,CIN
Sam Antonacci,26-05-03,White Sox,8,388,102.2,Petco Park,0,SDP
Yandy Diaz,26-06-22,Rays,7,388,102.2,Tropicana Field,0,TBR
Curtis Mead,26-07-11,Nationals,7,388,100.5,Nationals Park,1,WSH
Noelvi Marte,26-06-27,Reds,7,388,102.8,PNC Park,0,PIT
Brandon Lowe,26-07-22,Pirates,7,388,102.7,Yankee Stadium,0,NYY
Austin Hedges,26-07-04,Guardians,6,388,101.2,Progressive Field,1,CLE
Royce Lewis,26-06-12,Twins,6,388,99.1,Target Field,0,MIN
Miguel Andujar,26-05-17,Padres,6,388,106.6,T-Mobile Park,0,SEA
Heriberto Hernandez,26-09-09,Marlins,6,388,100,loanDepot Park,0,MIA
George Lombard Jr,26-09-14,Yankees,5,388,111.1,Target Field,0,MIN
Ivan Herrera,26-05-04,Cardinals,5,388,103.2,Busch Stadium,0,STL
Yandy Diaz,26-06-19,Rays,5,388,97,Tropicana Field,0,TBR
Brandon Valenzuela,26-06-06,Blue Jays,5,388,97.4,Rogers Centre,0,TOR
Kyle Stowers,26-05-10,Marlins,5,388,101.4,loanDepot Park,0,MIA
Kazuma Okamoto,26-07-01,Blue Jays,5,388,104.9,Rogers Centre,0,TOR
Ben Ross,26-09-23,Twins,5,388,98.5,Oracle Park,0,SFG
TJ Friedl,26-05-04,Reds,4,388,104.4,Wrigley Field,0,CHC
Ryan Jeffers,26-08-18,Twins,4,388,108.2,Target Field,0,MIN
Geraldo Perdomo,26-08-02,Diamondbacks,4,388,99.2,Progressive Field,0,CLE
Curtis Mead,26-05-26,Nationals,4,388,102.7,Progressive Field,0,CLE
Seiya Suzuki,26-04-22,Cubs,4,388,104.1,Wrigley Field,1,CHC
Andruw Monasterio,26-04-25,Red Sox,3,388,103.6,Camden Yards,1,BAL
Jose Altuve,26-07-17,Astros,3,388,102.6,Daikin Park,0,HOU
Taylor Ward,26-06-21,Orioles,3,388,102,Dodger Stadium,1,LAD
Jo Adell,26-06-01,Angels,3,388,101.6,Angel Stadium,0,LAA
Oswald Peraza,26-06-01,Angels,3,388,100.7,Angel Stadium,0,LAA
Brady House,26-04-19,Nationals,3,388,108.3,Nationals Park,0,WSH
Deyvison De Los Santos,26-03-29,Marlins,3,388,106.2,loanDepot Park,0,MIA
TJ Rumfield,26-04-22,Rockies,2,388,98.4,Coors Field,0,COL
Jackson Chourio,26-08-06,Brewers,2,388,100,American Family Field,1,MIL
Mookie Betts,26-03-27,Dodgers,2,388,99.5,Dodger Stadium,1,LAD
Drew Gilbert,26-06-20,Giants,2,388,99.6,loanDepot Park,0,MIA
Fernando Tatis Jr,26-06-26,Padres,2,388,111.1,Petco Park,0,SDP
Miguel Vargas,26-06-23,White Sox,2,388,104.3,Rate Field,0,CWS
AJ Ewing,26-08-14,Mets,2,388,102.7,Citi Field,0,NYM
Corbin Carroll,26-09-18,Diamondbacks,1,388,110.7,Chase Field,1,ARI
Wilyer Abreu,26-04-11,Red Sox,1,388,106.4,Busch Stadium,0,STL
Tyler Freeman,26-05-31,Rockies,1,388,103.4,Coors Field,0,COL
Gunnar Henderson,26-08-05,Orioles,1,388,103.9,Camden Yards,0,BAL
Christian Koss,26-07-30,Giants,1,388,107.1,Petco Park,0,SDP
Shea Langeliers,26-04-17,Athletics,1,388,104.1,Sutter Health Park,0,ATH
Jorge Mateo,26-05-02,Braves,1,388,100.7,Coors Field,0,COL
Jared Young,26-08-05,Mets,1,388,107.1,Progressive Field,0,CLE
Bryan Reynolds,26-08-25,Pirates,1,388,102.5,Petco Park,0,SDP
Christian Moore,26-09-23,Angels,1,388,103.9,Sutter Health Park,0,ATH
Max Muncy (A),26-04-09,Athletics,20,388,107.8,Yankee Stadium,0,NYY
Colson Montgomery,26-07-19,White Sox,25,388,106.3,Rogers Centre,1,TOR
Alex Call,26-09-27,Dodgers,6,388,104.2,Oracle Park,0,SFG
James Wood,26-07-11,Nationals,30,388,100.4,Nationals Park,1,WSH
James Wood,26-07-22,Nationals,1,388,100,Coors Field,0,COL
Munetaka Murakami,26-04-12,White Sox,11,387,104.2,Kauffman Stadium,0,KCR
CJ Abrams,26-04-03,Nationals,30,387,103.2,Nationals Park,1,WSH
Corey Seager,26-09-27,Rangers,29,387,104,Target Field,1,MIN
James Wood,26-04-23,Nationals,30,387,102.4,Nationals Park,1,WSH
Elly De La Cruz,26-05-23,Reds,26,387,106.7,Great American Ball Park,1,CIN
Elly De La Cruz,26-07-08,Reds,26,387,104.1,Great American Ball Park,1,CIN
Max Muncy (D),26-04-26,Dodgers,23,387,110.1,Dodger Stadium,1,LAD
Max Muncy (D),26-05-18,Dodgers,4,387,104.5,Petco Park,0,SDP
Brooks Lee,26-09-21,Twins,30,387,97.6,Oracle Park,1,SFG
Francisco Alvarez,26-09-19,Mets,30,387,102.2,Citi Field,1,NYM
Kazuma Okamoto,26-09-08,Blue Jays,30,387,106.2,Sutter Health Park,1,ATH
Tyler Freeman,26-06-03,Rockies,30,387,102.3,Angel Stadium,1,LAA
Spencer Steer,26-06-10,Reds,30,387,103.5,Petco Park,1,SDP
Junior Caminero,26-06-25,Rays,30,387,107.5,Tropicana Field,1,TBR
Gabriel Moreno,26-09-04,Diamondbacks,30,387,105.1,Daikin Park,1,HOU
Nolan Arenado,26-08-15,Diamondbacks,30,387,99.5,Truist Park,1,ATL
Alex Bregman,26-07-12,Cubs,30,387,102.3,Great American Ball Park,1,CIN
Michael Busch,26-06-12,Cubs,30,387,104.5,Oracle Park,1,SFG
Brice Turang,26-07-12,Brewers,30,387,100.5,PNC Park,1,PIT
Andy Pages,26-06-29,Dodgers,30,387,107.6,Sutter Health Park,1,ATH
Jackson Merrill,26-03-30,Padres,30,387,107.4,Petco Park,1,SDP
Byron Buxton,26-05-05,Twins,30,387,106.4,Nationals Park,1,WSH
Yainer Diaz,26-04-24,Astros,30,387,104.9,Daikin Park,1,HOU
Rodolfo Duran,26-06-13,Padres,30,387,97.7,Camden Yards,1,BAL
Aaron Judge,26-04-03,Yankees,30,387,101.2,Yankee Stadium,1,NYY
Miguel Andujar,26-04-29,Padres,30,387,99.2,Petco Park,1,SDP
Rafael Devers,26-06-06,Giants,30,387,108.6,Wrigley Field,1,CHC
Brayan Rocchio,26-06-06,Guardians,30,387,105.6,Globe Life Park,1,TEX
David Fry,26-07-02,Guardians,30,387,102.9,Progressive Field,1,CLE
Nick Allen,26-08-16,Astros,30,387,99.8,Daikin Park,1,HOU
Kyle Schwarber,26-07-08,Phillies,30,387,105.6,Great American Ball Park,1,CIN
Connor Wong,26-08-06,Red Sox,30,387,103.5,Fenway Park,1,BOS
Luis Robert Jr,26-09-03,Mets,30,387,101.2,Camden Yards,1,BAL
Luis Torrens,26-09-12,Mets,30,387,104.8,Yankee Stadium,1,NYY
Jose Fermin,26-06-24,Cardinals,30,387,99.8,Busch Stadium,1,STL
Ke'Bryan Hayes,26-07-26,Reds,30,387,102.8,Busch Stadium,1,STL
Marcell Ozuna,26-04-18,Pirates,29,387,103.9,PNC Park,1,PIT
Cody Bellinger,26-05-26,Yankees,29,387,105.1,Kauffman Stadium,1,KCR
Jake McCarthy,26-08-02,Rockies,29,387,97.5,Coors Field,1,COL
Ryan Jeffers,26-09-01,Twins,29,387,108.3,Target Field,1,MIN
Hector Rodriguez,26-08-30,Reds,29,387,99.9,Wrigley Field,1,CHC
Seiya Suzuki,26-06-05,Cubs,28,387,105.6,Wrigley Field,1,CHC
Cedric Mullins,26-07-01,Rays,28,387,98.3,Kauffman Stadium,1,KCR
MJ Melendez,26-04-19,Mets,28,387,99.9,Wrigley Field,1,CHC
Andrew Benintendi,26-06-12,White Sox,28,387,99.2,Rate Field,1,CWS
Ben Rice,26-07-10,Yankees,28,387,102,Nationals Park,1,WSH
Max Clark,26-08-01,Tigers,28,387,99.3,Sutter Health Park,1,ATH
Kyle Isbel,26-08-21,Royals,28,387,100.8,Kauffman Stadium,1,KCR
Alec Burleson,26-06-05,Cardinals,28,387,106.3,Busch Stadium,1,STL
Brandon Lowe,26-05-27,Pirates,27,387,106.9,PNC Park,1,PIT
Nick Loftin,26-07-07,Royals,27,387,99.2,Citi Field,1,NYM
Donovan Walton,26-09-19,Angels,26,387,99,Progressive Field,1,CLE
Gary Sanchez,26-03-29,Brewers,26,387,104.1,American Family Field,1,MIL
Austin Wells,26-07-10,Yankees,26,387,108.9,Nationals Park,1,WSH
Tommy Edman,26-07-19,Dodgers,26,387,102.1,Yankee Stadium,1,NYY
Wilyer Abreu,26-08-29,Red Sox,26,387,108.5,Yankee Stadium,1,NYY
Francisco Alvarez,26-06-24,Mets,25,387,102.3,Citi Field,1,NYM
Andy Pages,26-04-04,Dodgers,25,387,100.3,Nationals Park,1,WSH
Justin Foscue,26-07-07,Rangers,25,387,111,Globe Life Park,1,TEX
Ryan Vilade,26-07-11,Rays,25,387,103,Tropicana Field,1,TBR
Pete Alonso,26-09-12,Orioles,24,387,106.5,Rogers Centre,1,TOR
TJ Rumfield,26-04-05,Rockies,24,387,107.6,Coors Field,1,COL
Jose Altuve,26-07-12,Astros,24,387,100.9,Globe Life Park,1,TEX
Nolan Arenado,26-07-09,Diamondbacks,24,387,101.1,Petco Park,1,SDP
Nick Gonzales,26-07-02,Pirates,24,387,99,Citizens Bank Park,1,PHI
Christian Yelich,26-06-17,Brewers,23,387,103.8,American Family Field,1,MIL
Ty France,26-07-12,Padres,23,387,101.9,Petco Park,0,SDP
Yainer Diaz,26-08-22,Astros,20,387,100.2,Daikin Park,0,HOU
Casey Schmitt,26-04-07,Giants,18,387,104.4,Oracle Park,0,SFG
Jake McCarthy,26-07-12,Rockies,18,387,99.6,Oracle Park,1,SFG
Mickey Gasper,26-08-31,Red Sox,18,387,103.3,Fenway Park,1,BOS
Evan Carter,26-05-15,Rangers,17,387,103,Daikin Park,0,HOU
Brice Matthews,26-04-28,Astros,17,387,109.7,Camden Yards,1,BAL
Hunter Goodman,26-05-15,Rockies,16,387,111.4,Coors Field,1,COL
Hunter Goodman,26-09-25,Rockies,11,387,109.4,Rate Field,0,CWS
Spencer Steer,26-04-21,Reds,16,387,102.4,Tropicana Field,1,TBR
Jacob Young,26-05-20,Nationals,16,387,104.2,Nationals Park,0,WSH
Rodolfo Duran,26-05-16,Padres,15,387,102.2,T-Mobile Park,0,SEA
Gunnar Henderson,26-04-07,Orioles,14,387,105,Rate Field,1,CWS
Nick Gonzales,26-07-18,Pirates,14,387,100.2,Progressive Field,1,CLE
Alec Burleson,26-07-20,Cardinals,13,387,106,Angel Stadium,0,LAA
Pete Alonso,26-07-24,Orioles,12,387,104.3,Camden Yards,0,BAL
Jackson Chourio,26-08-09,Brewers,12,387,103.4,American Family Field,1,MIL
Taylor Walls,26-08-11,Rays,12,387,98.3,Sutter Health Park,1,ATH
Nick Sogard,26-08-28,Red Sox,11,387,98.9,Yankee Stadium,0,NYY
Spencer Torkelson,26-09-15,Tigers,10,387,103.9,Rogers Centre,0,TOR
Vinnie Pasquantino,26-04-16,Royals,10,387,98.7,Comerica Park,0,DET
Jeremiah Jackson,26-04-15,Orioles,9,387,110.4,Camden Yards,1,BAL
Luis Robert Jr,26-03-28,Mets,9,387,104.6,Citi Field,1,NYM
Chase Meidroth,26-04-19,White Sox,9,387,98.4,Sutter Health Park,0,ATH
Bryan Reynolds,26-05-16,Pirates,8,387,106.6,PNC Park,0,PIT
Curtis Mead,26-07-01,Nationals,8,387,103,Fenway Park,0,BOS
Lawrence Butler,26-06-15,Athletics,8,387,101.6,Sutter Health Park,0,ATH
TJ Rumfield,26-06-21,Rockies,7,387,93.3,Coors Field,1,COL
Dansby Swanson,26-07-01,Cubs,7,387,92.7,Wrigley Field,1,CHC
Sal Stewart,26-04-15,Reds,6,387,103.6,Great American Ball Park,1,CIN
Cam Smith,26-07-03,Astros,6,387,102.6,Daikin Park,0,HOU
Bryce Teodosio,26-04-27,Angels,5,387,107.2,Rate Field,0,CWS
Luis Campusano,26-04-03,Padres,5,387,101.7,Fenway Park,0,BOS
Tristan Peters,26-06-07,White Sox,5,387,104.2,Citizens Bank Park,0,PHI
Alec Bohm,26-07-10,Phillies,5,387,104.2,Comerica Park,0,DET
Alec Bohm,26-08-15,Phillies,5,387,96.7,Target Field,0,MIN
Mike Trout,26-08-25,Angels,4,387,110.8,Angel Stadium,0,LAA
Andy Pages,26-08-05,Dodgers,4,387,99.1,Wrigley Field,0,CHC
Jesus Sanchez,26-06-03,Blue Jays,4,387,99.6,Truist Park,0,ATL
Cole Carrigg,26-07-09,Rockies,4,387,99.7,Oracle Park,0,SFG
Luis Campusano,26-08-05,Padres,4,387,98.7,Chase Field,0,ARI
Joc Pederson,26-06-03,Rangers,3,387,99.2,Busch Stadium,0,STL
Eugenio Suarez,26-05-31,Reds,3,387,102.8,Great American Ball Park,1,CIN
Josh Naylor,26-04-05,Mariners,3,387,100.8,Angel Stadium,0,LAA
Miguel Rojas,26-04-05,Dodgers,3,387,100.5,Nationals Park,0,WSH
Taylor Ward,26-07-28,Orioles,3,387,98.2,Comerica Park,0,DET
Braden Montgomery,26-08-25,White Sox,3,387,102.8,Rate Field,0,CWS
Jonathan Aranda,26-07-31,Rays,3,387,100.6,Tropicana Field,0,TBR
Ronny Simon,26-08-14,Pirates,3,387,99.3,PNC Park,0,PIT
David Hamilton,26-06-21,Brewers,2,387,104.6,Truist Park,0,ATL
Andrew Vaughn,26-06-04,Brewers,2,387,100.3,American Family Field,0,MIL
Cal Raleigh,26-05-12,Mariners,2,387,100.5,Daikin Park,0,HOU
Kyle Stowers,26-06-03,Marlins,2,387,106.3,Nationals Park,0,WSH
Blaze Jordan,26-06-28,Cardinals,1,387,101.1,Busch Stadium,0,STL
Andrew Knizner,26-08-31,Giants,1,387,99.3,Truist Park,0,ATL
Harry Ford,26-07-17,Nationals,1,387,98.6,Sutter Health Park,1,ATH
Marcus Semien,26-09-09,Mets,1,387,98.3,loanDepot Park,0,MIA
Michael Massey,26-09-02,Royals,1,387,105.6,Kauffman Stadium,0,KCR
Lucas Spence,26-09-24,Astros,25,387,96.9,Sutter Health Park,1,ATH
Luis Garcia Jr.,26-08-22,Nationals,30,387,108.6,Yankee Stadium,1,NYY
Spencer Torkelson,26-09-25,Tigers,24,387,105.2,Comerica Park,1,DET
James Wood,26-03-29,Nationals,1,386,108.1,Wrigley Field,0,CHC
CJ Abrams,26-06-05,Nationals,19,386,106,Chase Field,1,ARI
Christian Walker,26-09-27,Astros,30,386,100.1,Sutter Health Park,1,ATH
Ryan Kreidler,26-09-16,Twins,30,386,102.7,Target Field,1,MIN
Carter Jensen,26-09-12,Royals,30,386,108.4,Fenway Park,1,BOS
Mickey Moniak,26-04-23,Rockies,30,386,96.6,Coors Field,1,COL
Bryson Stott,26-05-01,Phillies,30,386,100.2,loanDepot Park,1,MIA
Caleb Durbin,26-04-25,Red Sox,30,386,98.7,Camden Yards,1,BAL
Brian Serven,26-08-17,Athletics,30,386,98.3,Kauffman Stadium,1,KCR
Pete Crow-Armstrong,26-06-06,Cubs,30,386,105.4,Wrigley Field,1,CHC
Riley Greene,26-07-04,Tigers,30,386,107.7,Globe Life Park,1,TEX
Ozzie Albies,26-07-03,Braves,30,386,102.1,Truist Park,1,ATL
Wenceel Perez,26-05-26,Tigers,30,386,106.4,Comerica Park,1,DET
Nick Kurtz,26-04-18,Athletics,30,386,115.3,Sutter Health Park,1,ATH
Ryan Jeffers,26-04-13,Twins,30,386,108.2,Target Field,1,MIN
Casey Schmitt,26-05-05,Giants,30,386,106.1,Oracle Park,1,SFG
Willy Adames,26-04-14,Giants,30,386,104.4,Great American Ball Park,1,CIN
Dominic Smith,26-03-28,Braves,30,386,102.4,Truist Park,1,ATL
Keiburt Ruiz,26-05-13,Nationals,30,386,98.7,Great American Ball Park,1,CIN
Brooks Lee,26-05-25,Twins,30,386,105.6,Rate Field,1,CWS
Paul Goldschmidt,26-06-02,Yankees,30,386,103,Yankee Stadium,1,NYY
Brent Rooker,26-06-05,Athletics,30,386,105.4,Daikin Park,1,HOU
Colt Emerson,26-06-13,Mariners,30,386,98.6,Nationals Park,1,WSH
Caleb Durbin,26-06-18,Red Sox,30,386,98.6,Fenway Park,1,BOS
Kevin McGonigle,26-08-01,Tigers,30,386,99.7,Sutter Health Park,1,ATH
Drew Romo,26-08-16,White Sox,30,386,100.3,Comerica Park,1,DET
Bobby Witt,26-07-09,Royals,30,386,105.3,Citi Field,1,NYM
JJ Bleday,26-07-31,Reds,30,386,105.7,Great American Ball Park,1,CIN
Jordan Walker,26-07-07,Cardinals,30,386,104.6,Busch Stadium,1,STL
Luis Campusano,26-09-15,Padres,30,386,98.5,Coors Field,1,COL
Carlos Cortes,26-09-22,Athletics,29,386,103.4,Sutter Health Park,1,ATH
Kyle Schwarber,26-05-12,Phillies,29,386,101.6,Fenway Park,1,BOS
Pete Crow-Armstrong,26-06-16,Cubs,29,386,97.7,Wrigley Field,1,CHC
Tyler Soderstrom,26-04-11,Athletics,29,386,104.1,Citi Field,1,NYM
Liam Hicks,26-05-07,Marlins,29,386,96.3,loanDepot Park,1,MIA
Juan Soto,26-06-18,Mets,29,386,100.5,Citizens Bank Park,1,PHI
Gunnar Henderson,26-06-12,Orioles,29,386,108.8,Camden Yards,1,BAL
Shohei Ohtani,26-07-31,Dodgers,29,386,112.1,Dodger Stadium,1,LAD
Dylan Beavers,26-08-20,Orioles,29,386,102.2,Camden Yards,1,BAL
JJ Bleday,26-09-20,Reds,28,386,103.4,Great American Ball Park,1,CIN
Cedric Mullins,26-06-10,Rays,28,386,103.7,Tropicana Field,1,TBR
Michael Harris,26-09-01,Braves,28,386,103.9,Nationals Park,1,WSH
Ozzie Albies,26-08-11,Braves,28,386,103.5,Truist Park,1,ATL
Luke Raley,26-07-19,Mariners,28,386,103.2,T-Mobile Park,1,SEA
Rodolfo Duran,26-05-16,Padres,28,386,101.2,T-Mobile Park,1,SEA
Donovan Walton,26-06-14,Angels,27,386,96.9,Angel Stadium,1,LAA
Daniel Schneeman,26-06-17,Guardians,27,386,99.4,American Family Field,1,MIL
Bo Bichette,26-04-28,Mets,26,386,105.4,Citi Field,1,NYM
Hayden Senger,26-05-30,Mets,26,386,100.5,Citi Field,1,NYM
Kyle Tucker,26-07-24,Dodgers,26,386,103.6,Citi Field,1,NYM
Masataka Yoshida,26-06-27,Red Sox,26,386,101.5,Fenway Park,1,BOS
Corbin Carroll,26-07-23,Diamondbacks,25,386,102.6,Busch Stadium,0,STL
Nathan Church,26-04-25,Cardinals,25,386,107.3,Busch Stadium,1,STL
Jakob Marsee,26-08-15,Marlins,24,386,100.3,Great American Ball Park,1,CIN
Jordan Walker,26-04-07,Cardinals,24,386,109.1,Nationals Park,1,WSH
Alec Burleson,26-07-26,Cardinals,24,386,105,Busch Stadium,0,STL
Blaze Alexander,26-06-06,Orioles,23,386,107,Rogers Centre,1,TOR
Daniel Schneeman,26-04-27,Guardians,23,386,102.8,Progressive Field,1,CLE
Jackson Chourio,26-05-06,Brewers,23,386,108.7,Busch Stadium,0,STL
Nick Fortes,26-07-03,Rays,22,386,100.6,Daikin Park,0,HOU
Connor Norby,26-09-09,Marlins,22,386,98,Yankee Stadium,0,NYY
Kyle Schwarber,26-04-21,Phillies,21,386,97.7,Wrigley Field,1,CHC
Will Smith,26-04-24,Dodgers,21,386,103.9,Dodger Stadium,1,LAD
Michael Harris,26-07-04,Braves,21,386,98.4,Truist Park,1,ATL
Konnor Griffin,26-04-24,Pirates,20,386,104.4,American Family Field,1,MIL
Bobby Witt,26-05-26,Royals,20,386,103.2,Kauffman Stadium,1,KCR
Zach McKinstry,26-06-28,Tigers,20,386,95.8,Comerica Park,1,DET
Michael Conforto,26-09-20,Cubs,19,386,103,Great American Ball Park,1,CIN
Ezequiel Tovar,26-09-23,Rockies,18,386,101.5,Coors Field,1,COL
Jacob Wilson,26-04-18,Athletics,18,386,100.4,Sutter Health Park,0,ATH
Matt Chapman,26-04-06,Giants,17,386,104.7,Oracle Park,0,SFG
Wenceel Perez,26-05-30,Tigers,16,386,100.3,Rate Field,1,CWS
Liam Hicks,26-07-12,Marlins,16,386,103.8,loanDepot Park,0,MIA
Taylor Tramell,26-09-12,Astros,15,386,107.2,Tropicana Field,0,TBR
Victor Caratini,26-07-05,Twins,15,386,99.6,Yankee Stadium,0,NYY
Willi Castro,26-08-09,Rockies,14,386,105.2,Busch Stadium,0,STL
Eduardo Valencia,26-07-11,Tigers,13,386,103.3,Comerica Park,1,DET
Jorbit Vivas,26-08-23,Nationals,13,386,98.2,loanDepot Park,0,MIA
Heriberto Hernandez,26-07-22,Marlins,11,386,107.1,Daikin Park,0,HOU
Jahmai Jones,26-04-21,Tigers,11,386,101.7,Comerica Park,0,DET
Oswald Peraza,26-04-08,Angels,10,386,100.8,Angel Stadium,0,LAA
Brandon Lowe,26-06-19,Pirates,10,386,107.5,Coors Field,0,COL
Keibert Ruiz,26-09-12,Nationals,8,386,98.4,Nationals Park,0,WSH
Jake Bauers,26-09-13,Brewers,8,386,108.1,American Family Field,1,MIL
Vaughn Grissom,26-09-23,Angels,7,386,100.7,Sutter Health Park,1,ATH
Oswald Peraza,26-06-03,Angels,6,386,103.9,Angel Stadium,0,LAA
Mike Trout,26-05-12,Angels,6,386,105.9,Progressive Field,0,CLE
Tanner Murray,26-04-26,White Sox,6,386,103.6,Rate Field,0,CWS
Junior Caminero,26-06-09,Rays,5,386,109.3,Tropicana Field,0,TBR
Austin Martin,26-05-25,Twins,5,386,99.6,Rate Field,0,CWS
Roman Anthony,26-04-13,Red Sox,4,386,99.2,Target Field,0,MIN
Jorge Mateo,26-05-28,Braves,3,386,102.9,Fenway Park,0,BOS
Ernie Clement,26-05-27,Blue Jays,3,386,100,Rogers Centre,0,TOR
Bryce Eldridge,26-06-13,Giants,3,386,101.7,Oracle Park,0,SFG
Willi Castro,26-08-07,Rockies,2,386,105.2,Busch Stadium,0,STL
Trevor Larnach,26-06-27,Twins,2,386,101.2,Target Field,0,MIN
Trent Grisham,26-07-07,Yankees,2,386,99.3,Tropicana Field,0,TBR
Kazuma Okamoto,26-08-16,Blue Jays,2,386,107.5,Rogers Centre,0,TOR
Gary Sanchez,26-08-30,Brewers,2,386,99.7,American Family Field,1,MIL
Nick Loftin,26-07-19,Royals,2,386,96.8,Kauffman Stadium,0,KCR
Will Smith,26-09-09,Dodgers,1,386,98.7,Dodger Stadium,0,LAD
Colt Keith,26-07-27,Tigers,1,386,104.2,Comerica Park,0,DET
Drew Romo,26-06-16,White Sox,1,386,101.4,Yankee Stadium,0,NYY
Jose Siri,26-05-29,Angels,1,386,105.4,Tropicana Field,0,TBR
Marcus Semien,26-05-14,Mets,1,386,106.3,Citi Field,1,NYM
AJ Ewing,26-06-07,Mets,1,386,104.1,Petco Park,0,SDP
Joshua Baez,26-08-17,Cardinals,1,386,104.6,Great American Ball Park,0,CIN
Ben Malgeri,26-09-01,Tigers,1,386,97.2,Target Field,0,MIN
Colton Cowser,26-08-29,Orioles,1,386,102.6,Sutter Health Park,1,ATH
Travis Bazzana,26-09-26,Guardians,1,386,102.2,Kauffman Stadium,0,KCR
Munetaka Murakami,26-09-25,White Sox,30,386,103.3,Rate Field,1,CWS
Yordan Alvarez,26-09-22,Astros,30,386,109.5,T-Mobile Park,1,SEA
Zach Neto,26-09-25,Angels,5,385,103.3,T-Mobile Park,0,SEA
Elly De La Cruz,26-04-03,Reds,20,385,107.5,Globe Life Park,1,TEX
Konnor Griffin,26-09-27,Pirates,8,385,101.8,Comerica Park,1,DET
Luis Garcia Jr.,26-05-12,Nationals,29,385,101.4,Great American Ball Park,1,CIN
Mauricio Dubon,26-09-27,Braves,25,385,101.8,loanDepot Park,1,MIA
Danny Jansen,26-09-27,Rangers,29,385,98.3,Target Field,1,MIN
Colson Montgomery,26-05-01,White Sox,28,385,101.4,Petco Park,1,SDP
Carlos Jorge,26-09-24,Reds,29,385,101,Truist Park,1,ATL
Henry Davis,26-05-01,Pirates,30,385,103.7,PNC Park,1,PIT
J.T. Realmuto,26-05-26,Phillies,30,385,109.3,Petco Park,1,SDP
Salvador Perez,26-06-18,Royals,30,385,98.8,Kauffman Stadium,1,KCR
Vaughn Grissom,26-08-25,Angels,30,385,104.9,Angel Stadium,1,LAA
Jo Adell,26-08-12,Angels,30,385,102.1,Comerica Park,1,DET
Ketel Marte,26-08-09,Diamondbacks,30,385,103.7,Chase Field,1,ARI
Jakob Marsee,26-07-30,Marlins,30,385,99.7,Citi Field,1,NYM
Ryan Ward,26-06-10,Dodgers,30,385,107.6,PNC Park,1,PIT
Rob Refsnyder,26-04-19,Mariners,30,385,106.2,T-Mobile Park,1,SEA
Cody Bellinger,26-04-18,Yankees,30,385,105.1,Yankee Stadium,1,NYY
Ryan Kreidler,26-04-15,Twins,30,385,104.1,Target Field,1,MIN
Xavier Edwards,26-05-19,Marlins,30,385,101.2,loanDepot Park,1,MIA
Myles Straw,26-04-17,Blue Jays,30,385,100.6,Chase Field,1,ARI
Jacob Young,26-04-13,Nationals,30,385,100.3,PNC Park,1,PIT
Taylor Ward,26-05-19,Orioles,30,385,99.9,Tropicana Field,1,TBR
George Springer,26-06-12,Blue Jays,30,385,100.5,Rogers Centre,1,TOR
Vladimir Guerrero Jr.,26-07-11,Blue Jays,30,385,99.4,Petco Park,1,SDP
Spencer Jones,26-08-21,Yankees,30,385,108.8,Yankee Stadium,1,NYY
Junior Caminero,26-07-10,Rays,30,385,102.3,Tropicana Field,1,TBR
Esmerlyn Valdez,26-07-11,Pirates,30,385,101.1,PNC Park,1,PIT
Joc Pederson,26-09-10,Rangers,29,385,102.3,T-Mobile Park,1,SEA
Marcelo Mayer,26-04-03,Red Sox,29,385,97,Fenway Park,1,BOS
TJ Rumfield,26-06-16,Rockies,29,385,96,Wrigley Field,1,CHC
Gabriel Rincones Jr,26-06-15,Phillies,29,385,105.1,Citizens Bank Park,1,PHI
Kody Clemens,26-06-12,Twins,29,385,102.4,Target Field,1,MIN
Jo Adell,26-05-10,Angels,29,385,104.2,Rogers Centre,1,TOR
Vaughn Grissom,26-04-29,Angels,29,385,103.8,Rate Field,1,CWS
Luke Keaschall,26-08-01,Twins,29,385,100.4,T-Mobile Park,1,SEA
Nolan Arenado,26-09-06,Diamondbacks,29,385,103.3,Daikin Park,1,HOU
Nick Sogard,26-08-19,Red Sox,29,385,101.6,Fenway Park,1,BOS
Bryan Reynolds,26-04-10,Pirates,28,385,106.1,Wrigley Field,1,CHC
Cedric Mullins,26-07-02,Rays,28,385,96.9,Kauffman Stadium,1,KCR
Jeremy Pena,26-08-25,Astros,28,385,101.5,Yankee Stadium,1,NYY
Christian Encarnacion-Strand,26-09-03,Orioles,28,385,96.1,Camden Yards,1,BAL
Oneil Cruz,26-04-17,Pirates,27,385,103.3,PNC Park,1,PIT
Bryce Harper,26-06-20,Phillies,27,385,97.7,Citizens Bank Park,1,PHI
Travis Bazzana,26-06-05,Guardians,27,385,99.1,Globe Life Park,1,TEX
Wilyer Abreu,26-03-29,Red Sox,25,385,98,Great American Ball Park,1,CIN
Jacob Young,26-08-24,Nationals,25,385,104,Nationals Park,0,WSH
Jacob Young,26-06-09,Nationals,25,385,101.3,Oracle Park,0,SFG
Ian Happ,26-03-28,Cubs,25,385,111.2,Wrigley Field,1,CHC
Michael Harris,26-05-01,Braves,24,385,107.3,Coors Field,1,COL
Dane Myers,26-05-14,Reds,22,385,100.6,Great American Ball Park,1,CIN
Carson Benge,26-03-26,Mets,22,385,105.3,Citi Field,1,NYM
Luis Arraez,26-08-05,Giants,22,385,101.2,Citizens Bank Park,1,PHI
Jordan Lawlar,26-09-01,Diamondbacks,22,385,101.8,Chase Field,1,ARI
Joe Mack,26-08-15,Marlins,20,385,106.7,Great American Ball Park,1,CIN
Pete Crow-Armstrong,26-06-15,Cubs,20,385,98.3,Wrigley Field,0,CHC
Sung-Mun Song,26-07-01,Padres,20,385,107.7,Wrigley Field,1,CHC
Victor Bericoto,26-06-03,Giants,19,385,102.7,American Family Field,1,MIL
Aaron Judge,26-04-04,Yankees,18,385,111.9,Yankee Stadium,0,NYY
Matt Wallner,26-05-03,Twins,18,385,109.3,Target Field,0,MIN
Jung Hoo Lee,26-08-03,Giants,18,385,100.1,Globe Life Park,1,TEX
Taylor Trammell,26-04-11,Astros,17,385,103.5,T-Mobile Park,0,SEA
Travis Bazzana,26-07-20,Guardians,17,385,98.7,Progressive Field,1,CLE
Alec Burleson,26-04-28,Cardinals,14,385,101.9,PNC Park,0,PIT
Corbin Carroll,26-06-26,Diamondbacks,13,385,103.8,Tropicana Field,0,TBR
Jonathan Aranda,26-09-11,Rays,12,385,95.7,Tropicana Field,0,TBR
Bryce Harper,26-05-15,Phillies,12,385,99.8,PNC Park,0,PIT
Pete Crow-Armstrong,26-06-13,Cubs,12,385,102.7,Oracle Park,1,SFG
Denzer Guzman,26-07-31,Angels,12,385,101.9,Angel Stadium,1,LAA
Carter Jensen,26-07-23,Royals,11,385,99.5,Comerica Park,0,DET
Christian Vazquez,26-05-08,Astros,10,385,100.3,Great American Ball Park,1,CIN
Travis d'Arnaud,26-03-29,Angels,9,385,102.6,Daikin Park,0,HOU
Connor Wong,26-04-17,Red Sox,8,385,105.8,Fenway Park,0,BOS
Willson Contreras,26-05-22,Red Sox,8,385,102.2,Fenway Park,0,BOS
Adael Amador,26-09-08,Rockies,8,385,104.2,Yankee Stadium,1,NYY
Dominic Canzone,26-09-02,Mariners,7,385,104.5,Fenway Park,0,BOS
Ben Rice,26-07-17,Yankees,7,385,106.4,Yankee Stadium,0,NYY
Carter Jensen,26-08-17,Royals,7,385,101.5,Kauffman Stadium,0,KCR
Salvador Perez,26-08-29,Royals,7,385,106.4,Progressive Field,0,CLE
Ceddanne Rafaela,26-08-17,Red Sox,7,385,101.3,Fenway Park,0,BOS
Heriberto Hernandez,26-07-21,Marlins,6,385,101.2,Daikin Park,0,HOU
Zach McKinstry,26-06-09,Tigers,6,385,100.6,Comerica Park,0,DET
Brady House,26-04-29,Nationals,6,385,106,Citi Field,1,NYM
Ramon Laureano,26-04-15,Padres,5,385,106.3,Petco Park,0,SDP
Austin Riley,26-05-12,Braves,5,385,102.9,Truist Park,0,ATL
Luis Torrens,26-06-07,Mets,5,385,99.2,Petco Park,0,SDP
Luis Lara,26-08-26,Brewers,5,385,100,Citi Field,0,NYM
Nick Gonzales,26-07-31,Pirates,5,385,98.8,Great American Ball Park,0,CIN
Michael Busch,26-06-13,Cubs,4,385,100.1,Oracle Park,0,SFG
Angel Martinez,26-04-28,Guardians,4,385,104.2,Progressive Field,0,CLE
William Contreras,26-05-19,Brewers,4,385,100.4,Wrigley Field,0,CHC
Gleybar Torres,26-04-07,Tigers,4,385,98.4,Target Field,0,MIN
Gabriel Moreno,26-05-29,Diamondbacks,4,385,103.1,T-Mobile Park,0,SEA
Carson Benge,26-04-07,Mets,3,385,95.2,Citi Field,0,NYM
Luis Torrens,26-06-05,Mets,3,385,102.1,Petco Park,0,SDP
Daylen Lile,26-07-08,Nationals,3,385,101.8,Nationals Park,0,WSH
Sal Stewart,26-08-25,Reds,3,385,99.6,Oracle Park,0,SFG
Alec Bohm,26-09-18,Phillies,3,385,102.4,Citi Field,0,NYM
Thomas Saggase,26-03-29,Cardinals,2,385,104.9,Busch Stadium,0,STL
Evan Carter,26-04-23,Rangers,2,385,99.3,Globe Life Park,1,TEX
Yandy Diaz,26-04-27,Rays,2,385,100.3,Progressive Field,0,CLE
Ryan Kreidler,26-08-01,Twins,2,385,102.3,T-Mobile Park,0,SEA
Riley Greene,26-06-07,Tigers,2,385,101.3,Comerica Park,0,DET
Alex Bregman,26-05-15,Cubs,2,385,99.7,Rate Field,0,CWS
Casey Schmitt,26-04-12,Giants,1,385,108.8,Camden Yards,1,BAL
Dalton Rushing,26-04-20,Dodgers,1,385,98,Coors Field,1,COL
Juan Soto,26-07-01,Mets,1,385,98,Rogers Centre,0,TOR
Dominic Canzone,26-07-07,Mariners,1,385,102.5,loanDepot Park,0,MIA
Max Muncy (A),26-03-30,Athletics,14,385,106.3,Truist Park,0,ATL
Yordan Alvarez,26-06-23,Astros,6,385,105,Rogers Centre,0,TOR
Munetaka Murakami,26-07-26,White Sox,30,385,104.1,Rate Field,1,CWS
Nolan Arenado,26-09-25,Diamondbacks,30,385,101.3,Petco Park,1,SDP
Yordan Alvarez,26-09-17,Astros,29,385,107.2,Daikin Park,1,HOU
Munetaka Murakami,26-03-26,White Sox,30,384,103,American Family Field,1,MIL
Elly De La Cruz,26-04-10,Reds,21,384,110,Great American Ball Park,1,CIN
Luis Garcia Jr.,26-04-03,Nationals,7,384,102.4,Nationals Park,0,WSH
Colson Montgomery,26-04-12,White Sox,30,384,103,Kauffman Stadium,1,KCR
Javier Sanoja,26-09-26,Marlins,25,384,98.3,loanDepot Park,1,MIA
James Wood,26-04-20,Nationals,4,384,104.6,Nationals Park,0,WSH
Colson Montgomery,26-04-28,White Sox,29,384,102.1,Rate Field,1,CWS
Colson Montgomery,26-05-27,White Sox,7,384,102.8,Rate Field,0,CWS
Mickey Moniak,26-04-11,Rockies,30,384,106,Petco Park,1,SDP
Hunter Goodman,26-06-01,Rockies,30,384,112.9,Angel Stadium,1,LAA
Carter Jensen,26-06-06,Royals,30,384,102.1,Target Field,1,MIN
Esteury Ruiz,26-08-11,Marlins,30,384,105.1,loanDepot Park,1,MIA
Jase Bowen,26-07-31,Padres,30,384,104.1,Petco Park,1,SDP
Cal Raleigh,26-07-04,Mariners,30,384,109.7,T-Mobile Park,1,SEA
Pavin Smith,26-06-15,Diamondbacks,30,384,103.4,Chase Field,1,ARI
Jose Altuve,26-04-17,Astros,30,384,105.2,Daikin Park,1,HOU
Jacob Wilson,26-04-18,Athletics,30,384,101.3,Sutter Health Park,1,ATH
Liam Hicks,26-03-28,Marlins,30,384,100.3,loanDepot Park,1,MIA
Miguel Vargas,26-07-10,White Sox,30,384,101.3,Rate Field,1,CWS
Jake Cronenworth,26-07-07,Padres,30,384,108,Petco Park,1,SDP
Austin Riley,26-08-07,Braves,30,384,107.5,Yankee Stadium,1,NYY
Nathan Lukes,26-08-22,Blue Jays,30,384,105,Yankee Stadium,1,NYY
Michael Massey,26-08-16,Royals,30,384,101.6,Angel Stadium,1,LAA
Rafael Flores Jr,26-08-13,Pirates,30,384,106.3,loanDepot Park,1,MIA
Angel Martinez,26-09-01,Reds,30,384,97.6,Progressive Field,1,CLE
Masyn Winn,26-06-01,Cardinals,30,384,99.9,Busch Stadium,1,STL
Will Wilson,26-04-25,Mariners,30,384,106.3,Busch Stadium,1,STL
Gabriel Moreno,26-09-16,Diamondbacks,30,384,101.1,Chase Field,1,ARI
Mike Trout,26-06-03,Angels,29,384,101.7,Angel Stadium,0,LAA
Tristan Gray,26-06-01,Twins,29,384,101.4,Target Field,1,MIN
Brent Rooker,26-05-07,Athletics,29,384,100.2,Citizens Bank Park,1,PHI
Patrick Bailey,26-07-09,Giants,29,384,103.1,Target Field,1,MIN
JJ Bleday,26-07-08,Reds,29,384,103.7,Great American Ball Park,1,CIN
Wyatt Langford,26-07-24,Rangers,29,384,97.8,Globe Life Park,1,TEX
Caleb Durbin,26-08-13,Red Sox,29,384,99.7,Rogers Centre,1,TOR
Brett Sullivan,26-08-09,Rockies,29,384,98.1,Busch Stadium,1,STL
Kyle Karros,26-06-27,Rockies,28,384,103.6,Target Field,1,MIN
Jonah Cox,26-08-23,Giants,28,384,99.5,Fenway Park,1,BOS
Coby Mayo,26-07-19,Orioles,28,384,104,Daikin Park,1,HOU
Julio Rodriguez,26-05-29,Mariners,28,384,113.6,T-Mobile Park,1,SEA
Juan Soto,26-05-26,Mets,28,384,103,Citi Field,1,NYM
Hunter Goodman,26-08-01,Rockies,28,384,97.6,Coors Field,1,COL
Ryan Jeffers,26-08-31,Twins,28,384,96.3,Target Field,1,MIN
Ryan O'Hearn,26-07-07,Pirates,28,384,99.6,PNC Park,1,PIT
Richie Palacios,26-09-05,Rays,28,384,100,Globe Life Park,1,TEX
Nick Loftin,26-09-22,Royals,27,384,102.1,Kauffman Stadium,1,KCR
Joey Wiemer,26-03-29,Nationals,27,384,100.2,Wrigley Field,1,CHC
Kyle Tucker,26-06-15,Dodgers,27,384,102.1,Dodger Stadium,1,LAD
Brett Baty,26-07-10,Mets,27,384,105.5,Citi Field,1,NYM
Mookie Betts,26-06-02,Dodgers,27,384,101.4,Dodger Stadium,1,LAD
Ryan O'Hearn,26-06-28,Pirates,27,384,98.8,PNC Park,1,PIT
Joc Pederson,26-06-23,Rangers,26,384,106.7,loanDepot Park,1,MIA
Nathan Church,26-07-03,Cardinals,26,384,101.1,Wrigley Field,1,CHC
Trevor Larnach,26-06-28,Twins,26,384,101.1,Target Field,0,MIN
Jake Bauers,26-08-09,Brewers,25,384,103.8,American Family Field,1,MIL
Matt Mclain,26-04-07,Reds,24,384,101.5,loanDepot Park,0,MIA
Nolan Arenado,26-07-19,Diamondbacks,24,384,102.4,Chase Field,1,ARI
Willy Adames,26-05-23,Giants,24,384,94.7,Oracle Park,1,SFG
Nelson Velazquez,26-08-04,Cardinals,22,384,102.9,Yankee Stadium,0,NYY
Zack Gelof,26-09-04,Athletics,22,384,102.9,T-Mobile Park,0,SEA
Ty France,26-08-14,Padres,21,384,97.3,Progressive Field,0,CLE
Graham Pauley,26-04-01,Marlins,21,384,105.1,loanDepot Park,0,MIA
Jeremiah Jackson,26-04-11,Orioles,21,384,101.6,Camden Yards,1,BAL
Alec Burleson,26-04-17,Cardinals,21,384,103.9,Daikin Park,0,HOU
JJ Bleday,26-05-05,Reds,20,384,99.7,Wrigley Field,1,CHC
Ramon Urias,26-09-01,Cardinals,20,384,103.3,Dodger Stadium,1,LAD
Elias Diaz,26-09-04,Royals,20,384,103.4,Globe Life Park,1,TEX
Eli White,26-09-06,Braves,19,384,103.5,Camden Yards,1,BAL
Lars Nootbaar,26-08-15,Cardinals,19,384,100.1,Truist Park,0,ATL
Francisco Alvarez,26-03-31,Mets,17,384,104.8,Busch Stadium,0,STL
Eric Haase,26-05-12,Giants,17,384,102.4,Dodger Stadium,1,LAD
Vaughn Grissom,26-05-26,Angels,16,384,101.7,Comerica Park,1,DET
Jordan Walker,26-07-08,Cardinals,14,384,104.6,Busch Stadium,0,STL
Jackson Merrill,26-04-05,Padres,14,384,103.6,Fenway Park,1,BOS
Jung Hoo Lee,26-08-25,Giants,13,384,99.8,Oracle Park,0,SFG
Tyler Heineman,26-07-24,Blue Jays,13,384,95.8,Oracle Park,0,SFG
Mauricio Dubon,26-06-17,Braves,13,384,97.2,Truist Park,0,ATL
Dylan Beavers,26-08-22,Orioles,12,384,100.2,Camden Yards,0,BAL
George Lombard Jr,26-09-23,Yankees,11,384,102.5,Yankee Stadium,1,NYY
Chase Meidroth,26-07-24,White Sox,11,384,100.5,Rate Field,0,CWS
Lawrence Butler,26-07-29,Athletics,11,384,98.4,Sutter Health Park,0,ATH
Drake Baldwin,26-05-02,Braves,10,384,101.3,Coors Field,1,COL
Elias Diaz,26-07-29,Royals,10,384,96.7,Tropicana Field,0,TBR
Dane Myers,26-08-30,Reds,10,384,102.2,Wrigley Field,1,CHC
Josue De Paula,26-09-13,Dodgers,10,384,101.9,loanDepot Park,0,MIA
Oneil Cruz,26-05-12,Pirates,9,384,111.1,PNC Park,0,PIT
Dillon Dingler,26-06-21,Tigers,8,384,107.6,Comerica Park,1,DET
Dansby Swanson,26-06-17,Cubs,7,384,102,Wrigley Field,1,CHC
Michael Busch,26-09-11,Cubs,7,384,104.9,Wrigley Field,0,CHC
Taylor Walls,26-07-01,Rays,6,384,95.6,Kauffman Stadium,0,KCR
Miguel Vargas,26-07-10,White Sox,6,384,103.9,Rate Field,0,CWS
Starling Marte,26-06-28,Royals,5,384,99.9,Rate Field,0,CWS
Jose Trevino,26-06-27,Reds,5,384,103.3,PNC Park,0,PIT
Spencer Torkelson,26-05-27,Tigers,5,384,99.5,Comerica Park,0,DET
Mickey Moniak,26-04-17,Rockies,4,384,100.6,Coors Field,0,COL
Bryson Stott,26-04-24,Phillies,4,384,102.5,Truist Park,0,ATL
Patrick Bailey,26-05-17,Giants,4,384,102.9,Progressive Field,0,CLE
Bryce Eldridge,26-05-30,Giants,4,384,102.8,Coors Field,0,COL
Fernando Tatis Jr,26-08-09,Padres,4,384,108.2,Petco Park,0,SDP
Ivan Herrera,26-04-22,Cardinals,4,384,102.2,loanDepot Park,0,MIA
Nick Sogard,26-08-17,Red Sox,4,384,101.1,Fenway Park,0,BOS
Francisco Alvarez,26-08-29,Mets,3,384,98.9,Citi Field,0,NYM
Chase Delauter,26-07-20,Guardians,3,384,101.1,Progressive Field,0,CLE
Spencer Jones,26-08-12,Yankees,3,384,105.9,Yankee Stadium,0,NYY
Samad Taylor,26-09-01,Padres,3,384,96.2,Great American Ball Park,0,CIN
Brandon Lowe,26-08-06,Pirates,3,384,103.3,American Family Field,1,MIL
Bryan Reynolds,26-09-09,Pirates,3,384,100.3,Rate Field,0,CWS
Derek Hill,26-08-10,White Sox,2,384,98.4,Busch Stadium,0,STL
Austin Riley,26-08-30,Braves,2,384,94.8,Truist Park,0,ATL
Wade Meckler,26-09-05,Angels,2,384,98.5,PNC Park,0,PIT
Michael Conforto,26-07-01,Cubs,2,384,106.4,Wrigley Field,1,CHC
Ozzie Albies,26-06-22,Braves,2,384,98.3,Petco Park,0,SDP
Yoan Moncada,26-04-18,Angels,2,384,103.2,Angel Stadium,0,LAA
Miguel Vargas,26-05-05,White Sox,2,384,102.5,Angel Stadium,0,LAA
Ryan Jeffers,26-03-30,Twins,2,384,101.2,Kauffman Stadium,0,KCR
Jared Young,26-05-31,Mets,2,384,104.6,Citi Field,0,NYM
Garrett Mitchell,26-06-06,Brewers,2,384,102.9,Coors Field,0,COL
Curtis Mead,26-06-22,Nationals,2,384,101.1,Nationals Park,0,WSH
Jacob Young,26-06-26,Nationals,2,384,105.2,Camden Yards,0,BAL
Nick Kurtz,26-06-24,Athletics,2,384,105.8,Oracle Park,0,SFG
Ryan Waldschmidt,26-07-28,Diamondbacks,2,384,102.6,PNC Park,0,PIT
Fernando Tatis Jr,26-08-31,Padres,1,384,110.2,Great American Ball Park,0,CIN
Danny Jansen,26-05-30,Rangers,1,384,97.4,Globe Life Park,0,TEX
Jakob Marsee,26-07-27,Marlins,1,384,100,loanDepot Park,0,MIA
Otto Lopez,26-04-11,Marlins,1,384,106.3,Comerica Park,0,DET
Aaron Judge,26-05-18,Yankees,1,384,105.2,Yankee Stadium,0,NYY
Xavier Edwards,26-04-17,Marlins,1,384,101.7,loanDepot Park,0,MIA
Joey Ortiz,26-09-01,Brewers,1,384,98.3,American Family Field,1,CHC
Colson Montgomery,26-06-17,White Sox,25,384,100.1,Yankee Stadium,1,NYY
Munetaka Murakami,26-09-27,White Sox,14,384,104.6,Rate Field,0,CWS
Tim Tawa,26-09-25,Diamondbacks,21,384,97.8,Petco Park,0,SDP
Leody Taveras,26-09-25,Orioles,11,384,104.6,Yankee Stadium,0,NYY
Ronny Mauricio,26-09-26,Mets,29,384,102.5,Nationals Park,1,WSH
Michael Harris,26-09-26,Braves,15,384,103.5,loanDepot Park,0,MIA
Yordan Alvarez,26-09-08,Astros,1,384,105.2,Citizens Bank Park,0,PHI
Ben Rice,26-09-25,Yankees,3,384,101.6,Yankee Stadium,0,NYY
Heriberto Hernandez,26-09-26,Marlins,17,383,101.2,loanDepot Park,0,MIA
Colson Montgomery,26-06-02,White Sox,2,383,100.4,Target Field,0,MIN
Max Muncy (D),26-05-15,Dodgers,29,383,107.3,Angel Stadium,1,LAA
Francisco Lindor,26-08-30,Mets,30,383,104.2,Citi Field,1,NYM
Christian Vazquez,26-08-19,Astros,30,383,101.3,Daikin Park,1,HOU
Alex Bregman,26-08-14,Cubs,30,383,98.4,Nationals Park,1,WSH
Alex Bregman,26-07-19,Cubs,30,383,101.4,Wrigley Field,1,CHC
Freddy Fermin,26-08-01,Padres,30,383,104,Petco Park,1,SDP
Jeremy Pena,26-07-22,Astros,30,383,105.7,Daikin Park,1,HOU
Cam Smith,26-07-24,Astros,30,383,101.2,Rate Field,1,CWS
Eric Wagaman,26-06-25,Mets,30,383,100.9,Citi Field,1,NYM
Josh Naylor,26-06-12,Mariners,30,383,106.6,Nationals Park,1,WSH
Josh Bell,26-04-01,Twins,30,383,104.4,Kauffman Stadium,1,KCR
Mauricio Dubon,26-05-13,Braves,30,383,104.1,Truist Park,1,ATL
Ryan McMahon,26-05-19,Yankees,30,383,104.1,Yankee Stadium,1,NYY
Jose Altuve,26-03-30,Astros,30,383,103.8,Daikin Park,1,HOU
Nolan Schanuel,26-03-26,Angels,30,383,103.6,Daikin Park,1,HOU
J.P. Crawford,26-05-13,Mariners,30,383,103.3,Daikin Park,1,HOU
Mike Trout,26-04-15,Angels,30,383,102.8,Yankee Stadium,1,NYY
Aaron Judge,26-03-28,Yankees,30,383,102.1,Oracle Park,1,SFG
Isaac Paredes,26-04-20,Astros,30,383,99.6,Progressive Field,1,CLE
Kevin McGonigle,26-06-15,Tigers,30,383,102.5,Daikin Park,1,HOU
Brayan Rocchio,26-07-20,Guardians,30,383,102.2,Progressive Field,1,CLE
Jordan Walker,26-04-30,Cardinals,30,383,107,PNC Park,1,PIT
Ivan Herrera,26-04-17,Cardinals,30,383,100.3,Daikin Park,1,HOU
Francisco Lindor,26-08-06,Mets,30,383,97.3,Progressive Field,1,CLE
Christian Koss,26-09-05,Giants,30,383,100.5,Citi Field,1,NYM
Trea Turner,26-07-16,Phillies,30,383,101.2,Citizens Bank Park,1,PHI
Ceddanne Rafaela,26-07-07,Red Sox,30,383,103.7,Rate Field,1,CWS
Ryan Kreidler,26-09-19,Twins,30,383,113.1,Angel Stadium,1,LAA
Spencer Horwitz,26-04-19,Pirates,29,383,104,PNC Park,1,PIT
Brandon Lowe,26-06-11,Pirates,29,383,103.7,PNC Park,1,PIT
Pete Crow-Armstrong,26-06-04,Cubs,29,383,110.1,Wrigley Field,1,CHC
Tyrone Taylor,26-07-27,Mets,29,383,106.8,Citi Field,1,NYM
Xander Bogaerts,26-04-07,Padres,29,383,105.3,PNC Park,1,PIT
Oswald Peraza,26-04-12,Angels,29,383,102.6,Great American Ball Park,1,CIN
Bo Bichette,26-06-12,Mets,29,383,102.6,Citi Field,1,NYM
Rhys Hoskins,26-07-08,Guardians,29,383,105.7,Target Field,1,MIN
Matt Olson,26-09-18,Braves,29,383,102.8,Daikin Park,1,HOU
Christian Encarnacion-Strand,26-09-23,Orioles,28,383,101.4,Camden Yards,1,BAL
Andres Chaparro,26-07-31,Nationals,28,383,99.5,Truist Park,1,ATL
Yainer Diaz,26-08-25,Astros,28,383,100.3,Yankee Stadium,1,NYY
TJ Rumfield,26-06-10,Rockies,27,383,97,Coors Field,1,COL
Drake Baldwin,26-07-05,Braves,27,383,101.3,Truist Park,1,ATL
Gunnar Henderson,26-04-10,Orioles,27,383,103.7,Camden Yards,1,BAL
Brooks Lee,26-04-24,Twins,27,383,101,Tropicana Field,1,TBR
Ian Happ,26-07-30,Cubs,27,383,100.3,Busch Stadium,0,STL
Ben Rice,26-09-23,Yankees,26,383,101.1,Yankee Stadium,1,NYY
Juan Soto,26-09-02,Mets,26,383,111.8,Tropicana Field,1,TBR
Carlos Narvaez,26-04-23,Red Sox,26,383,102.3,Fenway Park,1,BOS
Ronald Acuna Jr,26-08-08,Braves,26,383,109,Truist Park,1,ATL
Corbin Carroll,26-06-04,Diamondbacks,26,383,98.1,Chase Field,1,ARI
Alejandro Kirk,26-08-19,Blue Jays,26,383,95.9,Tropicana Field,1,TBR
Yainer Diaz,26-09-04,Astros,26,383,100.5,Daikin Park,1,HOU
Michael Conforto,26-07-21,Cubs,25,383,103.4,Wrigley Field,1,CHC
Mark Vientos,26-06-20,Mets,25,383,99,Citizens Bank Park,1,PHI
John Rave,26-07-30,Royals,25,383,99.7,Target Field,0,MIN
Matt Mclain,26-08-15,Reds,25,383,103.2,Great American Ball Park,1,CIN
Joey Bart,26-04-14,Pirates,24,383,97.6,PNC Park,1,PIT
Cam Smith,26-08-07,Astros,24,383,104.2,Petco Park,1,SDP
Derek Hill,26-06-05,White Sox,24,383,101.7,Citizens Bank Park,1,PHI
Drake Baldwin,26-08-18,Braves,24,383,105.3,Target Field,1,MIN
Jacob Young,26-06-14,Nationals,23,383,100.8,Nationals Park,0,WSH
Brandon Valenzuela,26-04-10,Blue Jays,23,383,111.4,Rogers Centre,1,TOR
Christian Walker,26-04-04,Astros,23,383,108.2,Sutter Health Park,1,ATH
Endy Rodriguez,26-06-02,Pirates,22,383,101.2,Daikin Park,1,HOU
Jake Cronenworth,26-07-02,Padres,20,383,100.1,Dodger Stadium,1,LAD
Sal Stewart,26-04-15,Reds,19,383,102.7,Great American Ball Park,1,CIN
Kazuma Okamoto,26-08-27,Blue Jays,19,383,100.2,Rogers Centre,0,TOR
Jesus Rodriguez,26-05-31,Giants,15,383,101.7,Coors Field,1,COL
Jackson Merrill,26-07-02,Padres,14,383,99.2,Dodger Stadium,1,LAD
Cal Raleigh,26-04-15,Mariners,14,383,107.6,Petco Park,0,SDP
Kyle Schwarber,26-03-26,Phillies,13,383,99.6,Citizens Bank Park,1,PHI
Santiago Espinal,26-05-13,Dodgers,12,383,100.8,Dodger Stadium,1,LAD
Jakob Marsee,26-07-08,Marlins,12,383,98.2,loanDepot Park,0,MIA
Otto Lopez,26-09-18,Marlins,11,383,100,Petco Park,0,SDP
Kevin McGonigle,26-04-20,Tigers,11,383,100.5,Fenway Park,0,BOS
Josh Smith,26-08-07,Rangers,11,383,103.8,Citizens Bank Park,1,PHI
Hao-Yu Lee,26-07-01,Tigers,10,383,98.9,Globe Life Park,1,TEX
Teoscar Hernandez,26-09-14,Dodgers,10,383,104.2,Great American Ball Park,1,CIN
Tristan Peters,26-07-20,White Sox,8,383,102.9,Globe Life Park,0,TEX
Bryan Reynolds,26-09-03,Pirates,8,383,103,PNC Park,0,PIT
Bo Bichette,26-09-02,Mets,7,383,102.6,Tropicana Field,0,TBR
Brandon Marsh,26-06-07,Phillies,7,383,100.3,Citizens Bank Park,1,PHI
Mookie Betts,26-06-30,Dodgers,7,383,97.5,Sutter Health Park,0,ATH
Daylen Lile,26-05-05,Nationals,6,383,103.4,Nationals Park,0,WSH
Jo Adell,26-08-04,Angels,5,383,104,Camden Yards,0,BAL
Nick Kurtz,26-06-02,Athletics,5,383,110,Wrigley Field,1,CHC
Liam Hicks,26-04-01,Marlins,5,383,100.9,loanDepot Park,0,MIA
Jackson Holliday,26-06-07,Orioles,5,383,100.8,Rogers Centre,0,TOR
Harry Ford,26-09-08,Nationals,4,383,101.2,Petco Park,0,SDP
Francisco Lindor,26-03-29,Mets,4,383,103.2,Citi Field,0,NYM
Josh Naylor,26-03-29,Mariners,4,383,99.3,T-Mobile Park,0,SEA
Ernie Clement,26-05-13,Blue Jays,4,383,98.7,Rogers Centre,0,TOR
Nolan Arenado,26-05-13,Diamondbacks,3,383,98.5,Globe Life Park,0,TEX
Kyle Stowers,26-06-01,Marlins,2,383,100.4,Nationals Park,0,WSH
Jose Ramirez,26-04-10,Guardians,2,383,100.5,Truist Park,0,ATL
Garrett Mitchell,26-04-25,Brewers,2,383,100,American Family Field,0,MIL
Josh Bell,26-08-02,Twins,2,383,97.4,T-Mobile Park,0,SEA
Jarren Duran,26-09-07,Red Sox,2,383,102,Fenway Park,0,BOS
Spencer Steer,26-04-11,Reds,1,383,102.3,Great American Ball Park,1,CIN
TJ Rumfield,26-06-17,Rockies,1,383,97.9,Wrigley Field,0,CHC
Trea Turner,26-06-24,Phillies,1,383,96.3,Nationals Park,0,WSH
Victor Mesa Jr,26-06-27,Rays,1,383,108.4,Tropicana Field,0,TBR
Colton Cowser,26-08-10,Orioles,1,383,98.2,Target Field,0,MIN
Mauricio Dubon,26-04-12,Braves,1,383,97.6,Truist Park,0,ATL
Colt Keith,26-06-09,Tigers,1,383,97.5,Comerica Park,0,DET
James Outman,26-07-20,Tigers,1,383,99.9,Wrigley Field,0,CHC
Otto Lopez,26-08-26,Marlins,1,383,102.2,loanDepot Park,0,MIA
Carter Jensen,26-07-17,Royals,1,383,100.3,Kauffman Stadium,0,KCR
Max Muncy (A),26-08-16,Athletics,3,383,104.7,Sutter Health Park,0,ATH
Luis Garcia Jr.,26-06-09,Nationals,29,382,106.4,Oracle Park,1,SFG
Munetaka Murakami,26-04-27,White Sox,28,382,95.8,Rate Field,1,CWS
Randy Arozarena,26-09-01,Mariners,30,382,102.6,Fenway Park,1,BOS
Richie Palacios,26-04-05,Rays,30,382,100.1,Target Field,1,MIN
Joshua Baez,26-08-15,Cardinals,30,382,97.6,Wrigley Field,1,CHC
Corey Seager,26-04-23,Rangers,30,382,104.7,Globe Life Park,1,TEX
Trea Turner,26-05-27,Phillies,30,382,102.5,Petco Park,1,SDP
Jeremy Pena,26-08-27,Astros,30,382,104.3,Yankee Stadium,1,NYY
Nolan Arenado,26-08-10,Diamondbacks,30,382,103.4,Chase Field,1,ARI
Derek Hill,26-06-24,White Sox,30,382,99.5,Nationals Park,1,WSH
Jasson Dominguez,26-06-24,Yankees,30,382,101.2,Comerica Park,1,DET
Mauricio Dubon,26-06-23,Braves,30,382,99,Petco Park,1,SDP
Dillon Dingler,26-06-09,Tigers,30,382,99.9,Comerica Park,1,DET
Byron Buxton,26-05-13,Twins,30,382,108.2,Target Field,1,MIN
Nick Castellanos,26-05-22,Padres,30,382,107.2,Petco Park,1,SDP
Aaron Judge,26-04-15,Yankees,30,382,105.7,Yankee Stadium,1,NYY
Ozzie Albies,26-04-03,Braves,30,382,105.6,Chase Field,1,ARI
Kyle Manzardo,26-05-17,Guardians,30,382,104.8,Progressive Field,1,CLE
Brandon Valenzuela,26-05-09,Blue Jays,30,382,104.4,Rogers Centre,1,TOR
Brooks Lee,26-04-10,Twins,30,382,104.1,Rogers Centre,1,TOR
Rhys Hoskins,26-05-15,Guardians,30,382,103.5,Progressive Field,1,CLE
Isaac Paredes,26-05-19,Astros,30,382,102.5,Target Field,1,MIN
Gage Workman,26-05-10,Tigers,30,382,101.4,Kauffman Stadium,1,KCR
Rhys Hoskins,26-06-03,Guardians,30,382,105.1,Yankee Stadium,1,NYY
Fernando Tatis Jr,26-08-11,Padres,30,382,102.5,Petco Park,1,SDP
Jung Hoo Lee,26-08-11,Giants,30,382,105.6,Oracle Park,1,SFG
Ian Happ,26-04-05,Cubs,30,382,107.5,Progressive Field,1,CLE
Spencer Torkelson,26-09-02,Tigers,30,382,106.5,Target Field,1,MIN
Nico Hoerner,26-07-27,Cubs,30,382,97.3,Busch Stadium,1,STL
Cole Young,26-06-23,Mariners,29,382,100.9,PNC Park,1,PIT
Shohei Ohtani,26-06-10,Dodgers,29,382,101.7,PNC Park,0,PIT
Juan Soto,26-06-12,Mets,29,382,109.1,Citi Field,1,NYM
Brooks Lee,26-06-12,Twins,29,382,100.2,Target Field,1,MIN
Colton Cowser,26-08-23,Orioles,29,382,99.7,Camden Yards,1,BAL
Andres Chaparro,26-08-26,Nationals,29,382,106.5,Nationals Park,1,WSH
Cody Bellinger,26-09-22,Yankees,28,382,102.8,Yankee Stadium,1,NYY
Dansby Swanson,26-09-19,Cubs,28,382,100.3,Great American Ball Park,1,CIN
Jake Burger,26-04-13,Rangers,28,382,104.2,Sutter Health Park,1,ATH
Kyle Stowers,26-05-21,Marlins,28,382,102.7,loanDepot Park,1,MIA
Keibert Ruiz,26-05-29,Nationals,28,382,95.3,Nationals Park,1,WSH
Andy Pages,26-08-16,Dodgers,28,382,100.6,Dodger Stadium,1,LAD
Cam Cauley,26-07-22,Rangers,28,382,96.4,Globe Life Park,1,TEX
Ceddanne Rafaela,26-07-17,Red Sox,28,382,101.9,Fenway Park,0,BOS
Corbin Carroll,26-09-11,Diamondbacks,26,382,104,Chase Field,1,ARI
Josh Jung,26-06-07,Rangers,26,382,100.4,Globe Life Park,1,TEX
Ben Rice,26-07-07,Yankees,26,382,103.2,Tropicana Field,1,TBR
Jose Siri,26-09-09,Angels,25,382,101.5,Fenway Park,1,BOS
Chase Meidroth,26-07-26,White Sox,25,382,98.8,Rate Field,1,CWS
Nolan Arenado,26-04-17,Diamondbacks,25,382,107.5,Chase Field,1,ARI
Dillon Dingler,26-05-24,Tigers,25,382,104,Camden Yards,1,BAL
Dustin Harris,26-09-11,White Sox,25,382,102,Oracle Park,0,SFG
Cal Raleigh,26-04-20,Mariners,24,382,106,T-Mobile Park,1,SEA
Miguel Vargas,26-09-04,White Sox,24,382,101,Rate Field,1,CWS
Marcus Semien,26-05-31,Mets,23,382,100.8,Citi Field,1,NYM
Ryan McMahon,26-05-02,Yankees,23,382,105.2,Yankee Stadium,0,NYY
Pete Alonso,26-05-07,Orioles,23,382,103.5,loanDepot Park,0,MIA
Thomas Saggase,26-09-01,Cardinals,23,382,102.3,Dodger Stadium,1,LAD
Ceddanne Rafaela,26-07-27,Red Sox,23,382,98.4,Sutter Health Park,1,ATH
Isaac Collins,26-05-05,Royals,22,382,104.9,Kauffman Stadium,1,KCR
Liam Hicks,26-06-12,Marlins,22,382,101.1,PNC Park,0,PIT
Dillon Dingler,26-07-20,Tigers,22,382,97.4,Wrigley Field,1,CHC
Brice Turang,26-09-11,Brewers,22,382,107.3,American Family Field,1,MIL
Mookie Betts,26-09-09,Dodgers,21,382,101.9,Dodger Stadium,1,LAD
Luis Campusano,26-08-14,Padres,21,382,105.4,Progressive Field,0,SDP
AJ Ewing,26-06-28,Mets,21,382,104.1,Citi Field,1,NYM
Gavin Sheets,26-05-16,Padres,21,382,97.2,T-Mobile Park,1,SEA
Jose Altuve,26-06-19,Astros,21,382,103.7,Daikin Park,0,HOU
Travis Bazzana,26-06-20,Guardians,21,382,104.7,Daikin Park,1,HOU
Corey Seager,26-08-20,Rangers,21,382,103.4,Globe Life Park,1,TEX
Sal Stewart,26-06-30,Reds,20,382,107.3,American Family Field,1,MIL
Spencer Torkelson,26-04-23,Tigers,20,382,109.8,Comerica Park,1,DET
Willi Castro,26-07-17,Rockies,17,382,99.2,Coors Field,1,COL
Cody Bellinger,26-04-28,Yankees,17,382,97.5,Globe Life Park,0,TEX
Taylor Trammell,26-06-04,Astros,17,382,106,Daikin Park,0,HOU
Daulton Varsho,26-04-11,Blue Jays,16,382,104.2,Rogers Centre,1,TOR
Coby Mayo,26-08-10,Orioles,15,382,106.2,Target Field,0,MIN
Matt Olson,26-08-06,Braves,15,382,106.2,Truist Park,0,ATL
Nolan Schanuel,26-06-23,Angels,12,382,98,Angel Stadium,1,LAA
Kyle Schwarber,26-08-10,Phillies,11,382,110.1,Busch Stadium,0,STL
Brandon Lowe,26-04-17,Pirates,11,382,107.5,PNC Park,0,PIT
Moises Ballesteros,26-08-20,Cubs,11,382,107.4,Daikin Park,0,HOU
Andres Gimenez,26-08-25,Blue Jays,11,382,100.1,Rogers Centre,0,TOR
Spencer Torkelson,26-08-06,Tigers,10,382,104.5,T-Mobile Park,0,SEA
Isaac Paredes,26-06-17,Astros,10,382,96,Daikin Park,0,HOU
Cam Smith,26-05-22,Astros,10,382,106.1,Wrigley Field,0,CHC
Zac Veen,26-09-01,Rockies,10,382,102.9,Coors Field,0,COL
Ozzie Albies,26-07-01,Braves,9,382,102.8,Truist Park,0,ATL
Shohei Ohtani,26-04-26,Dodgers,9,382,109.8,Dodger Stadium,1,LAD
Salvador Perez,26-06-18,Royals,7,382,102.3,Kauffman Stadium,0,KCR
Carlos Cortes,26-05-31,Athletics,7,382,104.4,Sutter Health Park,0,ATH
Zach Neto,26-04-18,Angels,7,382,104.1,Angel Stadium,0,LAA
Dominic Canzone,26-09-12,Mariners,7,382,99.2,Sutter Health Park,1,ATH
Eugenio Suarez,26-09-11,Reds,6,382,106.9,American Family Field,0,MIL
Corbin Carroll,26-06-19,Diamondbacks,6,382,103.4,Chase Field,0,ARI
Jackson Merrill,26-08-10,Padres,5,382,99.5,Petco Park,0,SDP
Jose Altuve,26-05-09,Astros,5,382,105.4,Great American Ball Park,0,CIN
Daylen Lile,26-09-13,Nationals,5,382,105,Nationals Park,0,WSH
Yandy Diaz,26-04-04,Rays,4,382,107.9,Target Field,0,MIN
Tyler Stephenson,26-04-03,Reds,4,382,100.2,Globe Life Park,1,TEX
Ryan Jeffers,26-08-18,Twins,4,382,101.6,Target Field,0,MIN
Jackson Merrill,26-05-17,Padres,4,382,99.2,T-Mobile Park,0,SEA
Christian Moore,26-08-24,Angels,3,382,100.5,Angel Stadium,0,LAA
Tyler Soderstrom,26-05-14,Athletics,3,382,105.1,Sutter Health Park,0,ATH
Ernie Clement,26-05-08,Blue Jays,3,382,98.3,Rogers Centre,0,TOR
Christian Encarnacion-Strand,26-08-06,Orioles,3,382,102.2,Camden Yards,0,BAL
Alec Burleson,26-08-30,Cardinals,2,382,97.2,Busch Stadium,0,STL
Owen Caissie,26-06-28,Marlins,2,382,106,Busch Stadium,0,STL
Kyle Schwarber,26-09-13,Phillies,2,382,100.8,Truist Park,0,ATL
Bobby Witt,26-04-19,Royals,2,382,113.8,Yankee Stadium,0,NYY
Tyler Stephenson,26-04-29,Reds,2,382,101,Great American Ball Park,0,CIN
Corbin Carroll,26-08-23,Diamondbacks,2,382,107.1,Chase Field,0,ARI
Sam Antonacci,26-07-24,White Sox,2,382,100.9,Rate Field,0,CWS
Jeremy Pena,26-07-12,Astros,2,382,103.7,Globe Life Park,0,TEX
Matt Chapman,26-06-05,Giants,2,382,96.9,Wrigley Field,1,CHC
Matt Shaw,26-04-28,Cubs,2,382,99.5,Petco Park,0,SDP
Charles McAdoo,26-08-23,Blue Jays,2,382,99.7,Yankee Stadium,0,NYY
Sal Stewart,26-08-28,Reds,2,382,101.9,Wrigley Field,1,CHC
Bryan Reynolds,26-08-16,Pirates,2,382,102.9,PNC Park,0,PIT
Brett Callahan,26-09-20,Tigers,1,382,104.4,Rate Field,0,CWS
Cole Young,26-09-01,Mariners,1,382,100.5,Fenway Park,0,BOS
Justin Foscue,26-05-25,Rangers,1,382,97.3,Globe Life Park,0,TEX
Willson Contreras,26-05-24,Red Sox,1,382,105.6,Fenway Park,1,BOS
Trea Turner,26-06-17,Phillies,1,382,99.3,Citizens Bank Park,0,PHI
Gunnar Henderson,26-05-31,Orioles,1,382,102.8,Camden Yards,0,BAL
Pete Alonso,26-08-07,Orioles,1,382,103.8,Globe Life Park,0,TEX
Spencer Jones,26-06-09,Yankees,1,382,104.8,Progressive Field,0,CLE
Munetaka Murakami,26-08-09,White Sox,2,382,113.4,Rate Field,0,CWS
Munetaka Murakami,26-09-26,White Sox,11,382,101.9,Rate Field,0,CWS
Jonny DeLuca,26-09-27,Rays,22,382,102.4,Citizens Bank Park,1,PHI
James Wood,26-04-04,Nationals,9,381,106,Nationals Park,0,WSH
Jakob Marsee,26-09-25,Marlins,15,381,98.7,loanDepot Park,0,MIA
Elly De La Cruz,26-08-06,Reds,24,381,104.2,Great American Ball Park,1,CIN
Colson Montgomery,26-05-15,White Sox,28,381,104,Rate Field,1,CWS
Hunter Goodman,26-09-25,Rockies,30,381,106.4,Rate Field,1,CWS
Yordan Alvarez,26-06-20,Astros,17,381,101.7,Daikin Park,0,HOU
Sal Stewart,26-04-08,Reds,30,381,105.5,loanDepot Park,1,MIA
Jarren Duran,26-05-04,Red Sox,30,381,98.9,Comerica Park,1,DET
Bryce Eldridge,26-08-28,Giants,30,381,107.8,Oracle Park,1,SFG
Luis Robert Jr,26-07-24,Mets,30,381,101.8,Citi Field,1,NYM
Luke Raley,26-04-18,Mariners,30,381,112.7,T-Mobile Park,1,SEA
Josh Bell,26-05-18,Twins,30,381,104,Target Field,1,MIN
Nathaniel Lowe,26-07-11,Reds,30,381,105.4,Great American Ball Park,1,CIN
Pedro Pages,26-04-27,Cardinals,30,381,101.7,PNC Park,1,PIT
Angel Martinez,26-08-29,Reds,30,381,100,Progressive Field,1,CLE
Matt Mclain,26-06-06,Reds,30,381,103.5,Busch Stadium,1,STL
Nolan Arenado,26-09-20,Diamondbacks,30,381,100.3,Chase Field,1,ARI
Luke Keaschall,26-09-23,Twins,30,381,102.6,Oracle Park,1,SFG
Nick Gonzales,26-09-23,Pirates,29,381,103.4,PNC Park,0,PIT
Esmerlyn Valdez,26-06-27,Pirates,29,381,104.1,PNC Park,1,PIT
Miguel Vargas,26-08-16,White Sox,29,381,98,Comerica Park,1,DET
Ian Happ,26-06-27,Cubs,29,381,106.4,American Family Field,1,MIL
Dominic Canzone,26-05-12,Mariners,29,381,105.5,Daikin Park,1,HOU
Ernie Clement,26-05-18,Blue Jays,29,381,99.4,Yankee Stadium,1,NYY
Ben Rice,26-06-14,Yankees,29,381,101.2,Rogers Centre,1,TOR
Jakob Marsee,26-07-03,Marlins,29,381,106.2,Sutter Health Park,1,ATH
JJ Bleday,26-07-28,Reds,29,381,106.1,Great American Ball Park,1,CIN
Denzer Guzman,26-09-09,Angels,28,381,103.7,Fenway Park,1,BOS
Tim Tawa,26-07-17,Diamondbacks,28,381,98.6,Chase Field,1,ARI
Yainer Diaz,26-09-16,Astros,27,381,104.9,Daikin Park,1,HOU
Xander Bogaerts,26-04-15,Padres,27,381,104,Petco Park,1,SDP
Andrew Benintendi,26-08-29,White Sox,27,381,97.3,Target Field,1,MIN
Salvador Perez,26-05-12,Royals,26,381,106.1,Rate Field,1,CWS
Wyatt Langford,26-06-07,Rangers,26,381,111.3,Globe Life Park,1,TEX
Kyle Higashioka,26-06-14,Rangers,26,381,100.2,Fenway Park,1,BOS
Jake McCarthy,26-06-26,Rockies,26,381,102.4,Target Field,1,MIN
Vaughn Grissom,26-07-24,Angels,26,381,103.4,Oracle Park,1,SFG
Kyle Schwarber,26-04-11,Phillies,25,381,110.7,Citizens Bank Park,1,PHI
Nico Hoerner,26-08-04,Cubs,25,381,99.2,Wrigley Field,1,CHC
Esteury Ruiz,26-04-29,Marlins,24,381,101.8,Dodger Stadium,1,LAD
Austin Hedges,26-05-02,Guardians,24,381,96.8,Sutter Health Park,1,ATH
Jordan Walker,26-08-19,Cardinals,24,381,99.4,Great American Ball Park,1,CIN
Richie Palacios,26-09-08,Rays,24,381,104.6,Truist Park,1,ATL
Otto Lopez,26-09-06,Marlins,21,381,98.4,loanDepot Park,0,MIA
Nick Loftin,26-06-03,Royals,21,381,102,Great American Ball Park,1,CIN
Matt Olson,26-04-12,Braves,21,381,100.7,Truist Park,0,ATL
William Contreras,26-09-12,Brewers,21,381,101,American Family Field,1,MIL
Ian Happ,26-08-08,Cubs,20,381,98.2,Kauffman Stadium,1,KCR
Mike Trout,26-04-26,Angels,20,381,100,Kauffman Stadium,1,KCR
Samuel Basallo,26-05-29,Orioles,20,381,101.8,Camden Yards,1,BAL
Shohei Ohtani,26-07-10,Dodgers,20,381,104.6,Dodger Stadium,1,LAD
Cody Bellinger,26-04-03,Yankees,19,381,105.2,Yankee Stadium,0,NYY
Bryce Harper,26-05-03,Phillies,18,381,103.2,loanDepot Park,0,MIA
Amed Rosario,26-05-26,Yankees,18,381,99.3,Kauffman Stadium,1,KCR
Christian Yelich,26-05-25,Brewers,16,381,101.8,American Family Field,1,MIL
Brendan Donovan,26-04-13,Mariners,14,381,97,T-Mobile Park,0,SEA
Esmerlyn Valdez,26-08-16,Pirates,14,381,100.5,PNC Park,0,PIT
Kody Clemens,26-08-19,Twins,13,381,104.5,Target Field,0,MIN
Connor Norby,26-08-25,Marlins,13,381,99.8,Nationals Park,0,WSH
Chase Delauter,26-04-08,Guardians,12,381,100.7,Progressive Field,0,CLE
Nasim Nunez,26-06-16,Nationals,12,381,96.9,Nationals Park,0,WSH
Christian Yelich,26-07-31,Brewers,12,381,101.3,Angel Stadium,0,LAA
Juan Soto,26-04-28,Mets,11,381,104.8,Citi Field,1,NYM
Samuel Basallo,26-09-05,Orioles,11,381,107,Camden Yards,0,BAL
Miguel Vargas,26-06-01,White Sox,10,381,101.3,Target Field,0,MIN
Javier Baez,26-04-09,Tigers,10,381,102.3,Target Field,0,MIN
Tyrone Taylor,26-04-26,Mets,9,381,98.2,Citi Field,1,NYM
Jordan Walker,26-05-14,Cardinals,9,381,105.4,Sutter Health Park,1,ATH
Kevin McGonigle,26-09-18,Tigers,8,381,103.8,Rate Field,0,CWS
Jose Ramirez,26-04-13,Guardians,8,381,97.3,Busch Stadium,0,STL
Otto Lopez,26-08-24,Marlins,7,381,104.3,loanDepot Park,0,MIA
Luis Urias,26-06-29,Blue Jays,7,381,105.1,Rogers Centre,0,TOR
Nick Allen,26-06-03,Astros,7,381,99.4,Daikin Park,0,HOU
Michael Massey,26-09-02,Royals,6,381,95.2,Kauffman Stadium,0,KCR
Gabriel Moreno,26-07-23,Diamondbacks,5,381,107.2,Busch Stadium,0,STL
Joey Ortiz,26-05-03,Brewers,5,381,102.6,Nationals Park,0,WSH
Christian Yelich,26-07-31,Brewers,5,381,101.7,Angel Stadium,0,LAA
Josh Jung,26-04-25,Rangers,4,381,100.6,Globe Life Park,1,TEX
Riley Greene,26-05-06,Tigers,4,381,109.3,Comerica Park,0,DET
Josh Bell,26-04-30,Twins,4,381,103.4,Target Field,0,MIN
Sal Stewart,26-06-06,Reds,3,381,104.1,Busch Stadium,0,STL
Blaze Jordan,26-07-24,Cardinals,3,381,104.6,Busch Stadium,0,STL
Samuel Basallo,26-05-05,Orioles,3,381,111.3,loanDepot Park,0,MIA
Royce Lewis,26-04-28,Twins,3,381,97.8,Target Field,0,MIN
Pedro Ramirez,26-09-07,Cubs,3,381,99.6,American Family Field,0,MIL
Kyle Schwarber,26-04-19,Phillies,2,381,107.1,Citizens Bank Park,1,PHI
Spencer Steer,26-05-16,Reds,2,381,101.3,Progressive Field,0,CLE
Kyle Karros,26-06-27,Rockies,2,381,96.4,Target Field,0,MIN
Michael Busch,26-08-03,Cubs,2,381,101.5,Wrigley Field,1,CHC
Petey Halpin,26-07-28,Guardians,2,381,100.6,Great American Ball Park,0,CIN
Cole Young,26-07-26,Mariners,2,381,102.1,Globe Life Park,0,TEX
Gabriel Rincones Jr,26-07-08,Phillies,2,381,112.7,Great American Ball Park,0,CIN
Travis d'Arnaud,26-09-18,Angels,1,381,97.1,Angel Stadium,0,LAA
LuJames Groover,26-06-23,Diamondbacks,1,381,101.9,Busch Stadium,0,STL
Ke'Bryan Hayes,26-04-08,Reds,1,381,100.8,loanDepot Park,0,MIA
Edouard Julien,26-06-09,Rockies,1,381,106.6,Coors Field,0,COL
Steven Kwan,26-04-06,Guardians,1,381,100.8,Progressive Field,1,CLE
Mauricio Dubon,26-04-10,Braves,1,381,100.5,Truist Park,0,ATL
Alejandro Kirk,26-08-19,Blue Jays,1,381,100,Tropicana Field,0,TBR
Luis Garcia Jr.,26-07-27,Nationals,26,381,103.5,Nationals Park,0,WSH
Matt Olson,26-09-27,Braves,1,381,98,loanDepot Park,0,MIA
Munetaka Murakami,26-09-09,White Sox,30,381,110,Rate Field,1,CWS
Colson Montgomery,26-04-11,White Sox,4,380,97.8,Kauffman Stadium,0,KCR
Yordan Alvarez,26-04-20,Astros,1,380,103,Progressive Field,0,CLE
Luis Garcia Jr.,26-04-07,Nationals,2,380,103.2,Nationals Park,0,WSH
Eugenio Suarez,26-09-25,Reds,30,380,105.3,Rogers Centre,1,TOR
Munetaka Murakami,26-05-08,White Sox,29,380,106.2,Rate Field,1,CWS
Munetaka Murakami,26-05-26,White Sox,30,380,108.4,Rate Field,1,CWS
Lucas Spence,26-09-26,Astros,29,380,101.1,Sutter Health Park,1,ATH
Patrick Bailey,26-09-26,Giants,26,380,100.3,Kauffman Stadium,1,KCR
Colson Montgomery,26-06-06,White Sox,29,380,97.2,Citizens Bank Park,1,PHI
Kyle Karros,26-09-24,Rockies,1,380,94.2,Coors Field,0,COL
Max Muncy (D),26-09-09,Dodgers,29,380,98.9,Dodger Stadium,1,LAD
Max Muncy (D),26-06-09,Dodgers,22,380,105.2,PNC Park,0,PIT
Spencer Torkelson,26-09-21,Tigers,30,380,97.1,Comerica Park,1,DET
Sal Stewart,26-09-17,Reds,30,380,104.3,Great American Ball Park,1,CIN
Francisco Alvarez,26-09-04,Mets,30,380,107.4,Citi Field,1,NYM
Heriberto Hernandez,26-07-10,Marlins,30,380,99.6,loanDepot Park,1,MIA
Andres Chaparro,26-08-15,Nationals,30,380,101.8,Citi Field,1,NYM
Taylor Ward,26-06-07,Orioles,30,380,103.9,Rogers Centre,1,TOR
Andy Pages,26-05-24,Dodgers,30,380,105.5,American Family Field,1,MIL
Brooks Lee,26-06-05,Twins,30,380,104.7,Target Field,1,MIN
Brayan Rocchio,26-07-02,Guardians,30,380,98.4,Progressive Field,1,CLE
Tristan Peters,26-08-25,White Sox,30,380,103.4,Rate Field,1,CWS
Brandon Lowe,26-08-08,Pirates,30,380,98.9,American Family Field,1,MIL
Joc Pederson,26-08-30,Rangers,30,380,100.8,American Family Field,1,MIL
JJ Wetherholt,26-05-12,Cardinals,29,380,98.3,Sutter Health Park,1,ATH
Kody Clemens,26-08-28,Twins,29,380,101.7,Target Field,1,MIN
Jose Ramirez,26-08-30,Guardians,29,380,99.3,Progressive Field,1,CLE
Ozzie Albies,26-07-25,Braves,29,380,101.3,Camden Yards,1,BAL
Kody Clemens,26-06-26,Twins,29,380,102.5,Target Field,1,MIN
Connor Norby,26-04-13,Marlins,29,380,104.9,Truist Park,1,ATL
Kyle Stowers,26-05-09,Marlins,29,380,103.1,loanDepot Park,1,MIA
Mike Yastrzemski,26-05-12,Braves,29,380,102.8,Truist Park,1,ATL
Pete Crow-Armstrong,26-05-16,Cubs,29,380,100.4,Rate Field,1,CWS
David Fry,26-07-01,Guardians,29,380,98.7,Progressive Field,1,CLE
Luis Arraez,26-06-17,Giants,29,380,98.6,Truist Park,1,ATL
Jorge Polanco,26-08-05,Mets,29,380,104.9,Progressive Field,1,CLE
Rafael Devers,26-08-16,Giants,29,380,105.5,Oracle Park,1,SFG
Nathan Lukes,26-08-20,Blue Jays,29,380,97.4,Tropicana Field,1,TBR
Esmerlyn Valdez,26-07-11,Pirates,29,380,103.7,PNC Park,1,PIT
Brooks Lee,26-08-28,Twins,28,380,103.4,Target Field,1,MIN
Oswald Peraza,26-05-30,Angels,28,380,100.6,Tropicana Field,1,TBR
Jacob Young,26-03-26,Nationals,28,380,101.9,Wrigley Field,1,CHC
Sal Frelick,26-07-11,Brewers,28,380,98,PNC Park,1,PIT
Spencer Jones,26-07-29,Yankees,28,380,104.6,Rate Field,1,CWS
JJ Wetherholt,26-06-14,Cardinals,28,380,101.5,Target Field,1,MIN
Jonathan India,26-04-06,Royals,27,380,101.8,Progressive Field,1,CLE
Ben Rice,26-05-01,Yankees,27,380,106.6,Yankee Stadium,1,NYY
Mauricio Dubon,26-06-04,Braves,27,380,103.2,Truist Park,1,ATL
Jackson Chourio,26-08-27,Brewers,27,380,102.8,Citi Field,1,NYM
Michael Harris,26-07-10,Braves,27,380,105.5,Busch Stadium,0,STL
Drake Baldwin,26-07-30,Braves,26,380,102.9,Truist Park,0,ATL
Ozzie Albies,26-07-01,Braves,26,380,97.7,Truist Park,1,ATL
Miguel Vargas,26-04-16,White Sox,26,380,103.9,Rate Field,1,CWS
Dansby Swanson,26-04-05,Cubs,26,380,100.6,Progressive Field,1,CLE
Spencer Torkelson,26-05-19,Tigers,25,380,95.8,Comerica Park,1,DET
Paul Goldschmidt,26-05-29,Yankees,25,380,99.5,Sutter Health Park,1,ATH
Dansby Swanson,26-06-23,Cubs,24,380,104.4,Citi Field,1,NYM
Mookie Betts,26-06-11,Dodgers,24,380,96.7,PNC Park,0,PIT
Ramon Laureano,26-04-12,Padres,24,380,107.3,Petco Park,1,SDP
Carlos Cortes,26-05-24,Athletics,24,380,99.5,Petco Park,1,SDP
Mickey Moniak,26-08-04,Rockies,24,380,96.5,Coors Field,1,COL
Ben Williamson,26-08-02,Rays,24,380,101.1,Tropicana Field,1,TBR
Nick Kurtz,26-06-15,Athletics,23,380,106,Sutter Health Park,1,ATH
Junior Caminero,26-05-18,Rays,21,380,105.8,Tropicana Field,1,TBR
Willy Adames,26-05-31,Giants,21,380,108.8,Coors Field,1,COL
Tyrone Taylor,26-07-09,Mets,20,380,100.8,Citi Field,1,NYM
Vaughn Grissom,26-05-05,Angels,20,380,101.1,Angel Stadium,0,LAA
Brady House,26-08-15,Nationals,19,380,104.1,Citi Field,1,NYM
Mookie Betts,26-04-03,Dodgers,19,380,99.4,Nationals Park,1,WSH
Willy Adames,26-07-20,Giants,18,380,98.7,Kauffman Stadium,1,KCR
Pete Alonso,26-04-28,Orioles,18,380,104,Camden Yards,1,BAL
Cam Smith,26-06-27,Astros,17,380,108.7,Comerica Park,1,DET
Harrison Bader,26-05-16,Giants,14,380,99.1,Sutter Health Park,0,ATH
Drake Baldwin,26-08-09,Braves,14,380,100.9,Yankee Stadium,0,NYY
Bryson Stott,26-05-25,Phillies,13,380,104.9,Petco Park,0,SDP
Connor Norby,26-05-02,Marlins,12,380,101.2,loanDepot Park,0,MIA
Josh Lowe,26-06-29,Angels,12,380,102.7,T-Mobile Park,0,SEA
Owen Caissie,26-09-09,Marlins,12,380,102.7,loanDepot Park,0,MIA
Bryce Harper,26-05-01,Phillies,11,380,108.3,loanDepot Park,0,MIA
Ezequiel Tovar,26-06-23,Rockies,11,380,95.3,Coors Field,1,COL
Jacob Young,26-05-24,Nationals,11,380,100.9,Truist Park,0,ATL
Trent Grisham,26-04-05,Yankees,11,380,100.1,Yankee Stadium,0,NYY
Yandy Diaz,26-05-18,Rays,10,380,98,Tropicana Field,0,TBR
Carson Benge,26-04-23,Mets,9,380,95,Citi Field,0,NYM
Kevin McGonigle,26-09-15,Tigers,8,380,100.9,Rogers Centre,0,TOR
JJ Bleday,26-06-01,Reds,8,380,98.3,Great American Ball Park,1,CIN
Daulton Varsho,26-07-28,Blue Jays,8,380,109.1,Nationals Park,0,WSH
Miguel Rojas,26-06-15,Dodgers,8,380,99.2,Dodger Stadium,1,LAD
Ezequiel Duran,26-08-13,Rangers,8,380,103.8,Angel Stadium,0,LAA
Jonathan Aranda,26-08-24,Rays,8,380,99.1,Comerica Park,1,DET
Jase Bowen,26-07-07,Padres,7,380,105.5,Petco Park,0,SDP
Mauricio Dubon,26-05-19,Braves,7,380,105.9,loanDepot Park,0,MIA
Connor Wong,26-06-24,Red Sox,6,380,102.7,Coors Field,1,COL
Dillon Dingler,26-04-16,Tigers,6,380,101.6,Comerica Park,0,DET
Carlos Correa,26-04-17,Astros,5,380,112.8,Daikin Park,0,HOU
Kyle Manzardo,26-05-11,Guardians,5,380,102.8,Progressive Field,0,CLE
Kazuma Okamoto,26-05-01,Blue Jays,5,380,99.3,Target Field,0,MIN
Jose Altuve,26-04-24,Astros,5,380,98.5,Daikin Park,0,HOU
Joey Bart,26-05-07,Pirates,4,380,109.5,Chase Field,1,ARI
Cam Smith,26-08-12,Astros,4,380,104.4,Oracle Park,0,SFG
Myles Straw,26-08-04,Blue Jays,4,380,97.6,Daikin Park,0,HOU
Ernie Clement,26-05-05,Blue Jays,4,380,99.6,Tropicana Field,0,TBR
Carson Kelly,26-04-12,Cubs,4,380,103.3,Wrigley Field,0,CHC
Jordan Walker,26-07-19,Cardinals,3,380,104,Chase Field,0,ARI
Austin Riley,26-05-26,Braves,3,380,103.8,Fenway Park,0,BOS
Andruw Monasterio,26-07-11,Red Sox,3,380,100.5,Citi Field,0,NYM
Caleb Durbin,26-05-22,Red Sox,2,380,100,Fenway Park,0,BOS
Jac Caglianone,26-06-12,Royals,2,380,102.1,Kauffman Stadium,0,KCR
JJ Bleday,26-06-08,Reds,2,380,106.6,Petco Park,0,SDP
Justin Crawford,26-06-20,Phillies,2,380,97.5,Citizens Bank Park,0,PHI
Victor Bericoto,26-07-06,Giants,2,380,100.4,Oracle Park,0,SFG
Myles Straw,26-06-23,Blue Jays,2,380,97.4,Rogers Centre,0,TOR
Patrick Wisdom,26-06-09,Mariners,2,380,105,Camden Yards,0,BAL
Kevin McGonigle,26-05-02,Tigers,2,380,100.1,Comerica Park,0,DET
David Hamilton,26-06-04,Brewers,2,380,95.1,American Family Field,1,MIL
David Fry,26-06-18,Guardians,2,380,100.2,American Family Field,1,MIL
Max Schuemann,26-05-11,Yankees,2,380,95.3,Camden Yards,0,BAL
Bryan Reynolds,26-08-07,Pirates,2,380,108.4,PNC Park,0,PIT
Bobby Witt,26-09-02,Royals,2,380,96.4,Kauffman Stadium,0,KCR
Mike Trout,26-09-22,Angels,1,380,103.9,Sutter Health Park,0,ATH
Nathaniel Lowe,26-09-11,Reds,1,380,101.5,Target Field,0,MIN
Joc Pederson,26-05-12,Rangers,1,380,109.1,Globe Life Park,1,TEX
Jeremiah Jackson,26-05-24,Orioles,1,380,105.3,Camden Yards,0,BAL
Austin Riley,26-04-17,Braves,1,380,103,Citizens Bank Park,1,PHI
Tyler Soderstrom,26-05-02,Athletics,1,380,102.8,Sutter Health Park,0,ATH
Cody Bellinger,26-05-06,Yankees,1,380,102.1,Yankee Stadium,0,NYY
Jorbit Vivas,26-05-17,Nationals,1,380,101.7,Nationals Park,0,WSH
Josh Naylor,26-05-15,Mariners,1,380,98.9,T-Mobile Park,0,SEA
Shohei Ohtani,26-04-03,Dodgers,1,380,98.5,Nationals Park,0,WSH
Daniel Schneeman,26-09-27,Guardians,28,380,103.2,Kauffman Stadium,1,KCR
Xander Bogaerts,26-09-26,Padres,30,380,102.5,Petco Park,1,SDP
Elly De La Cruz,26-03-28,Reds,27,379,106.8,Great American Ball Park,1,CIN
CJ Abrams,26-04-13,Nationals,28,379,104.6,PNC Park,1,PIT
James Wood,26-05-05,Nationals,25,379,111.9,Nationals Park,0,WSH
James Wood,26-05-19,Nationals,9,379,101.3,Nationals Park,1,WSH
Elly De La Cruz,26-08-07,Reds,30,379,101.6,Nationals Park,1,WSH
Ceddanne Rafaela,26-05-08,Red Sox,30,379,99.4,Fenway Park,1,BOS
Salvador Perez,26-05-20,Royals,30,379,109.8,Kauffman Stadium,1,KCR
JJ Bleday,26-07-11,Reds,30,379,102.4,Great American Ball Park,1,CIN
Ben Rice,26-05-03,Yankees,30,379,109.8,Yankee Stadium,1,NYY
Jose Ramirez,26-04-19,Guardians,30,379,103.6,Progressive Field,1,CLE
Yoan Moncada,26-03-30,Angels,30,379,103.3,Wrigley Field,1,CHC
Gavin Sheets,26-04-23,Padres,30,379,102.7,Coors Field,1,COL
Ozzie Albies,26-04-07,Braves,30,379,101.8,Angel Stadium,1,LAA
Joey Loperfido,26-06-23,Astros,30,379,103.4,Rogers Centre,1,TOR
Moises Ballesteros,26-04-07,Cubs,30,379,105.7,Tropicana Field,1,TBR
Caleb Durbin,26-07-09,Red Sox,30,379,98.2,Rate Field,1,CWS
Endy Rodriguez,26-08-04,Pirates,30,379,108.1,American Family Field,1,MIL
Oneil Cruz,26-08-25,Pirates,30,379,111.8,Petco Park,1,SDP
Ivan Herrera,26-08-07,Cardinals,30,379,97,Busch Stadium,1,STL
Ben Rice,26-09-23,Yankees,29,379,108.4,Yankee Stadium,1,NYY
Dylan Crews,26-09-18,Nationals,29,379,100.3,Busch Stadium,1,STL
Ryan O'Hearn,26-09-12,Pirates,29,379,99.8,Wrigley Field,1,CHC
Michael Busch,26-05-17,Cubs,29,379,108,Rate Field,1,CWS
Liam Hicks,26-06-01,Marlins,29,379,100.9,Nationals Park,1,WSH
Daylen Lile,26-05-15,Nationals,29,379,103.2,Nationals Park,1,WSH
Carlos Cortes,26-04-20,Athletics,29,379,101.9,T-Mobile Park,1,SEA
Kerry Carpenter,26-04-22,Tigers,29,379,97.6,Comerica Park,1,DET
J.P. Crawford,26-05-29,Mariners,29,379,99.5,T-Mobile Park,1,SEA
Spencer Torkelson,26-09-15,Tigers,28,379,102.7,Rogers Centre,1,TOR
Ryan O'Hearn,26-04-18,Pirates,28,379,106.5,PNC Park,1,PIT
Nathan Lukes,26-08-28,Blue Jays,28,379,101.5,Rogers Centre,1,TOR
Ronald Acuna Jr,26-09-02,Braves,28,379,104,Nationals Park,1,WSH
Kody Clemens,26-04-27,Twins,28,379,101.6,Target Field,1,MIN
Kody Clemens,26-06-04,Twins,28,379,101.7,Target Field,1,MIN
Jakob Marsee,26-07-22,Marlins,28,379,100.3,loanDepot Park,1,MIA
Salvador Perez,26-04-16,Royals,27,379,97.9,Comerica Park,1,DET
Ryan McMahon,26-05-21,Yankees,27,379,105.4,Yankee Stadium,0,NYY
Luis Campusano,26-08-11,Padres,27,379,101.9,Petco Park,1,SDP
Tim Tawa,26-08-28,Diamondbacks,26,379,99.8,Oracle Park,1,SFG
Matt Olson,26-07-06,Braves,26,379,100.4,Truist Park,1,ATL
Jo Adell,26-06-26,Angels,26,379,102.3,Angel Stadium,1,LAA
Owen Caissie,26-04-03,Marlins,25,379,106.2,Yankee Stadium,1,NYY
Gabriel Moreno,26-08-16,Diamondbacks,25,379,107.4,Truist Park,1,ATL
Shohei Ohtani,26-07-06,Dodgers,25,379,105.9,Dodger Stadium,1,LAD
Dillon Dingler,26-05-14,Tigers,25,379,102.5,Citi Field,1,NYM
Joey Ortiz,26-07-17,Brewers,25,379,96.7,American Family Field,1,MIL
Kyle Karros,26-05-26,Rockies,24,379,102.2,Dodger Stadium,1,LAD
Christian Vazquez,26-04-01,Astros,24,379,100.8,Daikin Park,1,HOU
Drake Baldwin,26-05-17,Braves,23,379,105,Truist Park,0,ATL
Trevor Larnach,26-08-01,Twins,23,379,102,T-Mobile Park,1,SEA
Jonah Cox,26-08-31,Giants,23,379,103.3,Truist Park,1,ATL
Lawrence Butler,26-09-05,Athletics,22,379,103.5,T-Mobile Park,1,SEA
Fernando Tatis Jr,26-08-18,Padres,22,379,104.3,Citi Field,1,NYM
Kyle Schwarber,26-08-10,Phillies,21,379,97.1,Busch Stadium,0,STL
Michael Harris,26-08-26,Braves,21,379,102.1,Truist Park,0,ATL
Pete Crow-Armstrong,26-08-18,Cubs,21,379,95.8,Wrigley Field,1,CHC
Lourdes Gurriel ,26-05-17,Diamondbacks,21,379,96.5,Coors Field,1,COL
Travis Bazzana,26-05-27,Guardians,21,379,100.9,Progressive Field,0,CLE
Nick Loftin,26-08-23,Royals,21,379,101.8,Kauffman Stadium,1,KCR
Gage Workman,26-05-14,Tigers,20,379,104,Citi Field,1,NYM
Shea Langeliers,26-06-24,Athletics,20,379,103.6,Oracle Park,0,SFG
Tyler Soderstrom,26-05-03,Athletics,19,379,103,Sutter Health Park,1,ATH
Taylor Walls,26-08-11,Rays,19,379,94.5,Sutter Health Park,1,ATH
Ildemaro Vargas,26-04-14,Diamondbacks,18,379,99.2,Camden Yards,1,BAL
Michael Harris,26-04-24,Braves,17,379,104.8,Truist Park,0,ATL
Edmundo Sosa,26-05-30,Phillies,15,379,101.3,Dodger Stadium,1,LAD
Austin Hays,26-09-15,White Sox,15,379,103.1,Coors Field,1,COL
Brooks Lee,26-05-24,Twins,14,379,101.9,Fenway Park,0,BOS
Paul Goldschmidt,26-05-07,Yankees,14,379,100.3,Yankee Stadium,0,NYY
Spencer Torkelson,26-06-28,Tigers,14,379,103.6,Comerica Park,1,DET
Christian Moore,26-09-11,Angels,12,379,102.2,Nationals Park,0,WSH
Miguel Vargas,26-08-11,White Sox,11,379,98.2,Rate Field,0,CWS
Kazuma Okamoto,26-04-16,Blue Jays,10,379,96.9,American Family Field,0,MIL
Royce Lewis,26-07-03,Twins,10,379,105.4,Yankee Stadium,0,NYY
Josh Rojas,26-06-23,Royals,9,379,97.3,Tropicana Field,0,TBR
Colt Keith,26-05-18,Tigers,9,379,95.2,Comerica Park,0,DET
Daniel Susac,26-07-29,Giants,9,379,97.3,Oracle Park,1,SFG
Nick Gonzales,26-06-04,Pirates,8,379,101.5,Daikin Park,0,HOU
Bobby Witt,26-08-05,Royals,8,379,100.2,Kauffman Stadium,0,KCR
Henry Davis,26-07-01,Pirates,7,379,96.9,Citizens Bank Park,1,PHI
Kyle Karros,26-09-14,Rockies,7,379,102,Coors Field,0,COL
JJ Wetherholt,26-05-27,Cardinals,6,379,102.5,American Family Field,0,MIL
Tommy Troy,26-06-24,Diamondbacks,6,379,103.7,Busch Stadium,0,STL
Willson Contreras,26-06-12,Red Sox,6,379,104.3,Fenway Park,1,BOS
Tristan Peters,26-08-14,White Sox,6,379,104.7,Comerica Park,1,DET
Nolan Schanuel,26-05-21,Angels,5,379,104.4,Angel Stadium,0,LAA
Brett Baty,26-05-14,Mets,5,379,104,Citi Field,1,NYM
Cole Young,26-04-29,Mariners,5,379,101.8,Target Field,0,MIN
Donovan Walton,26-08-17,Angels,4,379,98.9,Kauffman Stadium,0,KCR
Jose Fermin,26-04-19,Cardinals,4,379,99.3,Daikin Park,0,HOU
Cole Carrigg,26-09-02,Rockies,4,379,99.9,Coors Field,0,COL
Spencer Steer,26-05-02,Reds,3,379,101.1,PNC Park,0,PIT
Ernie Clement,26-07-07,Blue Jays,3,379,94.7,Oracle Park,0,SFG
Kyle Stowers,26-06-30,Marlins,3,379,92.4,Coors Field,0,COL
Jackson Merrill,26-05-29,Padres,3,379,100.6,Nationals Park,0,WSH
Luis Arraez,26-06-10,Giants,3,379,99,Oracle Park,0,SFG
Josh Lowe,26-07-12,Angels,2,379,100.9,Target Field,0,MIN
Taylor Trammell,26-07-03,Astros,2,379,98.9,Daikin Park,0,HOU
Jackson Chourio,26-07-03,Brewers,2,379,97.5,Chase Field,0,ARI
Ketel Marte,26-06-11,Diamondbacks,2,379,100.3,loanDepot Park,0,MIA
Carson Benge,26-05-27,Mets,2,379,98.5,Citi Field,0,NYM
Daniel Schneeman,26-04-03,Guardians,2,379,106.8,Progressive Field,0,CLE
Amed Rosario,26-04-14,Yankees,2,379,101.3,Yankee Stadium,0,NYY
Luis Matos,26-04-14,Brewers,2,379,100.1,American Family Field,0,MIL
Casey Schmitt,26-06-04,Giants,2,379,93.6,American Family Field,1,MIL
Corey Seager,26-08-12,Rangers,2,379,97.9,Angel Stadium,0,LAA
Nolan Gorman,26-09-07,Cardinals,1,379,100.7,Oracle Park,0,SFG
Jackson Merrill,26-04-09,Padres,1,379,103.6,Petco Park,0,SDP
Jorge Polanco,26-03-26,Mets,1,379,101,Citi Field,0,NYM
Fernando Tatis Jr,26-06-02,Padres,1,379,113.5,Citizens Bank Park,0,PHI
Hunter Feduccia,26-07-30,Rays,1,379,107.4,Tropicana Field,0,TBR
Jeff McNeil,26-09-24,Athletics,5,379,98.4,Sutter Health Park,1,ATH
Dylan Beavers,26-09-25,Orioles,24,379,100.4,Yankee Stadium,1,NYY
Luis Garcia Jr.,26-08-25,Nationals,26,379,109.5,Yankee Stadium,1,NYY
Andres Chaparro,26-09-27,Nationals,30,379,109.2,Nationals Park,1,WSH
Yordan Alvarez,26-03-27,Astros,30,378,104.9,Daikin Park,1,HOU
Mookie Betts,26-09-26,Dodgers,21,378,102.2,Oracle Park,1,SFG
Colson Montgomery,26-05-06,White Sox,5,378,99.7,Angel Stadium,0,LAA
CJ Abrams,26-06-20,Nationals,24,378,102.8,Tropicana Field,1,TBR
Adolis Garcia,26-04-23,Phillies,30,378,96.6,Wrigley Field,1,CHC
Kyle Teel,26-07-05,White Sox,30,378,104.6,Progressive Field,1,CLE
Angel Martinez,26-05-13,Guardians,30,378,106.3,Progressive Field,1,CLE
Mark Vientos,26-05-03,Mets,30,378,103.3,Angel Stadium,1,LAA
Royce Lewis,26-03-28,Twins,30,378,101,Camden Yards,1,BAL
Byron Buxton,26-05-09,Twins,30,378,97.6,Progressive Field,1,CLE
Nathan Church,26-04-07,Cardinals,30,378,102.1,Nationals Park,1,WSH
Jordan Walker,26-04-06,Cardinals,30,378,104.4,Nationals Park,1,WSH
Bo Bichette,26-08-22,Mets,30,378,100.3,Rate Field,1,CWS
Ivan Herrera,26-07-07,Cardinals,30,378,101.2,Busch Stadium,1,STL
Alan Roden,26-09-20,Twins,29,378,95.7,Angel Stadium,0,LAA
Leo Bernal,26-09-09,Cardinals,29,378,105.7,Oracle Park,1,SFG
Brandon Lowe,26-05-15,Pirates,29,378,109.2,PNC Park,1,PIT
Connor Wong,26-05-30,Red Sox,29,378,108.3,Progressive Field,0,CLE
Jake Burger,26-06-25,Rangers,29,378,106.7,Rogers Centre,1,TOR
Cal Raleigh,26-08-24,Mariners,29,378,108.5,T-Mobile Park,1,SEA
Cedric Mullins,26-07-10,Rays,29,378,103.1,Tropicana Field,1,TBR
Ozzie Albies,26-04-28,Braves,29,378,98.5,Truist Park,1,ATL
Alec Burleson,26-05-07,Cardinals,29,378,111.2,Petco Park,1,SDP
Christian Yelich,26-08-10,Brewers,29,378,100.5,Petco Park,1,SDP
Leody Taveras,26-08-12,Orioles,29,378,103.3,Target Field,1,MIN
Corey Seager,26-08-12,Rangers,29,378,106.6,Angel Stadium,1,LAA
Wilyer Abreu,26-08-07,Red Sox,29,378,100.6,Fenway Park,0,BOS
Abimelic Ortiz,26-08-09,Nationals,28,378,102.4,Nationals Park,1,WSH
Mookie Betts,26-08-11,Dodgers,28,378,104.9,Dodger Stadium,1,LAD
Miguel Vargas,26-05-24,White Sox,28,378,99.8,Oracle Park,1,SFG
Julio Rodriguez,26-08-12,Mariners,28,378,100,Yankee Stadium,1,NYY
Christian Yelich,26-09-23,Brewers,27,378,106.1,Citizens Bank Park,1,PHI
Marcelo Mayer,26-05-15,Red Sox,27,378,101.9,Truist Park,1,ATL
Pete Crow-Armstrong,26-06-03,Cubs,27,378,99.1,Wrigley Field,1,CHC
Ernie Clement,26-05-21,Blue Jays,27,378,97.8,Yankee Stadium,0,NYY
Bo Bichette,26-06-11,Mets,27,378,103,Citi Field,1,NYM
Andrew Benintendi,26-08-02,White Sox,26,378,97.4,Tropicana Field,1,TBR
Francisco Lindor,26-06-29,Mets,26,378,104.7,Rogers Centre,1,TOR
Corbin Carroll,26-06-17,Diamondbacks,26,378,100.8,Chase Field,1,ARI
Mookie Betts,26-06-19,Dodgers,26,378,100.7,Dodger Stadium,1,LAD
Shohei Ohtani,26-08-25,Dodgers,24,378,102.6,Truist Park,0,ATL
Amed Rosario,26-06-29,Yankees,24,378,105.3,Yankee Stadium,1,NYY
Max Clark,26-08-25,Tigers,23,378,99.3,Comerica Park,1,DET
Freddie Freeman,26-05-27,Dodgers,22,378,100.6,Dodger Stadium,1,LAD
Ian Happ,26-03-30,Cubs,22,378,101.6,Wrigley Field,1,CHC
Andruw Monasterio,26-07-11,Red Sox,22,378,98.7,Citi Field,1,NYM
Michael Helman,26-06-07,Rangers,21,378,96.2,Globe Life Park,1,TEX
Alec Burleson,26-06-09,Cardinals,21,378,101,Citi Field,1,NYM
Daulton Varsho,26-04-14,Blue Jays,21,378,96.6,American Family Field,1,MIL
AJ Ewing,26-07-04,Mets,21,378,99.5,Truist Park,0,ATL
Edgar Quero,26-08-11,White Sox,21,378,102.2,Rate Field,1,CWS
Kyle Schwarber,26-08-09,Phillies,21,378,101.9,Citizens Bank Park,1,PHI
Endy Rodriguez,26-08-05,Pirates,21,378,97.4,American Family Field,1,MIL
Kazuma Okamoto,26-06-26,Blue Jays,20,378,99.9,Rogers Centre,1,TOR
Hunter Goodman,26-04-08,Rockies,19,378,96,Coors Field,1,COL
J.P. Crawford,26-05-16,Mariners,19,378,98.1,T-Mobile Park,1,SEA
Travis Bazzana,26-09-08,Guardians,18,378,107.5,Camden Yards,1,BAL
Josh Naylor,26-05-29,Mariners,18,378,103.3,T-Mobile Park,0,SEA
Kyle Schwarber,26-08-16,Phillies,18,378,97.9,Target Field,0,MIN
Casey Schmitt,26-04-17,Giants,17,378,101.7,Nationals Park,0,WSH
Nick Fortes,26-07-21,Rays,17,378,100,Rogers Centre,1,TOR
Cesar Prieto,26-05-20,Cardinals,15,378,102.6,Busch Stadium,0,STL
Jake Bauers,26-06-06,Brewers,15,378,97.1,Coors Field,1,COL
Kyle Schwarber,26-05-10,Phillies,14,378,109.1,Citizens Bank Park,1,PHI
Brett Baty,26-07-16,Mets,14,378,95.6,Citizens Bank Park,1,PHI
William Contreras,26-04-11,Brewers,14,378,102.2,American Family Field,1,MIL
Randy Arozarena,26-07-12,Mariners,14,378,101.7,Tropicana Field,1,TBR
Andrew Benintendi,26-08-17,White Sox,14,378,103,Wrigley Field,1,CHC
Colton Cowser,26-07-08,Orioles,12,378,100.2,Camden Yards,0,BAL
Daulton Varsho,26-05-17,Blue Jays,12,378,100.8,Comerica Park,0,DET
Brice Turang,26-04-12,Brewers,11,378,104,American Family Field,1,MIL
Rafael Marchan,26-03-30,Phillies,9,378,97.8,Citizens Bank Park,1,PHI
Junior Caminero,26-05-16,Rays,9,378,99.9,Tropicana Field,0,TBR
Dalton Rushing,26-06-07,Dodgers,9,378,98.9,Dodger Stadium,1,LAD
Josh Naylor,26-09-01,Mariners,8,378,102.2,Fenway Park,0,BOS
Kahlil Watson,26-07-01,Guardians,8,378,103,Progressive Field,0,CLE
Cody Bellinger,26-03-28,Yankees,7,378,102.8,Oracle Park,0,SFG
Matt Mclain,26-08-05,Reds,7,378,98.2,Great American Ball Park,1,CIN
Juan Soto,26-03-31,Mets,6,378,109.3,Busch Stadium,0,STL
Kyle Tucker,26-09-09,Dodgers,6,378,99.7,Dodger Stadium,1,LAD
Matt Mclain,26-06-08,Reds,6,378,104.2,Petco Park,0,SDP
Bo Bichette,26-08-23,Mets,6,378,100.9,Rate Field,0,CWS
Javier Sanoja,26-05-16,Marlins,6,378,98.4,Tropicana Field,0,TBR
Hunter Feduccia,26-07-02,Rays,5,378,94.2,Kauffman Stadium,0,KCR
Bryce Harper,26-06-27,Phillies,5,378,104.6,Citi Field,1,NYM
Michael Busch,26-05-24,Cubs,5,378,101.6,Wrigley Field,1,CHC
Josh Jung,26-06-27,Rangers,4,378,99.5,Rogers Centre,0,TOR
Michael Harris,26-05-29,Braves,4,378,102.2,Great American Ball Park,0,CIN
William Contreras,26-05-12,Brewers,4,378,102.6,American Family Field,0,MIL
Miguel Vargas,26-05-04,White Sox,4,378,102.1,Angel Stadium,1,LAA
Andrew Benintendi,26-05-03,White Sox,4,378,100.6,Petco Park,0,SDP
Miguel Vargas,26-03-31,White Sox,4,378,98,loanDepot Park,0,MIA
Daylen Lile,26-09-05,Nationals,3,378,101,Dodger Stadium,0,LAD
Dylan Beavers,26-04-05,Orioles,3,378,99.3,PNC Park,0,PIT
Junior Caminero,26-07-20,Rays,3,378,102.8,Rogers Centre,0,TOR
Tyler Stephenson,26-04-30,Reds,2,378,103.2,Great American Ball Park,0,CIN
Salvador Perez,26-07-07,Royals,2,378,96.4,Citi Field,0,NYM
Anthony Volpe,26-06-26,Yankees,2,378,106.5,Fenway Park,0,BOS
Carson Benge,26-06-01,Mets,2,378,100.5,T-Mobile Park,0,SEA
Dylan Crews,26-07-26,Nationals,2,378,99.5,Nationals Park,0,WSH
Riley Greene,26-09-05,Tigers,2,378,105.7,Progressive Field,0,CLE
Tim Tawa,26-09-13,Diamondbacks,1,378,94.8,Chase Field,0,ARI
Joc Pederson,26-05-05,Rangers,1,378,103.1,Yankee Stadium,0,NYY
Yandy Diaz,26-05-07,Rays,1,378,96,Fenway Park,0,BOS
Noelvi Marte,26-07-01,Reds,1,378,107.4,American Family Field,1,MIL
Ezequiel Duran,26-07-11,Rangers,1,378,100.3,Globe Life Park,1,TEX
Kevin McGonigle,26-08-24,Tigers,1,378,101.2,Comerica Park,0,DET
Kyle Stowers,26-05-30,Marlins,1,378,97.2,Citi Field,0,NYM
Randal Grichuk,26-05-08,Yankees,1,378,110.2,Rate Field,1,CWS
Tyrone Taylor,26-04-17,Mets,1,378,107.6,Wrigley Field,0,CHC
Daulton Varsho,26-05-03,Blue Jays,1,378,105.6,Target Field,0,MIN
Daylen Lile,26-05-23,Nationals,1,378,105.6,Truist Park,0,ATL
Connor Norby,26-04-06,Marlins,1,378,100.5,loanDepot Park,0,MIA
Jose Altuve,26-06-15,Astros,1,378,100.3,Daikin Park,0,HOU
Ian Happ,26-08-23,Cubs,1,378,101.6,T-Mobile Park,1,SEA
Trevor Larnach,26-09-02,Twins,1,378,107.9,Target Field,0,MIN
Max Muncy (A),26-04-18,Athletics,1,378,103.2,Sutter Health Park,0,ATH
Vinnie Pasquantino,26-09-27,Royals,29,378,104.2,Kauffman Stadium,1,KCR
Colson Montgomery,26-08-31,White Sox,29,378,115.4,Daikin Park,1,HOU
Luis Garcia Jr.,26-06-28,Nationals,7,377,109.9,Camden Yards,1,BAL
Elly De La Cruz,26-07-11,Reds,2,377,98.8,Great American Ball Park,0,CIN
Elly De La Cruz,26-05-15,Reds,13,377,98.5,Progressive Field,0,CLE
Jung Hoo Lee,26-09-18,Giants,30,377,97.7,Dodger Stadium,1,LAD
Hunter Goodman,26-04-14,Rockies,30,377,108.2,Daikin Park,1,HOU
Kyle Schwarber,26-04-26,Phillies,30,377,103.4,Truist Park,1,ATL
Vinnie Pasquantino,26-06-03,Royals,30,377,101,Great American Ball Park,1,CIN
Tyler Tolbert,26-07-07,Royals,30,377,99,Citi Field,1,NYM
Mitch Garver,26-07-05,Mariners,30,377,102,T-Mobile Park,1,SEA
Ryan Jeffers,26-04-23,Twins,30,377,108.8,Citi Field,1,NYM
Christian Walker,26-09-22,Astros,30,377,104.7,T-Mobile Park,1,SEA
Ty France,26-07-11,Padres,30,377,102.9,Petco Park,1,SDP
Geraldo Perdomo,26-07-06,Diamondbacks,29,377,97.8,Petco Park,1,SDP
Kazuma Okamoto,26-07-10,Blue Jays,29,377,107.6,Petco Park,1,SDP
Xavier Edwards,26-04-03,Marlins,29,377,103.9,Yankee Stadium,1,NYY
Ben Rice,26-06-05,Yankees,29,377,96.9,Yankee Stadium,1,NYY
Bryce Eldridge,26-06-12,Giants,28,377,105.7,Oracle Park,1,SFG
Randal Grichuk,26-05-10,Yankees,28,377,108.1,Rate Field,1,CWS
Mike Trout,26-06-08,Angels,28,377,99.2,Angel Stadium,0,LAA
Danny Jansen,26-05-01,Rangers,27,377,102.7,Comerica Park,1,DET
Adley Rutschman,26-09-03,Orioles,27,377,94.9,Camden Yards,1,BAL
Javier Sanoja,26-08-01,Marlins,27,377,103.2,Citi Field,1,NYM
Drew Romo,26-04-28,White Sox,27,377,104.7,Rate Field,1,CWS
Austin Martin,26-05-22,Twins,27,377,98.2,Fenway Park,1,BOS
Cody Bellinger,26-09-11,Yankees,27,377,100.5,Yankee Stadium,1,NYY
Brayan Rocchio,26-04-06,Guardians,26,377,101.7,Progressive Field,1,CLE
Jazz Chisholm Jr,26-07-20,Yankees,26,377,106.1,Yankee Stadium,1,NYY
Kyle Tucker,26-09-04,Dodgers,26,377,103.3,Dodger Stadium,1,LAD
Matt Mclain,26-05-15,Reds,25,377,99.4,Progressive Field,1,CLE
Jordan Lawlar,26-08-21,Diamondbacks,25,377,100.8,Chase Field,1,ARI
Osleivis Basabe,26-08-04,Giants,25,377,100.7,Globe Life Park,1,TEX
Yainer Diaz,26-09-20,Astros,23,377,102.5,Daikin Park,1,HOU
Miguel Vargas,26-06-09,White Sox,23,377,109,Rate Field,1,CWS
Kazuma Okamoto,26-06-20,Blue Jays,23,377,107.3,Wrigley Field,1,CHC
Kyle Stowers,26-07-04,Marlins,23,377,100.5,Sutter Health Park,1,ATH
Ramon Laureano,26-03-28,Padres,22,377,104.3,Petco Park,0,SDP
Christian Walker,26-05-19,Astros,22,377,99.6,Target Field,0,MIN
Spencer Horwitz,26-05-02,Pirates,21,377,96,PNC Park,0,PIT
Pete Crow-Armstrong,26-06-30,Cubs,21,377,100.1,Wrigley Field,1,CHC
Luis Arraez,26-06-26,Giants,21,377,97.5,Oracle Park,0,SFG
Marcus Semien,26-07-22,Mets,21,377,99.5,American Family Field,1,MIL
Carter Jensen,26-08-17,Royals,21,377,97.8,Kauffman Stadium,0,KCR
J.T. Realmuto,26-09-13,Phillies,20,377,98.8,Truist Park,0,ATL
Yandy Diaz,26-04-10,Rays,20,377,103.3,Tropicana Field,1,TBR
Salvador Perez,26-04-28,Royals,20,377,106,Sutter Health Park,0,ATH
Leo Bernal,26-09-02,Cardinals,20,377,103,Dodger Stadium,1,LAD
J.T. Realmuto,26-08-24,Phillies,20,377,102.9,T-Mobile Park,1,SEA
Royce Lewis,26-03-29,Twins,18,377,98.2,Camden Yards,1,BAL
Javier Sanoja,26-08-19,Marlins,17,377,104.1,Citizens Bank Park,1,PHI
Pete Crow-Armstrong,26-08-22,Cubs,16,377,97.1,T-Mobile Park,0,SEA
Alex Bregman,26-03-29,Cubs,15,377,102.7,Wrigley Field,1,CHC
Kyle Schwarber,26-05-07,Phillies,14,377,108.8,Citizens Bank Park,1,PHI
Zack Gelof,26-05-19,Athletics,14,377,101.5,Angel Stadium,1,LAA
Brett Sullivan,26-04-12,Rockies,13,377,99.1,Petco Park,0,SDP
Luis Torrens,26-05-22,Mets,13,377,96.1,loanDepot Park,0,MIA
Ketel Marte,26-08-11,Diamondbacks,12,377,100.1,Chase Field,1,ARI
Tommy White,26-07-24,Athletics,10,377,93.9,Target Field,0,MIN
Francisco Lindor,26-07-12,Mets,10,377,98.8,Citi Field,1,NYM
Christian Walker,26-04-26,Astros,10,377,102.3,Daikin Park,0,HOU
Anthony Volpe,26-09-16,Yankees,9,377,104.4,Target Field,0,MIN
Michael Conforto,26-05-31,Cubs,8,377,102.4,Busch Stadium,0,STL
Mookie Betts,26-05-26,Dodgers,8,377,98.6,Dodger Stadium,1,LAD
Jake Meyers,26-04-04,Astros,8,377,100.7,Sutter Health Park,0,ATH
Adrian Del Castillo,26-04-29,Diamondbacks,8,377,100.1,American Family Field,1,MIL
Ian Happ,26-04-06,Cubs,8,377,98.5,Tropicana Field,0,TBR
Ceddanne Rafaela,26-07-22,Red Sox,8,377,98.2,Fenway Park,1,BOS
Edmundo Sosa,26-09-18,Phillies,7,377,97.1,Citi Field,1,NYM
Vladimir Guerrero Jr.,26-04-14,Blue Jays,7,377,111.3,American Family Field,0,MIL
Byron Buxton,26-05-09,Twins,7,377,107.1,Progressive Field,0,CLE
Dominic Canzone,26-04-18,Mariners,6,377,104.7,T-Mobile Park,0,SEA
Jorge Soler,26-04-26,Angels,6,377,103.4,Kauffman Stadium,0,KCR
Zack Short,26-05-04,Tigers,6,377,97.6,Comerica Park,0,DET
Jonathan Aranda,26-05-30,Rays,4,377,100.3,Tropicana Field,0,TBR
Bryan Torres,26-05-23,Cardinals,4,377,99.8,Great American Ball Park,1,CIN
George Springer,26-05-26,Blue Jays,4,377,97.1,Rogers Centre,0,TOR
Luke Raley,26-03-27,Mariners,4,377,109.8,T-Mobile Park,0,SEA
Daniel Susac,26-04-14,Giants,4,377,101.4,Great American Ball Park,0,CIN
Otto Lopez,26-04-12,Marlins,4,377,99.1,Comerica Park,1,DET
Jose Ramirez,26-05-02,Guardians,4,377,95.6,Sutter Health Park,0,ATH
Isaac Collins,26-05-15,Royals,3,377,98.7,Busch Stadium,0,STL
Chase Delauter,26-07-20,Guardians,3,377,105,Progressive Field,0,CLE
Cody Bellinger,26-07-22,Yankees,3,377,97.1,Yankee Stadium,0,NYY
Yandy Diaz,26-05-25,Rays,2,377,104.8,Camden Yards,0,BAL
Bobby Witt,26-06-06,Royals,2,377,100.3,Target Field,0,MIN
Wilyer Abreu,26-05-24,Red Sox,2,377,100.6,Fenway Park,0,BOS
Dillon Dingler,26-07-27,Tigers,2,377,98.2,Comerica Park,0,DET
Mookie Betts,26-07-26,Dodgers,2,377,99.9,Citi Field,0,NYM
Daulton Varsho,26-07-19,Blue Jays,2,377,102.8,Rogers Centre,0,TOR
MJ Melendez,26-06-23,Mets,2,377,101.5,Citi Field,0,NYM
Logan O'Hoppe,26-04-05,Angels,2,377,102.4,Angel Stadium,0,LAA
Zack Gelof,26-05-12,Athletics,2,377,98,Sutter Health Park,0,ATH
Freddie Freeman,26-04-06,Dodgers,2,377,95.9,Rogers Centre,0,TOR
Freddy Fermin,26-07-31,Padres,2,377,100.3,Petco Park,0,SDP
Anthony Seigler,26-08-07,Red Sox,2,377,99.5,Fenway Park,0,BOS
Ildemaro Vargas,26-09-11,Diamondbacks,1,377,98.9,Chase Field,0,ARI
Connor Norby,26-04-18,Marlins,1,377,103.3,loanDepot Park,0,MIA
Willy Adames,26-04-19,Giants,1,377,101.8,Nationals Park,0,WSH
Ramon Laureano,26-05-16,Padres,1,377,97.8,T-Mobile Park,0,SEA
Adam Frazier,26-05-24,Angels,1,377,96.9,Angel Stadium,0,LAA
Luisangel Acuna,26-04-17,White Sox,1,377,101.3,Sutter Health Park,0,ATH
Miguel Vargas,26-07-02,White Sox,1,377,102.2,Progressive Field,0,CLE
Dansby Swanson,26-04-24,Cubs,1,377,96.7,Dodger Stadium,0,LAD
Ezequiel Tovar,26-08-29,Rockies,1,377,98.9,Truist Park,0,ATL
Brandon Lowe,26-09-03,Pirates,1,377,101.3,PNC Park,0,PIT
Yordan Alvarez,26-07-17,Astros,5,377,104,Daikin Park,0,HOU
Kevin McGonigle,26-09-25,Tigers,1,377,103,Comerica Park,0,DET
Drew Cavanaugh,26-09-26,Giants,21,377,98.4,Oracle Park,0,SFG
CJ Abrams,26-09-25,Nationals,24,377,102.1,Nationals Park,0,WSH
Elly De La Cruz,26-04-28,Reds,18,376,105.9,Great American Ball Park,1,CIN
Tyler Stephenson,26-04-06,Reds,30,376,100.1,loanDepot Park,1,MIA
Spencer Horwitz,26-04-13,Pirates,30,376,101.7,PNC Park,1,PIT
Jarren Duran,26-05-03,Red Sox,30,376,111.8,Fenway Park,1,BOS
Brandon Marsh,26-06-22,Phillies,30,376,102.5,Nationals Park,1,WSH
Michael Conforto,26-08-15,Cubs,30,376,107.1,Wrigley Field,1,CHC
Jimmy Crooks,26-08-03,Cardinals,30,376,99.8,Yankee Stadium,1,NYY
Junior Perez,26-07-26,White Sox,30,376,106.7,Rate Field,1,CWS
Ernie Clement,26-07-12,Blue Jays,30,376,98.4,Petco Park,1,SDP
Rhys Hoskins,26-06-19,Guardians,30,376,100.8,Daikin Park,1,HOU
Matt Olson,26-04-22,Braves,30,376,108.4,Nationals Park,1,WSH
Jose Ramirez,26-04-01,Guardians,30,376,105.4,Dodger Stadium,1,LAD
Rhys Hoskins,26-05-01,Guardians,30,376,95,Sutter Health Park,1,ATH
Miguel Vargas,26-06-23,White Sox,30,376,101,Rate Field,1,CWS
Pete Crow-Armstrong,26-08-17,Cubs,30,376,101.2,Wrigley Field,1,CHC
Pete Crow-Armstrong,26-09-16,Cubs,29,376,100.5,Wrigley Field,1,CHC
Josh Bell,26-06-15,Twins,29,376,100,Globe Life Park,1,TEX
Samuel Basallo,26-05-16,Orioles,29,376,109.2,Nationals Park,1,WSH
Lawrence Butler,26-04-13,Athletics,29,376,102.7,Sutter Health Park,1,ATH
Zach Cole,26-05-08,Astros,29,376,101.5,Great American Ball Park,1,CIN
Daylen Lile,26-04-20,Nationals,29,376,100.3,Nationals Park,1,WSH
Nathan Lukes,26-07-12,Blue Jays,29,376,95.3,Petco Park,1,SDP
Rafael Devers,26-09-04,Giants,29,376,98.7,Citi Field,1,NYM
Ceddanne Rafaela,26-07-24,Red Sox,29,376,101.4,Fenway Park,1,BOS
Alex Bregman,26-09-16,Cubs,28,376,105.4,Wrigley Field,1,CHC
Drake Baldwin,26-09-15,Braves,28,376,107.6,Wrigley Field,1,CHC
Cal Raleigh,26-09-14,Mariners,28,376,106.1,Angel Stadium,1,LAA
JJ Bleday,26-05-02,Reds,28,376,97.4,PNC Park,1,PIT
Josh Jung,26-06-30,Rangers,28,376,101,Progressive Field,1,CLE
Andrew Benintendi,26-06-26,White Sox,28,376,101,Rate Field,1,CWS
Michael Harris ,26-04-19,Braves,28,376,101.9,Citizens Bank Park,1,PHI
Jakob Marsee,26-05-09,Marlins,28,376,100.3,loanDepot Park,1,MIA
Austin Wells,26-04-28,Yankees,28,376,97.5,Globe Life Park,1,TEX
Tristan Peters,26-07-05,White Sox,28,376,103.3,Progressive Field,1,CLE
Wilyer Abreu,26-07-10,Red Sox,28,376,97.5,Citi Field,1,NYM
Trea Turner,26-08-29,Phillies,28,376,99,Angel Stadium,0,LAA
Carlos Narvaez,26-07-05,Red Sox,27,376,100.1,Angel Stadium,0,LAA
Luis Torrens,26-08-22,Mets,27,376,102,Rate Field,1,CWS
Ceddanne Rafaela,26-05-13,Red Sox,26,376,102.2,Fenway Park,1,BOS
Juan Soto,26-04-30,Mets,26,376,108.1,Citi Field,0,NYM
Kyle Tucker,26-05-04,Dodgers,26,376,106.8,Daikin Park,1,HOU
Denzer Guzman,26-06-20,Angels,26,376,99,Sutter Health Park,1,ATH
Bryan Reynolds,26-04-30,Pirates,25,376,101.1,PNC Park,0,PIT
Alex Bregman,26-08-31,Cubs,25,376,99.1,Wrigley Field,1,CHC
Brandon Lowe,26-04-14,Pirates,24,376,101.3,PNC Park,1,PIT
Willi Castro,26-05-09,Rockies,24,376,101.4,Citizens Bank Park,1,PHI
Oswald Peraza,26-05-16,Angels,24,376,98.6,Angel Stadium,0,LAA
Jarren Duran,26-08-07,Red Sox,24,376,102,Fenway Park,1,BOS
Alec Burleson,26-09-15,Cardinals,23,376,110.3,Busch Stadium,1,STL
Jo Adell,26-06-13,Angels,23,376,108.4,Angel Stadium,0,LAA
Miguel Andujar,26-05-18,Padres,23,376,98.1,Petco Park,1,SDP
Lars Nootbaar,26-06-23,Cardinals,22,376,99.9,Busch Stadium,0,STL
Isaac Paredes,26-06-05,Astros,22,376,103.9,Daikin Park,1,HOU
Cole Carrigg,26-08-08,Rockies,21,376,100.7,Busch Stadium,0,STL
Sterlin Thompson,26-06-17,Rockies,21,376,95,Wrigley Field,1,CHC
Jake Rogers,26-07-08,Tigers,21,376,98.2,Comerica Park,1,DET
Christian Walker,26-05-23,Astros,21,376,105.5,Wrigley Field,1,CHC
Jackson Chourio,26-08-01,Brewers,21,376,107.8,Angel Stadium,0,LAA
Eugenio Suarez,26-06-15,Reds,20,376,98.4,Great American Ball Park,1,CIN
Shohei Ohtani,26-08-05,Dodgers,20,376,110.2,Wrigley Field,1,CHC
Casey Schmitt,26-07-22,Giants,20,376,99.1,Kauffman Stadium,1,KCR
Freddy Fermin,26-06-08,Padres,20,376,98.1,Petco Park,1,SDP
Vinnie Pasquantino,26-09-15,Royals,19,376,104,Daikin Park,1,HOU
Brenton Doyle,26-09-15,Rockies,17,376,102.2,Progressive Field,0,CLE
Braxton Fulford,26-03-30,Rockies,17,376,95,Rogers Centre,1,TOR
Ryan O'Hearn,26-06-17,Pirates,17,376,99.7,Sutter Health Park,0,ATH
Luis Arraez,26-08-19,Giants,17,376,98,Citizens Bank Park,1,PHI
Tyler Tolbert,26-07-06,Royals,16,376,94,Kauffman Stadium,1,KCR
Ty France,26-04-04,Padres,16,376,107.4,Fenway Park,0,BOS
Jake Bauers,26-03-31,Brewers,16,376,101.7,American Family Field,1,MIL
Joe Mack,26-06-06,Marlins,15,376,101.9,loanDepot Park,0,MIA
Trea Turner,26-06-30,Phillies,14,376,97.7,Citizens Bank Park,1,PHI
Kody Clemens,26-07-28,Twins,14,376,98.8,Target Field,0,MIN
Mike Trout,26-03-28,Angels,13,376,102.2,Daikin Park,0,HOU
Luis Arraez,26-04-21,Giants,12,376,96.1,Oracle Park,0,SFG
Jose Siri,26-09-19,Angels,12,376,102.4,Angel Stadium,1,LAA
Jac Caglianone,26-08-15,Royals,11,376,103.2,Angel Stadium,0,LAA
Rafael Marchan,26-06-07,Phillies,10,376,100.5,Citizens Bank Park,1,PHI
Josh Bell,26-07-04,Twins,9,376,96.4,Yankee Stadium,1,NYY
Nick Loftin,26-05-07,Royals,8,376,98.5,Kauffman Stadium,0,KCR
Kerry Carpenter,26-06-29,Tigers,8,376,99.9,Yankee Stadium,0,NYY
Yoan Moncada,26-04-18,Angels,8,376,100.2,Angel Stadium,0,LAA
Juan Soto,26-05-20,Mets,8,376,97.1,Nationals Park,0,WSH
Yandy Diaz,26-09-01,Rays,8,376,103.4,Tropicana Field,0,TBR
Corey Seager,26-04-13,Rangers,7,376,99.7,Sutter Health Park,0,ATH
Zach Neto,26-07-24,Angels,7,376,102.7,Oracle Park,0,SFG
Spencer Torkelson,26-09-11,Tigers,6,376,100.9,Comerica Park,0,DET
Sal Stewart,26-03-31,Reds,6,376,103.8,Great American Ball Park,1,CIN
Kyle Tucker,26-08-04,Dodgers,6,376,98.7,Wrigley Field,1,CHC
Nolan Arenado,26-09-11,Diamondbacks,6,376,101.4,Chase Field,0,ARI
Dane Myers,26-09-16,Reds,6,376,101.8,Great American Ball Park,1,CIN
Cal Raleigh,26-08-05,Mariners,5,376,99.5,T-Mobile Park,0,SEA
Xander Bogaerts,26-05-25,Padres,5,376,101.1,Petco Park,0,SDP
Giancarlos Stanton,26-04-21,Yankees,5,376,102.6,Fenway Park,0,BOS
Royce Lewis,26-04-07,Twins,5,376,100.3,Target Field,0,MIN
Alex Bregman,26-04-05,Cubs,5,376,100.4,Progressive Field,0,CLE
Jake Fraley,26-04-20,Rays,4,376,101.4,Tropicana Field,0,TBR
Jorge Barrosa,26-05-01,Diamondbacks,4,376,104.1,Wrigley Field,0,CHC
Casey Schmitt,26-04-21,Giants,4,376,102,Oracle Park,0,SFG
Rhys Hoskins,26-04-27,Guardians,4,376,99.1,Progressive Field,0,CLE
Freddie Freeman,26-09-17,Dodgers,3,376,102.2,Great American Ball Park,0,CIN
Blaze Jordan,26-07-10,Cardinals,3,376,105.6,Busch Stadium,0,STL
Danny Jansen,26-04-17,Rangers,3,376,103,T-Mobile Park,0,SEA
Riley Greene,26-07-25,Tigers,3,376,104.5,Comerica Park,0,DET
Connor Norby,26-05-27,Marlins,3,376,102.7,Rogers Centre,0,TOR
Jazz Chisholm Jr,26-07-20,Yankees,3,376,102.6,Yankee Stadium,1,NYY
Alec Burleson,26-04-28,Cardinals,3,376,109.6,PNC Park,0,PIT
Evan Carter,26-04-24,Rangers,2,376,97.4,Globe Life Park,0,TEX
Heriberto Hernandez,26-06-23,Marlins,2,376,97.3,loanDepot Park,0,MIA
Tim Tawa,26-08-22,Diamondbacks,2,376,100,Chase Field,0,ARI
Ian Happ,26-05-27,Cubs,2,376,99.4,PNC Park,0,PIT
Jazz Chisholm Jr,26-05-26,Yankees,2,376,98.3,Kauffman Stadium,0,KCR
AJ Ewing,26-07-03,Mets,2,376,97.3,Truist Park,0,ATL
Trent Grisham,26-07-19,Yankees,2,376,100.1,Yankee Stadium,0,NYY
Gabriel Moreno,26-07-31,Diamondbacks,2,376,100.8,Progressive Field,0,CLE
Eugenio Suarez,26-08-06,Reds,2,376,98.8,Great American Ball Park,0,CIN
Tristan Peters,26-09-03,White Sox,2,376,100.9,Daikin Park,0,HOU
Wade Meckler,26-09-23,Angels,1,376,100.1,Sutter Health Park,0,ATH
Dane Myers,26-06-03,Reds,1,376,102.2,Great American Ball Park,0,CIN
Kazuma Okamoto,26-09-07,Blue Jays,1,376,99.5,Sutter Health Park,0,ATH
Jordan Lawlar,26-09-02,Diamondbacks,1,376,93.9,Chase Field,0,ARI
Blaze Alexander,26-06-24,Orioles,1,376,100,Angel Stadium,0,LAA
Christian Yelich,26-06-26,Brewers,1,376,99.1,American Family Field,0,MIL
Michael Arroyo,26-09-12,Mariners,1,376,104,Sutter Health Park,0,ATH
Max Muncy (A),26-04-19,Athletics,1,376,101.8,Sutter Health Park,0,ATH
Sean Keys,26-09-26,Blue Jays,3,376,100.1,Rogers Centre,0,TOR
Yordan Alvarez,26-09-15,Astros,28,376,100.3,Daikin Park,1,HOU
Munetaka Murakami,26-03-29,White Sox,11,375,102.1,American Family Field,1,MIL
Yordan Alvarez,26-04-15,Astros,30,375,107.2,Daikin Park,1,HOU
Yordan Alvarez,26-04-20,Astros,18,375,102.2,Progressive Field,0,CLE
Luis Garcia Jr.,26-05-12,Nationals,29,375,99.8,Great American Ball Park,1,CIN
Munetaka Murakami,26-05-25,White Sox,29,375,105.7,Rate Field,1,CWS
Jackson Chourio,26-09-24,Brewers,22,375,108.4,Citizens Bank Park,1,PHI
Zach Neto,26-09-09,Angels,30,375,106,Fenway Park,1,BOS
Andruw Monasterio,26-07-07,Red Sox,30,375,106.2,Rate Field,1,CWS
Zack Gelof,26-04-24,Athletics,30,375,104.8,Globe Life Park,1,TEX
Isaac Paredes,26-04-20,Astros,30,375,104.1,Progressive Field,1,CLE
Oswald Peraza,26-04-16,Angels,30,375,99.8,Yankee Stadium,1,NYY
Gunnar Henderson,26-06-19,Orioles,30,375,106.6,Dodger Stadium,1,LAD
Daylen Lile,26-07-03,Nationals,30,375,101.1,Nationals Park,1,WSH
Brandon Valenzuela,26-07-17,Blue Jays,30,375,103.8,Rogers Centre,1,TOR
Carson Kelly,26-08-31,Cubs,30,375,99,Wrigley Field,1,CHC
Edmundo Sosa,26-08-30,Phillies,30,375,104.6,Angel Stadium,1,LAA
Mickey Gasper,26-09-04,Red Sox,30,375,103.7,Camden Yards,1,BAL
Drew Gilbert,26-09-21,Giants,30,375,104.3,Oracle Park,1,SFG
Jonatan Clase,26-07-11,Blue Jays,29,375,99.6,Petco Park,1,SDP
Austin Wells,26-07-09,Yankees,29,375,100.4,Tropicana Field,1,TBR
Royce Lewis,26-06-29,Twins,29,375,96.7,Daikin Park,1,HOU
Ketel Marte,26-06-19,Diamondbacks,29,375,108.1,Chase Field,1,ARI
Cole Young,26-06-17,Mariners,29,375,101.5,T-Mobile Park,1,SEA
Adrian Del Castillo,26-05-26,Diamondbacks,29,375,101.6,Oracle Park,1,SFG
Javier Sanoja,26-05-18,Marlins,29,375,105.4,loanDepot Park,1,MIA
Dalton Rushing,26-04-05,Dodgers,29,375,103,Nationals Park,1,WSH
Carter Jensen,26-09-19,Royals,28,375,99.9,PNC Park,1,PIT
Dylan Beavers,26-09-11,Orioles,28,375,102.8,Rogers Centre,1,TOR
Pete Crow-Armstrong,26-07-24,Cubs,28,375,100.6,PNC Park,1,PIT
Jake Bauers,26-07-11,Brewers,28,375,111.8,PNC Park,1,PIT
Ben Rice,26-06-21,Yankees,28,375,105.1,Yankee Stadium,1,NYY
Cedric Mullins,26-09-23,Rays,28,375,98.7,Yankee Stadium,1,NYY
Randy Arozarena,26-09-13,Mariners,27,375,101.6,Sutter Health Park,1,ATH
Luis Torrens,26-08-04,Mets,27,375,100.1,Progressive Field,1,CLE
Trea Turner,26-04-24,Phillies,26,375,102.5,Truist Park,1,ATL
James McCann,26-07-11,Diamondbacks,26,375,95.3,Dodger Stadium,1,LAD
Luis Torrens,26-06-30,Mets,26,375,101.2,Rogers Centre,1,TOR
JJ Wetherholt,26-04-26,Cardinals,25,375,107.4,Busch Stadium,1,STL
Jahmai Jones,26-07-29,Tigers,25,375,95.2,Sutter Health Park,1,ATH
Osleivis Basabe,26-09-05,Giants,25,375,104.6,Citi Field,1,NYM
Ben Malgeri,26-09-21,Tigers,24,375,99.9,Comerica Park,1,DET
Jeff McNeil,26-08-17,Athletics,24,375,102.1,Kauffman Stadium,1,KCR
Ben Rice,26-03-28,Yankees,24,375,105.5,Oracle Park,0,SFG
Byron Buxton,26-04-30,Twins,24,375,101.8,Target Field,1,MIN
Angel Martinez,26-08-01,Guardians,24,375,97.8,Progressive Field,0,CLE
Kevin McGonigle,26-09-07,Tigers,24,375,108.4,Comerica Park,1,DET
Ivan Herrera,26-09-20,Cardinals,23,375,107.5,Busch Stadium,1,STL
Brayan Rocchio,26-09-06,Guardians,23,375,98.8,Progressive Field,1,CLE
Henry Davis,26-05-21,Pirates,22,375,103.7,Busch Stadium,1,STL
Pete Alonso,26-06-19,Orioles,22,375,97.5,Dodger Stadium,1,LAD
TJ Rumfield,26-08-26,Rockies,22,375,95.9,Nationals Park,0,WSH
Edouard Julien,26-04-11,Rockies,21,375,103.5,Petco Park,1,SDP
Griffin Conine,26-08-11,Marlins,21,375,103.1,loanDepot Park,0,MIA
Tyler Soderstrom,26-07-27,Athletics,21,375,99.7,Sutter Health Park,1,ATH
Corbin Carroll,26-07-22,Diamondbacks,21,375,100,Chase Field,1,ARI
Shea Langeliers,26-03-27,Athletics,21,375,105.2,Rogers Centre,1,TOR
Juan Soto,26-04-29,Mets,21,375,101.1,Citi Field,1,NYM
Daulton Varsho,26-05-13,Blue Jays,21,375,98.5,Rogers Centre,1,TOR
Bryan Reynolds,26-07-18,Pirates,21,375,104.5,Progressive Field,0,CLE
Willi Castro,26-06-14,Rockies,21,375,92.8,Vegas Minor League,1,ATHH
Samuel Basallo,26-07-03,Orioles,20,375,101.9,Great American Ball Park,1,CIN
Mauricio Dubon,26-06-17,Braves,20,375,96,Truist Park,0,ATL
Javier Sanoja,26-08-08,Marlins,20,375,102.4,loanDepot Park,0,MIA
Michael Massey,26-04-12,Royals,18,375,96.1,Kauffman Stadium,0,KCR
Mookie Betts,26-08-19,Dodgers,18,375,99.6,Coors Field,1,COL
Victor Caratini,26-06-06,Twins,18,375,101.7,Target Field,0,MIN
Otto Lopez,26-07-04,Marlins,18,375,102.5,Sutter Health Park,1,ATH
TJ Rumfield,26-09-04,Rockies,18,375,100.9,Coors Field,0,COL
Luis Torrens,26-08-12,Mets,17,375,101.2,Truist Park,1,ATL
Xander Bogaerts,26-04-23,Padres,17,375,104.2,Coors Field,1,COL
Junior Caminero,26-04-16,Rays,16,375,100.4,Rate Field,1,CWS
Edmundo Sosa,26-06-13,Phillies,16,375,99.6,American Family Field,1,MIL
Luis Arraez,26-06-13,Giants,16,375,97.8,Oracle Park,0,SFG
Enrique Hernandez,26-08-18,Dodgers,15,375,104.2,Coors Field,1,COL
Petey Halpin,26-09-15,Guardians,15,375,101.1,Progressive Field,1,CLE
Ryan Jeffers,26-08-30,Twins,13,375,99,Target Field,0,MIN
Ben Malgeri,26-08-14,Tigers,13,375,100.5,Comerica Park,1,DET
Brock Rodden,26-08-15,Mariners,12,375,100.1,Daikin Park,0,HOU
Henry Davis,26-08-16,Pirates,12,375,100.3,PNC Park,0,PIT
George Springer,26-09-13,Blue Jays,11,375,99.7,Rogers Centre,1,TOR
Victor Bericoto,26-08-14,Giants,9,375,102.2,Oracle Park,0,SFG
Jordan Walker,26-08-16,Cardinals,8,375,101.1,Wrigley Field,0,CHC
Spencer Steer,26-05-13,Reds,7,375,102.7,Great American Ball Park,0,CIN
Hao-Yu Lee,26-04-20,Tigers,7,375,107.6,Fenway Park,0,BOS
Michael Busch,26-04-22,Cubs,7,375,100.8,Wrigley Field,1,CHC
Oswald Peraza,26-06-03,Angels,6,375,97.3,Angel Stadium,0,LAA
Mookie Betts,26-05-20,Dodgers,6,375,99.8,Petco Park,0,SDP
Josh Bell,26-06-09,Twins,6,375,104.2,Comerica Park,1,DET
Fernando Tatis Jr,26-08-16,Padres,5,375,101.9,Progressive Field,0,CLE
Junior Perez,26-06-19,White Sox,5,375,101.6,Comerica Park,1,DET
Heliot Ramos,26-04-18,Giants,5,375,108.2,Nationals Park,0,WSH
Heliot Ramos,26-04-19,Giants,5,375,108.2,Nationals Park,0,WSH
Ronald Acuna Jr,26-04-13,Braves,5,375,103.8,Truist Park,0,ATL
Hector Rodriguez,26-09-12,Reds,4,375,97.1,American Family Field,0,MIL
Ceddanne Rafaela,26-04-19,Red Sox,4,375,100.5,Fenway Park,0,BOS
Ryan Ward,26-06-06,Dodgers,4,375,101.4,Dodger Stadium,0,LAD
Hao-Yu Lee,26-04-17,Tigers,4,375,101,Fenway Park,0,BOS
Travis Bazzana,26-06-03,Guardians,4,375,98.7,Yankee Stadium,0,NYY
Eli White,26-06-09,Braves,4,375,96.3,Rate Field,0,CWS
Pete Crow-Armstrong,26-05-06,Cubs,3,375,104.5,Wrigley Field,1,CHC
LuJames Groover,26-06-12,Diamondbacks,3,375,101.2,Great American Ball Park,0,CIN
Andy Pages,26-05-25,Dodgers,3,375,105.4,Dodger Stadium,0,LAD
Austin Wynns,26-04-01,Athletics,3,375,99.4,Truist Park,0,ATL
Ceddanne Rafaela,26-08-17,Red Sox,3,375,104.5,Fenway Park,0,BOS
Bobby Witt,26-09-06,Royals,3,375,112.5,Kauffman Stadium,0,KCR
Corey Seager,26-05-02,Rangers,2,375,107.9,Comerica Park,0,DET
Gavin Sheets,26-08-11,Padres,2,375,103.1,Petco Park,0,SDP
George Valera,26-04-24,Guardians,2,375,99.1,Rogers Centre,0,TOR
Ben Rice,26-07-12,Yankees,2,375,100.8,Nationals Park,0,WSH
Jackson Holliday,26-08-23,Orioles,2,375,98,Camden Yards,0,BAL
Emmanuel Rodriguez,26-09-20,Twins,2,375,98.1,Angel Stadium,0,LAA
Trevor Larnach,26-06-20,Twins,1,375,100,Chase Field,0,ARI
Mookie Betts,26-06-09,Dodgers,1,375,105.2,PNC Park,0,PIT
Willy Adames,26-04-03,Giants,1,375,102.8,Oracle Park,0,SFG
Michael Harris,26-04-25,Braves,1,375,102.3,Truist Park,0,ATL
Travis Bazzana,26-05-27,Guardians,1,375,99.1,Progressive Field,0,CLE
Jimmy Crooks,26-08-20,Cardinals,1,375,101.5,Great American Ball Park,0,CIN
Pete Crow-Armstrong,26-08-29,Cubs,1,375,103.4,Wrigley Field,1,CHC
Brandon Lowe,26-08-14,Pirates,1,375,100,PNC Park,1,PIT
Brandon Marsh,26-09-11,Phillies,1,375,98.1,Truist Park,0,ATL
Max Muncy (A),26-06-14,Athletics,1,375,103.8,Vegas Minor League,1,ATHH
Luis Garcia Jr.,26-07-28,Nationals,29,375,98.5,Nationals Park,1,WSH
James Wood,26-04-16,Nationals,15,374,104.4,PNC Park,0,PIT
Luis Garcia Jr.,26-05-05,Nationals,7,374,98.9,Progressive Field,0,CLE
Isaac Paredes,26-09-26,Astros,25,374,98.9,Sutter Health Park,1,ATH
James Wood,26-05-20,Nationals,3,374,98,Nationals Park,0,WSH
Ezequiel Duran,26-05-07,Rangers,30,374,97.6,Yankee Stadium,1,NYY
Yandy Diaz,26-05-15,Rays,30,374,99.8,Tropicana Field,1,TBR
William Contreras,26-09-09,Brewers,30,374,102.1,American Family Field,1,MIL
Junior Caminero,26-06-14,Rays,30,374,96,Angel Stadium,1,LAA
Ezequiel Duran,26-06-18,Rangers,30,374,95.7,Globe Life Park,1,TEX
Alex Bregman,26-08-11,Cubs,30,374,102.5,Nationals Park,1,WSH
Alex Bregman,26-05-12,Cubs,30,374,100.4,Truist Park,1,ATL
Miguel Vargas,26-07-03,White Sox,30,374,106.3,Progressive Field,1,CLE
Tristan Gray,26-04-03,Twins,30,374,106.4,Target Field,1,MIN
Byron Buxton,26-04-21,Twins,30,374,101.2,Citi Field,1,NYM
Dominic Canzone,26-06-17,Mariners,30,374,101.9,T-Mobile Park,1,SEA
Jazz Chisholm Jr,26-07-10,Yankees,30,374,100.6,Nationals Park,1,WSH
Masataka Yoshida,26-08-02,Red Sox,30,374,98.7,Dodger Stadium,1,LAD
Nathan Lukes,26-06-03,Blue Jays,29,374,96.9,Truist Park,1,ATL
Shohei Ohtani,26-05-29,Dodgers,29,374,99.9,Dodger Stadium,1,LAD
Austin Hedges,26-07-24,Guardians,29,374,102.5,Tropicana Field,1,TBR
Teoscar Hernandez,26-09-15,Dodgers,28,374,109.3,Great American Ball Park,1,CIN
Dylan Beavers,26-08-12,Orioles,28,374,100.6,Target Field,1,MIN
Jimmy Crooks,26-06-11,Cardinals,28,374,97.5,Citi Field,1,NYM
Randal Grichuk,26-06-22,Yankees,28,374,100.2,Rate Field,1,CWS
Zach McKinstry,26-06-11,Tigers,28,374,93.2,Comerica Park,1,DET
Ildemaro Vargas,26-04-21,Diamondbacks,28,374,99.4,Chase Field,1,ARI
J.P. Crawford,26-04-29,Mariners,28,374,98.5,Target Field,1,MIN
Mike Yastrzemski,26-06-19,Braves,28,374,97.5,Truist Park,1,ATL
Teoscar Hernandez,26-08-01,Dodgers,28,374,100.9,Dodger Stadium,1,LAD
AJ Ewing,26-09-14,Mets,28,374,102.2,Citi Field,1,NYM
Junior Caminero,26-07-03,Rays,27,374,96.8,Daikin Park,1,HOU
Pete Alonso,26-05-20,Orioles,27,374,106.8,Tropicana Field,1,TBR
Angel Martinez,26-04-08,Guardians,27,374,105.6,Progressive Field,1,CLE
Adael Amador,26-08-16,Rockies,27,374,102.3,Oracle Park,1,SFG
Brandon Marsh,26-05-15,Phillies,26,374,99.1,PNC Park,0,PIT
John Rave,26-06-17,Royals,26,374,102.8,Nationals Park,0,WSH
Michael Busch,26-08-28,Cubs,26,374,102.5,Wrigley Field,1,CHC
George Springer,26-06-19,Blue Jays,26,374,98.2,Wrigley Field,1,CHC
Rafael Flores Jr,26-08-09,Pirates,26,374,99.3,PNC Park,0,PIT
Kyle Schwarber,26-05-25,Phillies,24,374,106.8,Petco Park,1,SDP
Carter Jensen,26-06-21,Royals,24,374,99.7,Kauffman Stadium,1,KCR
Ceddanne Rafaela,26-06-12,Red Sox,24,374,96.8,Fenway Park,1,BOS
Orlando Arcia,26-06-06,Twins,24,374,95.6,Target Field,1,MIN
Kazuma Okamoto,26-05-01,Blue Jays,24,374,110.2,Target Field,1,MIN
Kyle Tucker,26-04-15,Dodgers,23,374,100.2,Dodger Stadium,1,LAD
Alejandro Kirk,26-08-14,Blue Jays,22,374,100.1,Rogers Centre,1,TOR
Josh Lowe,26-03-27,Angels,21,374,101,Daikin Park,1,HOU
Braden Montgomery,26-07-05,White Sox,21,374,99.8,Progressive Field,0,CLE
Brandon Lowe,26-08-13,Pirates,21,374,102.1,loanDepot Park,0,MIA
Cody Bellinger,26-04-18,Yankees,20,374,104,Yankee Stadium,1,NYY
Michael Harris,26-06-23,Braves,19,374,106.2,Petco Park,0,SDP
Shohei Ohtani,26-04-12,Dodgers,19,374,108.3,Dodger Stadium,1,LAD
Brady House,26-04-24,Nationals,19,374,99.6,Rate Field,1,CWS
Daniel Susac,26-06-19,Giants,18,374,99.2,loanDepot Park,0,MIA
Moises Ballesteros,26-04-25,Cubs,16,374,97,Dodger Stadium,1,LAD
Heriberto Hernandez,26-07-21,Marlins,15,374,96.8,Daikin Park,0,HOU
Spencer Steer,26-06-02,Reds,15,374,99.6,Great American Ball Park,1,CIN
Gavin Sheets,26-04-15,Padres,14,374,99.3,Petco Park,0,SDP
Jung Hoo Lee,26-04-26,Giants,12,374,101,Oracle Park,0,SFG
Kody Clemens,26-09-08,Twins,12,374,102.4,Comerica Park,1,DET
Miguel Vargas,26-06-12,White Sox,10,374,102,Rate Field,0,CWS
Spencer Steer,26-07-05,Reds,9,374,100.7,Great American Ball Park,1,CIN
Jesus Sanchez,26-05-26,Blue Jays,9,374,101.5,Rogers Centre,0,TOR
Andres Chaparro,26-08-27,Nationals,9,374,96.5,Nationals Park,0,WSH
Edwin Arroyo,26-07-24,Reds,8,374,98.2,Busch Stadium,0,STL
Bobby Witt,26-06-01,Royals,8,374,100.3,Great American Ball Park,0,CIN
Steven Kwan,26-05-04,Guardians,8,374,95,Kauffman Stadium,0,KCR
Daylen Lile,26-08-29,Nationals,7,374,97.3,Nationals Park,0,WSH
Jacob Wilson,26-08-05,Athletics,7,374,99.8,Great American Ball Park,0,CIN
Kazuma Okamoto,26-04-24,Blue Jays,7,374,112.6,Rogers Centre,0,TOR
Spencer Torkelson,26-04-09,Tigers,7,374,103.3,Target Field,0,MIN
Junior Caminero,26-07-25,Rays,7,374,110.8,Tropicana Field,0,TBR
Dylan Beavers,26-09-20,Orioles,6,374,99.4,Camden Yards,0,BAL
Nick Kurtz,26-06-08,Athletics,5,374,97.4,Vegas Minor League,1,ATHH
Troy Johnston,26-08-26,Rockies,5,374,97.9,Nationals Park,0,WSH
Marcus Semien,26-05-21,Mets,4,374,104.8,Nationals Park,0,WSH
Austin Riley,26-04-17,Braves,4,374,104.7,Citizens Bank Park,1,PHI
Curtis Mead,26-05-22,Nationals,4,374,99.5,Truist Park,0,ATL
Otto Lopez,26-05-26,Marlins,4,374,95.2,Rogers Centre,0,TOR
Zack Gelof,26-06-03,Athletics,4,374,100.8,Wrigley Field,0,CHC
Trea Turner,26-09-09,Phillies,4,374,101,Citizens Bank Park,1,PHI
Orlando Arcia,26-05-30,Twins,3,374,101.2,PNC Park,0,PIT
Rob Refsnyder,26-05-18,Mariners,3,374,101.8,T-Mobile Park,0,SEA
Daylen Lile,26-05-10,Nationals,3,374,97.4,loanDepot Park,0,MIA
Carson Kelly,26-03-26,Cubs,3,374,101.9,Wrigley Field,0,CHC
Ryan Vilade,26-05-04,Rays,2,374,97.5,Tropicana Field,0,TBR
Jose Fernandez,26-08-19,Diamondbacks,2,374,104,Fenway Park,0,BOS
Lucas Spence,26-07-20,Astros,2,374,101.1,Daikin Park,0,HOU
Ben Rice,26-05-11,Yankees,2,374,100.6,Camden Yards,1,BAL
Vladimir Guerrero Jr.,26-07-22,Blue Jays,2,374,104.5,Rogers Centre,0,TOR
Turner Hill,26-09-22,Giants,1,374,98.1,Oracle Park,0,SFG
Jake Burger,26-03-28,Rangers,1,374,104.1,Citizens Bank Park,1,PHI
Jakob Marsee,26-08-31,Marlins,1,374,99,Nationals Park,0,WSH
Adolis Garcia,26-04-30,Phillies,1,374,100.3,Citizens Bank Park,0,PHI
Connor Norby,26-08-12,Marlins,1,374,101.6,Chase Field,0,ARI
Mike Trout,26-04-10,Angels,1,374,103,Great American Ball Park,0,CIN
Dansby Swanson,26-04-05,Cubs,1,374,95.5,Progressive Field,0,CLE
Corey Seager,26-09-24,Rangers,25,374,107.5,Globe Life Park,1,TEX
Jonny DeLuca,26-09-27,Rays,7,374,97.7,Citizens Bank Park,1,PHI
Colson Montgomery,26-08-26,White Sox,29,374,98.2,Target Field,1,MIN
Manny Machado,26-06-15,Padres,11,373,99.5,Busch Stadium,0,STL
Brayan Rocchio,26-09-26,Guardians,26,373,99.1,Kauffman Stadium,1,KCR
Colson Montgomery,26-05-31,White Sox,27,373,100.9,Rate Field,1,CWS
Gabriel Moreno,26-09-13,Diamondbacks,30,373,97.5,Chase Field,1,ARI
Jake Burger,26-05-02,Rangers,30,373,102.2,Comerica Park,1,DET
Jonathan Aranda,26-04-27,Rays,30,373,103.6,Progressive Field,1,CLE
Kahlil Watson,26-06-23,Guardians,30,373,104.7,Rate Field,1,CWS
Masyn Winn,26-04-18,Cardinals,30,373,99.3,Daikin Park,1,HOU
Alex Bregman,26-08-21,Cubs,30,373,100.5,T-Mobile Park,1,SEA
Brooks Lee,26-08-26,Twins,30,373,104.5,Sutter Health Park,1,ATH
Jonathan Aranda,26-08-07,Rays,30,373,107,T-Mobile Park,1,SEA
Christian Koss,26-09-08,Giants,29,373,100.2,Oracle Park,1,SFG
Daylen Lile,26-08-31,Nationals,29,373,106.7,Nationals Park,1,WSH
Josh Naylor,26-06-01,Mariners,29,373,99.3,T-Mobile Park,1,SEA
MJ Melendez,26-05-29,Mets,29,373,105,Citi Field,1,NYM
Kody Clemens,26-09-09,Twins,29,373,100,Comerica Park,1,DET
Griffin Conine,26-07-09,Marlins,28,373,106.5,loanDepot Park,1,MIA
Esmerlyn Valdez,26-07-18,Pirates,28,373,101.6,Progressive Field,1,CLE
Nolan Gorman,26-06-02,Cardinals,28,373,100.7,Busch Stadium,1,STL
Mike Yastrzemski,26-09-20,Braves,27,373,101.4,Daikin Park,1,HOU
Elias Diaz,26-04-30,Royals,27,373,97.7,Sutter Health Park,1,ATH
Bobby Witt,26-05-12,Royals,27,373,102.7,Rate Field,1,CWS
Ryan O'Hearn,26-07-07,Pirates,27,373,101.3,PNC Park,1,PIT
Jung Hoo Lee,26-06-16,Giants,27,373,102.6,Truist Park,1,ATL
Tyler Stephenson,26-06-07,Reds,26,373,103.3,Busch Stadium,1,STL
Brandon Nimmo,26-05-07,Rangers,26,373,101,Yankee Stadium,0,NYY
Samuel Basallo,26-06-24,Orioles,26,373,112.5,Angel Stadium,1,LAA
Joey Ortiz,26-07-20,Brewers,26,373,104.9,American Family Field,1,MIL
Charles McAdoo,26-08-10,Blue Jays,26,373,100.1,Rogers Centre,1,TOR
Wyatt Langford,26-08-18,Rangers,26,373,97.8,Globe Life Park,0,TEX
Cal Raleigh,26-09-04,Mariners,25,373,108.7,T-Mobile Park,1,SEA
Grant McCray,26-08-25,Giants,25,373,105,Oracle Park,0,SFG
Alejandro Kirk,26-08-03,Blue Jays,25,373,95.9,Daikin Park,1,HOU
Luke Keaschall,26-07-01,Twins,25,373,96.7,Daikin Park,1,HOU
Alec Bohm,26-05-09,Phillies,24,373,101.2,Citizens Bank Park,1,PHI
Turner Hill,26-08-24,Giants,24,373,104.2,Oracle Park,0,SFG
Joey Ortiz,26-08-15,Brewers,24,373,101.3,Dodger Stadium,1,LAD
Luis Lara,26-08-18,Brewers,24,373,98.1,American Family Field,1,MIL
Luke Keaschall,26-08-02,Twins,22,373,102.2,T-Mobile Park,1,SEA
Samuel Basallo,26-07-10,Orioles,22,373,105.9,Camden Yards,1,BAL
Nathaniel Lowe,26-08-30,Reds,22,373,100.7,Progressive Field,1,CLE
Heliot Ramos,26-09-19,Giants,21,373,102.1,Chase Field,1,ARI
Luis Urias,26-07-17,Blue Jays,21,373,108.3,Rogers Centre,1,TOR
Justin Crawford,26-09-16,Phillies,20,373,102.9,Nationals Park,0,WSH
Jordan Beck,26-08-04,Rockies,19,373,98.1,Coors Field,0,COL
Ernie Clement,26-05-26,Blue Jays,19,373,98.1,Rogers Centre,1,TOR
Heliot Ramos,26-04-18,Giants,19,373,111.5,Nationals Park,0,WSH
Pete Crow-Armstrong,26-09-14,Cubs,19,373,95.8,Wrigley Field,1,CHC
Daylen Lile,26-08-03,Nationals,18,373,99.5,Citizens Bank Park,1,PHI
Owen Caissie,26-04-09,Marlins,17,373,102.6,loanDepot Park,0,MIA
Ozzie Albies,26-05-16,Braves,17,373,98.9,Truist Park,0,ATL
Starling Marte,26-04-04,Royals,16,373,108.2,Kauffman Stadium,0,KCR
Spencer Torkelson,26-05-27,Tigers,16,373,100.5,Comerica Park,1,DET
Aaron Judge,26-05-10,Yankees,16,373,104.4,American Family Field,1,MIL
Giancarlos Stanton,26-04-15,Yankees,15,373,107.5,Yankee Stadium,0,NYY
Brett Baty,26-05-19,Mets,15,373,97.3,Nationals Park,0,WSH
Jake Burger,26-04-08,Rangers,14,373,97.9,Globe Life Park,0,TEX
Cole Young,26-07-31,Mariners,14,373,110.2,T-Mobile Park,1,SEA
Dustin Harris,26-04-12,White Sox,13,373,100.4,Kauffman Stadium,0,KCR
TJ Rumfield,26-05-13,Rockies,12,373,102.5,PNC Park,0,PIT
Jose Fermin,26-05-23,Cardinals,12,373,99.1,Great American Ball Park,1,CIN
Pete Alonso,26-05-08,Orioles,12,373,107,Camden Yards,1,BAL
Keibert Ruiz,26-03-29,Nationals,11,373,99.6,Wrigley Field,1,CHC
Kody Clemens,26-04-09,Twins,10,373,102.3,Target Field,0,MIN
Geraldo Perdomo,26-07-28,Diamondbacks,10,373,98.6,PNC Park,0,PIT
Nick Gonzales,26-05-08,Pirates,9,373,99.8,Oracle Park,0,SFG
Jonathan Aranda,26-07-09,Rays,9,373,101.9,Tropicana Field,0,TBR
Evan Carter,26-04-10,Rangers,8,373,98.8,Dodger Stadium,1,LAD
Vinnie Pasquantino,26-04-05,Royals,7,373,96.1,Kauffman Stadium,0,KCR
Ezequiel Duran,26-05-31,Rangers,7,373,96.9,Globe Life Park,0,TEX
Connor Norby,26-08-22,Marlins,6,373,99.3,Coors Field,1,COL
Zach Neto,26-06-13,Angels,6,373,102,Angel Stadium,0,LAA
Bryce Eldridge,26-06-08,Giants,6,373,100.2,Oracle Park,0,SFG
Michael Massey,26-04-17,Royals,5,373,98.9,Yankee Stadium,0,NYY
Alejandro Kirk,26-09-07,Blue Jays,5,373,97.7,Sutter Health Park,1,ATH
Jonah Heim,26-06-26,Athletics,5,373,94.6,Angel Stadium,0,LAA
Tyler O'Neill,26-08-04,Orioles,5,373,102.6,Camden Yards,1,BAL
Pedro Pages,26-04-21,Cardinals,5,373,102.3,loanDepot Park,0,MIA
Spencer Steer,26-04-20,Reds,4,373,95.2,Tropicana Field,0,TBR
Isiah Kiner-Falefa,26-06-03,Red Sox,4,373,100.2,Fenway Park,0,BOS
Logan O'Hoppe,26-09-01,Angels,4,373,101.6,Globe Life Park,0,TEX
Freddie Freeman,26-08-19,Dodgers,4,373,103.3,Coors Field,0,COL
Austin Riley,26-07-20,Braves,4,373,106.3,Truist Park,0,ATL
Amed Rosario,26-06-22,Yankees,4,373,103.2,Comerica Park,1,DET
Connor Norby,26-05-27,Marlins,4,373,97.2,Rogers Centre,0,TOR
Alek Thomas,26-03-30,Diamondbacks,3,373,104.5,Chase Field,0,ARI
Sung-Mun Song,26-05-05,Padres,3,373,100.8,Oracle Park,0,SFG
Luis Rengifo,26-05-02,Brewers,3,373,98.7,Nationals Park,0,WSH
Brandon Nimmo,26-08-03,Rangers,3,373,95,Globe Life Park,0,TEX
Jackson Merrill,26-09-15,Padres,2,373,99.5,Coors Field,0,COL
Trea Turner,26-04-30,Phillies,2,373,102.3,Citizens Bank Park,1,PHI
Jose Altuve,26-08-29,Astros,2,373,98.8,Citi Field,0,NYM
Yainer Diaz,26-07-22,Astros,2,373,96,Daikin Park,0,HOU
Luis Campusano,26-04-10,Padres,2,373,105.9,Petco Park,0,SDP
Jackson Merrill,26-04-06,Padres,2,373,99.4,PNC Park,0,PIT
David Hamilton,26-06-01,Brewers,2,373,100.3,American Family Field,0,MIL
Matt Mclain,26-08-07,Reds,2,373,103.7,Nationals Park,0,WSH
Nathaniel Lowe,26-08-21,Reds,2,373,95.2,Coors Field,0,COL
Brandon Marsh,26-09-22,Phillies,1,373,100.1,Citizens Bank Park,0,PHI
Royce Lewis,26-09-16,Twins,1,373,103.8,Target Field,0,MIN
Ben Rice,26-08-29,Yankees,1,373,99.1,Yankee Stadium,0,NYY
Ha-Seong Kim,26-05-27,Braves,1,373,97.3,Fenway Park,0,BOS
Rafael Devers,26-03-31,Giants,1,373,103.6,Petco Park,0,SDP
Rhys Hoskins,26-05-01,Guardians,1,373,103.5,Sutter Health Park,0,ATH
Jeremiah Jackson,26-05-17,Orioles,1,373,100.9,Nationals Park,0,WSH
Sam Antonacci,26-09-02,White Sox,1,373,99.8,Daikin Park,0,CWS
Brenton Doyle,26-09-27,Rockies,2,373,101.4,Rate Field,0,CWS
Munetaka Murakami,26-09-22,White Sox,15,373,109.1,Kauffman Stadium,1,KCR
Manny Machado,26-06-30,Padres,29,372,98.7,Wrigley Field,1,CHC
Colson Montgomery,26-05-30,White Sox,24,372,106.8,Rate Field,1,CWS
Carter Jensen,26-09-26,Royals,2,372,107.9,Kauffman Stadium,0,KCR
Max Muncy (D),26-04-03,Dodgers,27,372,106.5,Nationals Park,0,WSH
Mickey Moniak,26-05-13,Rockies,30,372,103.4,PNC Park,1,PIT
Junior Caminero,26-06-25,Rays,30,372,103.9,Tropicana Field,1,TBR
Tristan Peters,26-08-24,White Sox,30,372,102,Rate Field,1,CWS
Gary Sanchez,26-08-12,Brewers,30,372,102.5,American Family Field,1,MIL
Nico Hoerner,26-08-01,Cubs,30,372,98.5,Wrigley Field,1,CHC
Eduardo Valencia,26-07-28,Tigers,30,372,96.8,Comerica Park,1,DET
Andy Pages,26-07-29,Dodgers,30,372,95.4,Dodger Stadium,1,LAD
Mauricio Dubon,26-04-06,Braves,30,372,103.4,Angel Stadium,1,LAA
Ryan McMahon,26-04-17,Yankees,30,372,103.3,Yankee Stadium,1,NYY
Connor Norby,26-04-08,Marlins,30,372,100.5,loanDepot Park,1,MIA
Chase Meidroth,26-05-05,White Sox,30,372,100.4,Angel Stadium,1,LAA
Spencer Torkelson,26-06-15,Tigers,30,372,103,Daikin Park,1,HOU
Isaac Paredes,26-09-22,Astros,29,372,104.7,T-Mobile Park,1,SEA
Brandon Nimmo,26-04-17,Rangers,29,372,102.6,T-Mobile Park,1,SEA
Wilyer Abreu,26-05-12,Red Sox,29,372,105.6,Fenway Park,0,BOS
Matt Olson,26-08-01,Braves,29,372,106.2,Truist Park,1,ATL
Harrison Bader,26-05-15,Giants,29,372,100.9,Sutter Health Park,1,ATH
Carson Benge,26-08-15,Mets,29,372,98.6,Citi Field,1,NYM
Ivan Herrera,26-09-23,Cardinals,28,372,104.8,PNC Park,0,PIT
Nick Gonzales,26-04-29,Pirates,28,372,97.8,PNC Park,0,PIT
Yandy Diaz,26-07-29,Rays,28,372,99.1,Tropicana Field,1,TBR
Miguel Vargas,26-06-26,White Sox,28,372,100.7,Rate Field,1,CWS
Andrew Benintendi,26-04-18,White Sox,28,372,102.1,Sutter Health Park,1,ATH
Rafael Flores Jr,26-09-08,Pirates,28,372,98.2,Rate Field,1,CWS
Gunnar Henderson,26-09-21,Orioles,27,372,106.9,Camden Yards,1,BAL
Wilyer Abreu,26-04-01,Red Sox,27,372,103.5,Daikin Park,1,HOU
Trea Turner,26-07-01,Phillies,27,372,93.8,Citizens Bank Park,1,PHI
Mike Yastrzemski,26-09-02,Braves,27,372,96.8,Nationals Park,0,WSH
Jose Altuve,26-07-06,Astros,27,372,94.5,Nationals Park,1,WSH
Austin Hedges,26-06-09,Guardians,27,372,109.6,Progressive Field,0,CLE
Luis Arraez,26-04-08,Giants,27,372,96.7,Oracle Park,0,SFG
Sal Stewart,26-06-27,Reds,26,372,102.5,PNC Park,1,PIT
Esmerlyn Valdez,26-07-03,Pirates,26,372,103.4,Nationals Park,0,WSH
Luke Raley,26-05-08,Mariners,26,372,103.6,Rate Field,1,CWS
Heriberto Hernandez,26-09-06,Marlins,26,372,101.2,loanDepot Park,1,MIA
Ethan Salas,26-09-16,Padres,26,372,97.6,Coors Field,1,COL
Michael Harris,26-03-27,Braves,25,372,102.9,Truist Park,1,ATL
Ty France,26-06-26,Padres,25,372,98.1,Petco Park,1,SDP
Jose Caballero,26-09-14,Yankees,25,372,103.7,Target Field,1,MIN
Ryan Jeffers,26-07-31,Twins,24,372,97,T-Mobile Park,1,SEA
Corbin Carroll,26-06-22,Diamondbacks,23,372,112.9,Busch Stadium,0,STL
Brandon Lowe,26-04-12,Pirates,23,372,97.3,Wrigley Field,1,CHC
Kevin McGonigle,26-04-20,Tigers,23,372,107,Fenway Park,0,BOS
Jake Bauers,26-04-06,Brewers,23,372,103,Fenway Park,0,BOS
Ezequiel Duran,26-07-11,Rangers,22,372,98,Globe Life Park,1,TEX
Ben Malgeri,26-08-14,Tigers,22,372,105.7,Comerica Park,1,DET
Yainer Diaz,26-04-12,Astros,21,372,105.9,T-Mobile Park,1,SEA
Esmerlyn Valdez,26-08-16,Pirates,21,372,102,PNC Park,0,PIT
Jordan Walker,26-05-02,Cardinals,20,372,110,Busch Stadium,1,STL
Miguel Amaya,26-05-16,Cubs,20,372,99.6,Rate Field,1,CWS
Ernie Clement,26-05-25,Blue Jays,20,372,98.9,Rogers Centre,1,TOR
Oswald Peraza,26-04-19,Angels,19,372,109.1,Angel Stadium,0,LAA
Graham Pauley,26-09-07,Marlins,19,372,102.6,loanDepot Park,1,MIA
Junior Caminero,26-05-17,Rays,18,372,104,Tropicana Field,1,TBR
Tyler Soderstrom,26-08-01,Athletics,18,372,99.4,Sutter Health Park,0,ATH
Nasim Nunez,26-07-01,Nationals,16,372,101.5,Fenway Park,1,BOS
Paul Goldschmidt,26-06-24,Yankees,16,372,95.2,Comerica Park,1,DET
Jackson Merrill,26-06-13,Padres,16,372,99,Camden Yards,1,BAL
Luke Raley,26-05-08,Mariners,16,372,113.4,Rate Field,1,CWS
Wyatt Langford,26-07-09,Rangers,15,372,98.1,Globe Life Park,0,TEX
Jose Siri,26-08-11,Angels,15,372,106.8,Angel Stadium,0,LAA
Tim Tawa,26-07-24,Diamondbacks,15,372,100.8,Nationals Park,0,WSH
Joey Loperfido,26-06-17,Astros,15,372,106.2,Daikin Park,0,HOU
Jung Hoo Lee,26-08-16,Giants,15,372,98.4,Oracle Park,0,SFG
Liam Hicks,26-05-21,Marlins,12,372,95,loanDepot Park,0,MIA
Caleb Durbin,26-09-13,Red Sox,11,372,102,Fenway Park,1,BOS
Hyeseong Kim,26-04-15,Dodgers,11,372,99.3,Dodger Stadium,1,LAD
Teoscar Hernandez,26-05-15,Dodgers,10,372,104.2,Angel Stadium,1,LAA
Jose Siri,26-06-12,Angels,9,372,106.1,Angel Stadium,0,LAA
Alex Bregman,26-04-27,Cubs,9,372,104,Petco Park,0,SDP
Matt Shaw,26-04-03,Cubs,8,372,102,Progressive Field,0,CLE
Nathaniel Lowe,26-04-26,Reds,7,372,98.6,Great American Ball Park,1,CIN
Nick Loftin,26-06-10,Royals,7,372,99.3,Kauffman Stadium,0,KCR
Heliot Ramos,26-07-01,Giants,7,372,99.3,Chase Field,0,ARI
Andy Pages,26-05-04,Dodgers,7,372,100.6,Daikin Park,0,HOU
Brayan Rocchio,26-05-27,Guardians,6,372,100.4,Progressive Field,0,CLE
Miguel Vargas,26-04-21,White Sox,6,372,111.6,Chase Field,1,ARI
Ty France,26-05-19,Padres,6,372,100.3,Petco Park,0,SDP
Mickey Gasper,26-05-29,Red Sox,5,372,100.5,Progressive Field,0,CLE
Alec Burleson,26-08-18,Cardinals,5,372,101,Great American Ball Park,0,CIN
Eduardo Valencia,26-08-07,Tigers,5,372,101.4,Oracle Park,0,SFG
Rowdy Tellez,26-06-23,Braves,5,372,103.2,Petco Park,0,SDP
Colt Keith,26-04-01,Tigers,5,372,101.5,Chase Field,0,ARI
Emmanuel Rodriguez,26-09-15,Twins,4,372,98.3,Target Field,0,MIN
Brandon Marsh,26-04-10,Phillies,4,372,103.2,Citizens Bank Park,1,PHI
Brandon Valenzuela,26-05-20,Blue Jays,4,372,101.8,Yankee Stadium,0,NYY
Wilyer Abreu,26-09-11,Red Sox,3,372,99.3,Fenway Park,0,BOS
Caleb Durbin,26-04-20,Red Sox,3,372,101.1,Fenway Park,0,BOS
Freddy Fermin,26-09-01,Padres,3,372,98.5,Great American Ball Park,0,CIN
Fernando Tatis Jr,26-08-25,Padres,3,372,110.1,Petco Park,0,SDP
Jorge Soler,26-07-10,Angels,3,372,110,Target Field,0,MIN
Jackson Merrill,26-05-09,Padres,3,372,99.9,Petco Park,0,SDP
Ben Rice,26-05-31,Yankees,3,372,106,Sutter Health Park,0,ATH
Kyle Stowers,26-09-22,Marlins,2,372,106.1,Wrigley Field,1,CHC
Christian Yelich,26-09-09,Brewers,2,372,98.1,American Family Field,1,MIL
Bryan Reynolds,26-06-11,Pirates,2,372,97.3,PNC Park,0,PIT
Josh Lowe,26-07-02,Angels,2,372,99.8,T-Mobile Park,0,SEA
Tommy Edman,26-07-17,Dodgers,2,372,102.7,Yankee Stadium,0,NYY
Jazz Chisholm Jr,26-08-11,Yankees,2,372,101.6,Yankee Stadium,0,NYY
Jordan Walker,26-04-07,Cardinals,2,372,106.1,Nationals Park,0,WSH
Salvador Perez,26-08-10,Royals,2,372,98.1,Dodger Stadium,0,LAD
Alex Bregman,26-07-29,Cubs,1,372,101.2,Busch Stadium,0,STL
Dominic Smith,26-07-03,Braves,1,372,97.3,Truist Park,0,ATL
Josh Bell,26-07-03,Twins,1,372,99.3,Yankee Stadium,0,NYY
Xander Bogaerts,26-06-08,Padres,1,372,99,Petco Park,0,SDP
Connor Norby,26-03-27,Marlins,1,372,104,loanDepot Park,0,MIA
Colt Keith,26-04-25,Tigers,1,372,101.9,Great American Ball Park,0,CIN
Luis Garcia Jr.,26-08-13,Nationals,10,372,99,Yankee Stadium,0,NYY
Colson Montgomery,26-09-05,White Sox,30,372,112.3,Rate Field,1,CWS
Lawrence Butler,26-09-24,Athletics,8,371,109,Sutter Health Park,0,ATH
Esmerlyn Valdez,26-07-19,Pirates,30,371,102.2,Progressive Field,1,CLE
Keibert Ruiz,26-07-10,Nationals,30,371,98.7,Nationals Park,1,WSH
Yandy Diaz,26-08-28,Rays,30,371,103,Tropicana Field,1,TBR
Spencer Torkelson,26-06-11,Tigers,29,371,95.6,Comerica Park,1,DET
Ben Rice,26-06-16,Yankees,29,371,96.9,Yankee Stadium,1,NYY
Enrique Hernandez,26-05-26,Dodgers,29,371,103.3,Dodger Stadium,1,LAD
Teoscar Hernandez,26-04-06,Dodgers,29,371,102.2,Rogers Centre,1,TOR
Luke Keaschall,26-06-13,Twins,29,371,107.1,Target Field,1,MIN
Carson Kelly,26-08-29,Cubs,29,371,96.3,Wrigley Field,1,CHC
Richie Palacios,26-09-04,Rays,29,371,98.4,Globe Life Park,1,TEX
Michael Massey,26-09-17,Royals,28,371,99.1,PNC Park,1,PIT
Brandon Lowe,26-06-16,Pirates,28,371,104.6,Sutter Health Park,1,ATH
Brooks Lee,26-04-14,Twins,28,371,101.5,Target Field,1,MIN
Christian Walker,26-04-07,Astros,28,371,94.6,Coors Field,1,COL
Rafael Flores Jr,26-08-14,Pirates,28,371,100.3,PNC Park,1,PIT
Josh Smith,26-09-06,Rangers,28,371,99.7,Kauffman Stadium,1,KCR
Alex Bregman,26-09-111,Cubs,28,371,102.4,Wrigley Field,1,CHC
Austin Wells,26-09-14,Yankees,28,371,102.8,Target Field,1,MIN
Dominic Smith,26-04-12,Braves,27,371,100.7,Truist Park,1,ATL
Dalton Rushing,26-04-18,Dodgers,27,371,99.5,Coors Field,1,COL
Kyle Schwarber,26-09-06,Phillies,27,371,107,Citizens Bank Park,1,PHI
Nolan Arenado,26-09-11,Diamondbacks,27,371,97.7,Chase Field,1,ARI
Fernando Tatis Jr,26-09-06,Padres,26,371,101.7,Petco Park,1,SDP
Salvador Perez,26-04-25,Royals,26,371,111.2,Kauffman Stadium,1,KCR
Chase Delauter,26-05-17,Guardians,26,371,105.3,Progressive Field,1,CLE
Liam Hicks,26-03-30,Marlins,26,371,105.1,loanDepot Park,1,MIA
Edgar Quero,26-05-30,White Sox,26,371,97.7,Rate Field,1,CWS
Kazuma Okamoto,26-05-30,Blue Jays,24,371,96.3,Camden Yards,0,BAL
Ben Rice,26-09-11,Yankees,23,371,100.7,Yankee Stadium,1,NYY
Mike Trout,26-06-15,Angels,23,371,100.4,Chase Field,1,ARI
Nolan Schanuel,26-04-22,Angels,23,371,102.4,Angel Stadium,1,LAA
Nico Hoerner,26-04-21,Cubs,23,371,96.3,Wrigley Field,1,CHC
Carter Jensen,26-03-29,Royals,22,371,99.6,Truist Park,1,ATL
Sal Stewart,26-05-03,Reds,22,371,100.1,PNC Park,0,PIT
Jarren Duran,26-05-30,Red Sox,22,371,105.6,Progressive Field,1,CLE
Ali Sanchez,26-07-27,Yankees,22,371,100.7,Rate Field,1,CWS
Matt Mclain,26-05-06,Reds,21,371,99.1,Wrigley Field,1,CHC
Kyle Stowers,26-05-21,Marlins,21,371,100.5,loanDepot Park,1,MIA
Masyn Winn,26-05-02,Cardinals,20,371,102.7,Busch Stadium,0,STL
Paul Goldschmidt,26-07-24,Yankees,20,371,100.9,Citizens Bank Park,1,PHI
Christian Vazquez,26-05-22,Astros,20,371,98.6,Wrigley Field,1,CHC
Willson Contreras,26-06-07,Red Sox,19,371,110,Yankee Stadium,0,NYY
Jonah Heim,26-07-05,Braves,19,371,104.3,Sutter Health Park,1,ATH
Hector Rodriguez,26-09-02,Reds,19,371,94.6,Great American Ball Park,1,CIN
Nathaniel Lowe,26-09-07,Reds,19,371,97.5,Camden Yards,1,BAL
Noelvi Marte,26-07-08,Reds,18,371,94.7,Great American Ball Park,1,CIN
Kody Clemens,26-07-18,Twins,18,371,106,Wrigley Field,1,CHC
Wyatt Langford,26-09-02,Rangers,18,371,95.8,Globe Life Park,0,TEX
Josh Bell,26-06-12,Twins,16,371,103.4,Target Field,0,MIN
Nick Allen,26-09-13,Astros,15,371,96.3,Tropicana Field,1,TBR
Chase Meidroth,26-05-24,White Sox,15,371,104.3,Oracle Park,1,SFG
Tommy Edman,26-08-26,Dodgers,14,371,103.8,Truist Park,1,ATL
Dillon Dingler,26-05-21,Tigers,14,371,99.6,Comerica Park,1,DET
Matt Chapman,26-05-05,Giants,12,371,102,Oracle Park,0,SFG
Angel Martinez,26-04-26,Guardians,10,371,101.3,Rogers Centre,0,TOR
Jackson Merrill,26-04-28,Padres,10,371,98.5,Petco Park,0,SDP
Maikel Garcia,26-03-27,Royals,7,371,99.5,Truist Park,0,ATL
Harry Ford,26-09-06,Nationals,6,371,100.2,Dodger Stadium,0,LAD
Thomas Saggase,26-06-03,Cardinals,5,371,105.6,Busch Stadium,0,STL
Jonathan Aranda,26-05-25,Rays,5,371,105.6,Camden Yards,1,BAL
Spencer Torkelson,26-07-09,Tigers,5,371,99.7,Comerica Park,0,DET
Freddie Freeman,26-04-04,Dodgers,5,371,98,Nationals Park,0,WSH
Sung-Mun Song,26-05-15,Padres,5,371,97,T-Mobile Park,0,SEA
Victor Scott,26-09-01,Cardinals,5,371,106.3,Dodger Stadium,0,LAD
Matt Shaw,26-09-02,Cubs,5,371,99.6,Wrigley Field,0,CHC
Otto Lopez,26-09-16,Marlins,4,371,94.7,Chase Field,0,ARI
Ronald Acuna Jr,26-09-15,Braves,4,371,105.8,Wrigley Field,1,CHC
Kyle Karros,26-07-09,Rockies,4,371,101.5,Oracle Park,0,SFG
Joc Pederson,26-07-07,Rangers,4,371,100.5,Globe Life Park,0,TEX
Dansby Swanson,26-06-24,Cubs,4,371,96.4,Citi Field,0,NYM
J.C. Escarra,26-04-18,Yankees,4,371,105.3,Yankee Stadium,0,NYY
Lourdes Gurriel ,26-05-11,Diamondbacks,4,371,97.9,Globe Life Park,0,TEX
Corbin Carroll,26-04-30,Diamondbacks,3,371,102.5,American Family Field,0,MIL
Drew Cavanaugh,26-08-27,Giants,3,371,101.9,Oracle Park,0,SFG
Hunter Goodman,26-06-01,Rockies,2,371,104.7,Angel Stadium,0,LAA
Edmundo Sosa,26-06-22,Phillies,2,371,100.5,Nationals Park,0,WSH
Ryan O'Hearn,26-07-09,Pirates,2,371,98.9,PNC Park,0,PIT
Will Smith,26-09-02,Dodgers,2,371,99,Dodger Stadium,0,LAD
Ty France,26-08-09,Padres,2,371,96.2,Petco Park,0,SDP
Luke Raley,26-06-25,Mariners,2,371,97.8,PNC Park,0,PIT
Davis Schneider,26-06-16,Blue Jays,2,371,98.6,Fenway Park,0,BOS
Victor Robles,26-06-09,Mariners,2,371,96.8,Camden Yards,0,BAL
Kody Clemens,26-05-30,Twins,2,371,101.9,PNC Park,0,PIT
Austin Riley,26-04-06,Braves,2,371,98.6,Angel Stadium,0,LAA
Ezequiel Duran,26-09-22,Rangers,1,371,97.2,Globe Life Park,0,TEX
JJ Wetherholt,26-09-18,Cardinals,1,371,99.1,Busch Stadium,0,STL
Jeremy Pena,26-09-10,Astros,1,371,96.5,Citizens Bank Park,0,PHI
Adley Rutschman,26-09-07,Orioles,1,371,112.1,Fenway Park,1,BOS
Michael Massey,26-07-12,Royals,1,371,96.9,Camden Yards,0,BAL
Alika Williams,26-06-10,Athletics,1,371,99.3,Vegas Minor League,1,ATHH
Brice Matthews,26-05-08,Astros,1,371,104.9,Great American Ball Park,0,CIN
Josh Bell,26-05-02,Twins,1,371,102.3,Target Field,0,MIN
Edmundo Sosa,26-09-08,Phillies,1,371,100,Citizens Bank Park,0,PHI
Luis Garcia Jr.,26-07-30,Nationals,1,371,103.2,Truist Park,0,ATL
Henry Bolte,26-09-25,Athletics,12,371,103.2,Sutter Health Park,0,ATH
Colson Montgomery,26-09-10,White Sox,7,371,110.7,Rate Field,0,CWS
Luis Garcia Jr.,26-07-05,Nationals,30,370,99.1,Nationals Park,1,WSH
Nasim Nunez,26-09-27,Nationals,1,370,97.5,Nationals Park,0,WSH
Max Muncy (D),26-08-16,Dodgers,30,370,101.6,Dodger Stadium,1,LAD
Max Muncy (D),26-05-10,Dodgers,3,370,107,Dodger Stadium,0,LAD
Ian Happ,26-05-27,Cubs,30,370,95.4,PNC Park,1,PIT
Jose Caballero,26-04-13,Yankees,30,370,108.2,Yankee Stadium,1,NYY
Drew Gilbert,26-09-12,Giants,29,370,103.3,Oracle Park,1,SFG
Kyle Manzardo,26-06-03,Guardians,29,370,99.4,Yankee Stadium,1,NYY
Trent Grisham,26-07-03,Yankees,29,370,102.8,Yankee Stadium,1,NYY
Carson Benge,26-09-19,Mets,28,370,100.3,Citi Field,1,CLE
Jeremy Pena,26-09-15,Astros,28,370,96.7,Daikin Park,1,HOU
Keibert Ruiz,26-08-27,Nationals,28,370,97.8,Nationals Park,1,WSH
Keibert Ruiz,26-06-12,Nationals,28,370,104.5,Nationals Park,0,WSH
Andy Pages,26-05-06,Dodgers,28,370,109.7,Daikin Park,1,HOU
Nathan Church,26-04-21,Cardinals,28,370,95.4,loanDepot Park,1,MIA
Vinnie Pasquantino,26-08-27,Royals,28,370,95.6,Rogers Centre,1,TOR
Pete Crow-Armstrong,26-07-08,Cubs,27,370,94.2,Camden Yards,1,BAL
Drake Baldwin,26-07-23,Braves,27,370,98.4,Truist Park,1,ATL
Joshua Baez,26-08-29,Cardinals,26,370,97.3,Busch Stadium,1,STL
Gleybar Torres,26-08-04,Tigers,25,370,98.8,T-Mobile Park,1,SEA
Kyle Isbel,26-08-10,Royals,25,370,96.5,Kauffman Stadium,1,KCR
Casey Schmitt,26-05-16,Giants,24,370,106.1,Sutter Health Park,1,ATH
Ozzie Albies,26-04-15,Braves,24,370,99.7,Truist Park,1,ATL
Jacob Wilson,26-04-15,Athletics,24,370,97.9,Sutter Health Park,1,ATH
Kyle Manzardo,26-06-18,Guardians,23,370,100.8,American Family Field,1,MIL
Jose Fermin,26-04-18,Cardinals,23,370,98.5,Daikin Park,1,HOU
Kody Clemens,26-08-21,Twins,23,370,104.5,Petco Park,0,SDP
Josh Bell,26-09-14,Twins,23,370,104,Target Field,1,MIN
Gunnar Henderson,26-06-17,Orioles,22,370,102.6,T-Mobile Park,1,SEA
Drake Baldwin,26-03-27,Braves,22,370,110.2,Truist Park,1,ATL
Ryan Vilade,26-03-26,Rays,21,370,92.6,Busch Stadium,0,STL
Mitch Garver,26-04-25,Mariners,21,370,103.5,Busch Stadium,0,STL
JJ Bleday,26-08-22,Reds,21,370,102.8,Chase Field,1,ARI
Roman Anthony,26-09-02,Red Sox,21,370,102.6,Fenway Park,1,BOS
Owen Caissie,26-06-10,Marlins,20,370,110.2,loanDepot Park,1,MIA
Nick Gonzales,26-06-03,Pirates,20,370,105.5,Daikin Park,1,HOU
Eugenio Suarez,26-07-11,Reds,20,370,101.7,Great American Ball Park,1,CIN
Dalton Rushing,26-07-06,Dodgers,19,370,103.1,Dodger Stadium,0,LAD
Andruw Monasterio,26-08-06,Red Sox,19,370,103.6,Fenway Park,0,BOS
Coby Mayo,26-09-18,Orioles,18,370,107.3,Camden Yards,0,BAL
Christian Walker,26-06-12,Astros,18,370,99.7,Kauffman Stadium,1,KCR
Jose Altuve,26-08-23,Astros,17,370,95.4,Daikin Park,1,HOU
Randal Grichuk,26-06-05,Yankees,16,370,96,Citizens Bank Park,1,PHI
Keibert Ruiz,26-05-26,Nationals,16,370,100,Progressive Field,0,CLE
Brady House,26-08-25,Nationals,15,370,98.8,Nationals Park,0,WSH
Nolan Arenado,26-08-07,Diamondbacks,15,370,95.8,Chase Field,1,ARI
Wilyer Abreu,26-08-11,Red Sox,15,370,96,Rogers Centre,1,TOR
Carter Jensen,26-05-24,Royals,14,370,99.1,Kauffman Stadium,0,KCR
Tyler Soderstrom,26-05-27,Athletics,13,370,100.9,Sutter Health Park,0,ATH
Teoscar Hernandez,26-04-15,Dodgers,13,370,104.2,Dodger Stadium,1,LAD
Drew Millas,26-06-16,Nationals,11,370,103.2,Nationals Park,0,WSH
Fernando Tatis Jr,26-06-30,Padres,10,370,95.7,Wrigley Field,1,CHC
Jose Caballero,26-04-07,Yankees,10,370,104.6,Yankee Stadium,0,NYY
Jackson Chourio,26-06-07,Brewers,10,370,104.3,Coors Field,0,COL
Marcell Ozuna,26-05-09,Pirates,9,370,95.2,Oracle Park,0,SFG
Griffin Conine,26-08-21,Marlins,9,370,94,loanDepot Park,0,MIA
Yandy Diaz,26-07-08,Rays,8,370,95.7,Tropicana Field,0,TBR
Matt Shaw,26-04-17,Cubs,8,370,103.1,Wrigley Field,0,CHC
Salvador Perez,26-06-19,Royals,7,370,95.9,Kauffman Stadium,0,KCR
Edwin Arroyo,26-07-12,Reds,7,370,105.1,Great American Ball Park,0,CIN
Otto Lopez,26-09-14,Marlins,6,370,99,Chase Field,0,ARI
Michael Massey,26-05-26,Royals,6,370,99.2,Kauffman Stadium,0,KCR
Spencer Jones,26-08-01,Yankees,6,370,106,Wrigley Field,1,CHC
Daylen Lile,26-05-24,Nationals,6,370,106.4,Truist Park,0,ATL
Jordan Walker,26-04-19,Cardinals,6,370,98,Daikin Park,0,HOU
Royce Lewis,26-09-04,Twins,5,370,103.5,Rate Field,0,CWS
Ozzie Albies,26-04-06,Braves,5,370,99.2,Angel Stadium,0,LAA
Miguel Andujar,26-04-18,Padres,5,370,98.6,Angel Stadium,0,LAA
Yandy Diaz,26-09-01,Rays,5,370,104.5,Tropicana Field,0,TBR
Masyn Winn,26-05-14,Cardinals,4,370,106.9,Sutter Health Park,0,ATH
Kyle Tucker,26-05-31,Dodgers,4,370,105.9,Dodger Stadium,0,LAD
Roman Anthony,26-09-03,Red Sox,4,370,100.9,Camden Yards,1,BAL
LuJames Groover,26-06-19,Diamondbacks,3,370,105.8,Chase Field,0,ARI
AJ Ewing,26-06-17,Mets,3,370,100.2,Great American Ball Park,0,CIN
Matt Olson,26-09-15,Braves,2,370,109.5,Wrigley Field,0,CHC
Nathan Church,26-03-30,Cardinals,2,370,102.2,Busch Stadium,0,STL
Ronald Acuna Jr,26-08-28,Braves,2,370,108.3,Truist Park,0,ATL
Brice Turang,26-05-19,Brewers,2,370,101.4,Wrigley Field,1,CHC
Bryan Reynolds,26-09-08,Pirates,2,370,99.5,Rate Field,0,CWS
Austin Wells,26-09-16,Yankees,1,370,98.4,Target Field,0,MIN
Jonny DeLuca,26-03-29,Rays,1,370,106.3,Busch Stadium,0,STL
Jordan Beck,26-09-11,Rockies,1,370,102.2,Comerica Park,0,DET
Jake Burger,26-05-13,Rangers,1,370,99.3,Globe Life Park,1,TEX
Ceddanne Rafaela,26-05-22,Red Sox,1,370,99.1,Fenway Park,0,BOS
Miguel Vargas,26-08-01,White Sox,1,370,100.9,Tropicana Field,0,TBR
AJ Ewing,26-06-24,Mets,1,370,94,Citi Field,0,NYM
Francisco Lindor,26-06-27,Mets,1,370,97.9,Citi Field,0,NYM
Bo Bichette,26-08-22,Mets,1,370,98.4,Rate Field,0,CWS
Kevin McGonigle,26-08-29,Tigers,1,370,98.8,Comerica Park,0,DET
Nick Sogard,26-08-04,Red Sox,1,370,97,Fenway Park,0,BOS
Max Muncy (A),26-08-09,Athletics,2,370,97.9,Fenway Park,0,BOS
Manny Machado,26-05-22,Padres,23,370,109.6,Petco Park,1,SDP
Yordan Alvarez,26-08-12,Astros,26,370,99.1,Oracle Park,0,SFG
Yordan Alvarez,26-06-06,Astros,30,369,100.6,Daikin Park,1,HOU
Luis Garcia Jr.,26-07-26,Nationals,24,369,104.1,Nationals Park,0,WSH
Tyler O'Neill,26-07-08,Orioles,30,369,108.5,Camden Yards,1,BAL
Randy Arozarena,26-05-12,Mariners,30,369,101.7,Daikin Park,1,HOU
Mitch Garver,26-05-14,Mariners,30,369,99.1,Daikin Park,1,HOU
Bryce Eldridge,26-07-28,Giants,30,369,99.3,Oracle Park,1,SFG
Mark Vientos,26-09-04,Mets,29,369,99.6,Citi Field,1,NYM
Cole Young,26-07-19,Mariners,29,369,103.6,T-Mobile Park,1,SEA
Kyle Manzardo,26-07-28,Guardians,29,369,100.1,Great American Ball Park,1,CIN
Alex Bregman,26-07-27,Cubs,29,369,97,Busch Stadium,1,STL
Jeremy Pena,26-08-16,Astros,28,369,103.5,Daikin Park,1,HOU
Bryan Torres,26-07-03,Cardinals,28,369,104.7,Wrigley Field,1,CHC
Pete Alonso,26-08-26,Orioles,28,369,102.8,Busch Stadium,1,STL
Trent Grisham,26-04-19,Yankees,28,369,103,Yankee Stadium,1,NYY
Vinnie Pasquantino,26-09-04,Royals,28,369,101,Kauffman Stadium,1,KCR
Freddie Freeman,26-06-14,Dodgers,27,369,101.6,Rate Field,1,CWS
Kyle Schwarber,26-08-13,Phillies,27,369,99.6,Field of Dreams,1,FOD
Giancarlos Stanton,26-04-21,Yankees,26,369,111.5,Fenway Park,1,BOS
Casey Schmitt,26-05-20,Giants,26,369,109.9,Chase Field,1,ARI
Konnor Griffin,26-05-27,Pirates,25,369,98.3,PNC Park,1,PIT
Nick Kurtz,26-06-26,Athletics,25,369,100.5,Angel Stadium,0,LAA
Vaughn Grissom,26-07-10,Angels,24,369,101.7,Target Field,1,MIN
Brady House,26-05-16,Nationals,24,369,109.5,Nationals Park,1,WSH
Agustin Ramirez,26-09-18,Marlins,24,369,112.5,Petco Park,1,SDP
Carson Benge,26-08-05,Mets,22,369,94.7,Progressive Field,1,CLE
Francisco Lindor,26-07-27,Mets,22,369,100.3,Citi Field,0,NYM
J.P. Crawford,26-04-19,Mariners,22,369,107.8,T-Mobile Park,1,SEA
Dillon Dingler,26-05-12,Tigers,22,369,101.8,Citi Field,1,NYM
Zach Neto,26-08-04,Angels,21,369,98.1,Camden Yards,0,BAL
Mookie Betts,26-06-14,Dodgers,21,369,105.7,Rate Field,1,CWS
Walton Donovan,26-09-08,Athletics,20,369,104.9,Sutter Health Park,1,ATH
Sal Stewart,26-07-22,Reds,20,369,103.5,T-Mobile Park,1,SEA
Ryan Jeffers,26-07-17,Twins,20,369,93.8,Wrigley Field,1,CHC
Ronald Acuna Jr,26-09-18,Braves,19,369,111,Daikin Park,1,HOU
Ty France,26-08-10,Padres,19,369,106.5,Petco Park,1,SDP
Lawrence Butler,26-07-18,Athletics,19,369,100.4,Sutter Health Park,0,ATH
Shea Langeliers,26-06-04,Athletics,19,369,98.7,Wrigley Field,1,CHC
Jo Adell,26-05-22,Angels,19,369,114.9,Angel Stadium,0,LAA
Victor Caratini,26-06-23,Twins,19,369,100.4,Target Field,1,MIN
Nico Hoerner,26-04-08,Cubs,18,369,97.3,Tropicana Field,1,TBR
Randy Arozarena,26-04-06,Mariners,17,369,99.8,Globe Life Park,0,TEX
Josh Jung,26-09-17,Rangers,13,369,98.1,Globe Life Park,1,TEX
Ryan McMahon,26-05-27,Yankees,13,369,104.5,Kauffman Stadium,1,KCR
Jake Cronenworth,26-09-17,Padres,13,369,102.2,Coors Field,0,COL
Bryan Torres,26-07-07,Cardinals,12,369,97.2,Busch Stadium,0,STL
Royce Lewis,26-05-05,Twins,12,369,98.7,Nationals Park,0,WSH
Alec Bohm,26-06-06,Phillies,11,369,108.2,Citizens Bank Park,1,PHI
Cam Smith,26-04-13,Astros,11,369,103,T-Mobile Park,0,SEA
Mickey Gasper,26-05-27,Red Sox,10,369,102.9,Fenway Park,0,BOS
Luis Arraez,26-05-09,Giants,9,369,95.8,Oracle Park,0,SFG
Jake Burger,26-08-30,Rangers,9,369,98,American Family Field,0,MIL
Nolan Gorman,26-05-02,Cardinals,8,369,101.1,Busch Stadium,0,STL
Andruw Monasterio,26-07-09,Red Sox,7,369,95.5,Rate Field,0,CWS
Charles McAdoo,26-05-29,Blue Jays,7,369,98.5,Camden Yards,1,BAL
Trevor Larnach,26-08-26,Twins,7,369,109.9,Sutter Health Park,1,ATH
Paul Goldschmidt,26-05-18,Yankees,6,369,108.2,Yankee Stadium,0,NYY
Josh Lowe,26-05-03,Angels,6,369,99.9,Angel Stadium,0,LAA
Gleybar Torres,26-06-13,Tigers,6,369,100.1,Progressive Field,0,CLE
Christian Walker,26-08-27,Astros,5,369,100,Yankee Stadium,1,NYY
Dylan Crews,26-08-16,Nationals,5,369,101.5,Citi Field,0,NYM
Hao-Yu Lee,26-06-27,Tigers,5,369,93.8,Comerica Park,1,DET
Nathaniel Lowe,26-05-02,Reds,4,369,98,PNC Park,0,PIT
Troy Johnston,26-07-02,Rockies,4,369,91.7,Coors Field,0,COL
Mookie Betts,26-09-06,Dodgers,4,369,100.6,Dodger Stadium,0,LAD
Jorbit Vivas,26-07-22,Nationals,4,369,96.5,Coors Field,0,COL
Michael Harris,26-04-02,Braves,4,369,111.6,Chase Field,0,ARI
Christian Walker,26-05-23,Astros,4,369,105.6,Wrigley Field,1,CHC
Eli White,26-04-07,Braves,4,369,95.3,Angel Stadium,0,LAA
Luke Keaschall,26-08-22,Twins,4,369,100.1,Petco Park,0,SDP
Nathan Church,26-05-04,Cardinals,3,369,98.5,Busch Stadium,0,STL
Chase Delauter,26-09-02,Guardians,3,369,98.6,Progressive Field,0,CLE
Vladimir Guerrero Jr.,26-05-17,Blue Jays,3,369,105.1,Comerica Park,1,DET
Adael Amador,26-09-23,Rockies,2,369,93.6,Coors Field,0,COL
Nico Hoerner,26-09-19,Cubs,2,369,96.8,Great American Ball Park,0,CIN
Jacob Wilson,26-07-24,Athletics,2,369,93.4,Target Field,0,MIN
Travis Bazzana,26-05-18,Guardians,2,369,97.3,Comerica Park,0,DET
Victor Bericoto,26-09-19,Giants,1,369,104.9,Dodger Stadium,0,LAD
Lars Nootbaar,26-07-23,Cardinals,1,369,98.7,Busch Stadium,0,STL
Pete Crow-Armstrong,26-09-13,Cubs,1,369,106.4,Wrigley Field,0,CHC
Alika Williams,26-09-13,Athletics,1,369,101.9,Sutter Health Park,0,ATH
Ryan Jeffers,26-09-02,Twins,1,369,94.3,Target Field,0,MIN
Alex Bregman,26-07-08,Cubs,1,369,96.9,Camden Yards,0,BAL
Alec Burleson,26-06-10,Cardinals,1,369,100.2,Citi Field,0,NYM
Jazz Chisholm Jr,26-07-19,Yankees,1,369,100.1,Yankee Stadium,0,NYY
Samad Taylor,26-07-01,Padres,1,369,98.3,Wrigley Field,0,CHC
Yainer Diaz,26-04-19,Astros,1,369,108.3,Daikin Park,0,HOU
Amed Rosario,26-04-17,Yankees,1,369,104.3,Yankee Stadium,0,NYY
Gleybar Torres,26-04-16,Tigers,1,369,101.4,Comerica Park,0,DET
Lawrence Butler,26-04-30,Athletics,1,369,99.8,Sutter Health Park,0,ATH
Max Clark,26-08-26,Tigers,1,369,97.7,Comerica Park,0,DET
Josh Jung,26-09-24,Rangers,28,369,104.3,Globe Life Park,1,TEX
Munetaka Murakami,26-04-01,White Sox,6,368,105.1,loanDepot Park,0,MIA
Munetaka Murakami,26-04-22,White Sox,2,368,97.2,Chase Field,0,ARI
Manny Machado,26-07-09,Padres,27,368,101.4,Petco Park,1,SDP
Colson Montgomery,26-05-08,White Sox,5,368,104.1,Rate Field,0,CWS
CJ Abrams,26-06-21,Nationals,15,368,101.2,Tropicana Field,1,TBR
Yordan Alvarez,26-06-12,Astros,15,368,103.6,Kauffman Stadium,1,KCR
Elly De La Cruz,26-09-22,Reds,22,368,100.9,Truist Park,1,ATL
Evan Carter,26-05-06,Rangers,30,368,99.6,Yankee Stadium,1,NYY
Ceddanne Rafaela,26-05-26,Red Sox,30,368,101,Fenway Park,1,BOS
Romy Gonzalez,26-07-04,Red Sox,30,368,103.2,Angel Stadium,1,LAA
Nolan Arenado,26-08-22,Diamondbacks,30,368,98.7,Chase Field,1,ARI
Alex Bregman,26-08-06,Cubs,30,368,99.7,Wrigley Field,1,CHC
Kyle Stowers,26-07-30,Marlins,30,368,112.8,Citi Field,1,NYM
Daulton Varsho,26-06-20,Blue Jays,30,368,105.6,Wrigley Field,1,CHC
Carson Benge,26-09-15,Mets,29,368,101.8,Citi Field,1,NYM
Brandon Marsh,26-05-25,Phillies,29,368,102,Petco Park,1,SDP
Andrew Benintendi,26-05-30,White Sox,29,368,100.6,Rate Field,1,CWS
Colt Emerson,26-06-01,Mariners,29,368,99.6,T-Mobile Park,1,SEA
Cody Bellinger,26-08-25,Yankees,29,368,102,Yankee Stadium,1,NYY
Brayan Rocchio,26-08-14,Guardians,28,368,96,Progressive Field,1,CLE
Coby Mayo,26-06-22,Orioles,28,368,113,Angel Stadium,1,LAA
Gunnar Henderson,26-04-18,Orioles,28,368,102.5,Progressive Field,1,CLE
Kyle Stowers,26-07-03,Marlins,28,368,108.6,Sutter Health Park,1,ATH
Michael Conforto,26-07-08,Cubs,27,368,94.5,Camden Yards,1,BAL
George Lombard Jr,26-09-18,Yankees,27,368,103.8,Chase Field,1,ARI
TJ Friedl,26-04-25,Reds,26,368,98.2,Great American Ball Park,1,CIN
Francisco Alvarez,26-06-10,Mets,26,368,101.4,Citi Field,1,NYM
Giancarlos Stanton,26-04-05,Yankees,26,368,116.3,Yankee Stadium,0,NYY
Gunnar Henderson,26-05-15,Orioles,26,368,111.9,Nationals Park,0,WSH
Kerry Carpenter,26-04-24,Tigers,26,368,97.8,Great American Ball Park,1,CIN
Wyatt Langford,26-08-24,Rangers,26,368,103,Rate Field,1,CWS
Bryan Torres,26-06-07,Cardinals,25,368,101.4,Busch Stadium,1,STL
Griffin Conine,26-08-09,Marlins,25,368,95.9,loanDepot Park,1,MIA
James Outman,26-06-30,Tigers,25,368,92.1,Yankee Stadium,1,NYY
Gabriel Moreno,26-06-07,Diamondbacks,25,368,106.4,Chase Field,1,ARI
Cal Raleigh,26-04-04,Mariners,25,368,104.7,Angel Stadium,0,LAA
Gunnar Henderson,26-05-24,Orioles,23,368,100.8,Camden Yards,1,BAL
Alex Call,26-06-23,Dodgers,23,368,99.7,Target Field,1,MIN
Jac Caglianone,26-07-10,Royals,22,368,99.5,Camden Yards,1,BAL
Yandy Diaz,26-07-07,Rays,22,368,97.9,Tropicana Field,1,TBR
Brian Navarreto,26-08-17,Marlins,22,368,103.4,Citizens Bank Park,1,PHI
Ronald Acuna Jr,26-05-30,Braves,22,368,101.1,Great American Ball Park,1,CIN
Tanner Murray,26-04-12,White Sox,22,368,95.4,Kauffman Stadium,1,KCR
Jake Mangum,26-08-08,Pirates,22,368,101.2,PNC Park,0,PIT
Jazz Chisholm Jr,26-06-19,Yankees,21,368,101.1,Yankee Stadium,0,NYY
Keibert Ruiz,26-05-20,Nationals,21,368,106.3,Nationals Park,0,WSH
Jose Altuve,26-03-30,Astros,21,368,102.2,Daikin Park,1,HOU
Christian Koss,26-09-05,Giants,21,368,98.8,Citi Field,1,NYM
Kevin McGonigle,26-08-06,Tigers,20,368,102.7,T-Mobile Park,1,SEA
Luke Keaschall,26-07-04,Twins,20,368,98.4,Yankee Stadium,1,NYY
Josh Lowe,26-09-17,Angels,18,368,99.2,Angel Stadium,0,LAA
Joshua Baez,26-08-15,Cardinals,18,368,99.8,Wrigley Field,1,CHC
Blake Dunn,26-06-03,Reds,18,368,97.7,Great American Ball Park,1,CIN
Ryan O'Hearn,26-07-08,Pirates,18,368,99.6,PNC Park,0,PIT
Luke Raley,26-05-14,Mariners,18,368,102,Daikin Park,1,HOU
Sal Stewart,26-04-06,Reds,17,368,102.5,loanDepot Park,0,MIA
Masyn Winn,26-08-18,Cardinals,17,368,105.6,Great American Ball Park,1,CIN
Jorge Soler,26-07-03,Angels,17,368,98.8,Angel Stadium,0,LAA
Petey Halpin,26-05-30,Guardians,17,368,102.3,Progressive Field,0,CLE
Willy Adames,26-06-02,Giants,16,368,106.4,American Family Field,1,MIL
Shea Langeliers,26-05-21,Athletics,16,368,108.2,Angel Stadium,0,LAA
Wilyer Abreu,26-07-10,Red Sox,15,368,111,Citi Field,0,NYM
Rob Refsnyder,26-05-27,Mariners,15,368,107.7,Sutter Health Park,1,ATH
Bobby Witt,26-05-31,Royals,14,368,97.2,Globe Life Park,0,TEX
Gleybar Torres,26-06-11,Tigers,14,368,100.5,Comerica Park,1,DET
Ernie Clement,26-05-09,Blue Jays,14,368,95.4,Rogers Centre,1,TOR
Mike Yastrzemski,26-08-12,Braves,14,368,102,Truist Park,1,ATL
Bryson Stott,26-04-06,Phillies,13,368,101.9,Oracle Park,0,SFG
Mauricio Dubon,26-06-30,Braves,13,368,98.6,Truist Park,0,ATL
Griffin Conine,26-09-08,Marlins,12,368,101.4,loanDepot Park,0,MIA
Vladimir Guerrero Jr.,26-04-04,Blue Jays,11,368,102.8,Rate Field,0,CWS
Willson Contreras,26-04-29,Red Sox,10,368,108,Rogers Centre,0,TOR
Vinnie Pasquantino,26-08-19,Royals,9,368,108.9,Kauffman Stadium,0,KCR
Walker Jenkins,26-09-21,Twins,8,368,97.1,Oracle Park,0,SFG
Bryson Stott,26-06-24,Phillies,8,368,106.2,Nationals Park,0,WSH
Cody Bellinger,26-05-05,Yankees,8,368,107.6,Yankee Stadium,0,NYY
Ernie Clement,26-09-14,Blue Jays,8,368,97.8,Rogers Centre,0,TOR
Patrick Bailey,26-07-11,Giants,7,368,98.6,loanDepot Park,0,MIA
Andrew Benintendi,26-08-29,White Sox,7,368,100.6,Target Field,0,MIN
Munetaka Murakami,26-08-21,White Sox,12,368,98.2,Rate Field,0,CWS
Carson Benge,26-09-12,Mets,5,368,105.2,Yankee Stadium,1,NYY
Brice Turang,26-09-11,Brewers,5,368,103.7,American Family Field,0,MIL
Michael Harris,26-04-02,Braves,5,368,102.9,Chase Field,0,ARI
Tim Tawa,26-09-23,Diamondbacks,4,368,105.9,Coors Field,1,COL
Noelvi Marte,26-07-29,Reds,4,368,99.6,Great American Ball Park,0,CIN
Charles McAdoo,26-08-30,Blue Jays,4,368,94.2,Rogers Centre,0,TOR
Vinnie Pasquantino,26-08-17,Royals,4,368,97.6,Kauffman Stadium,0,KCR
Evan Carter,26-05-01,Rangers,3,368,97.8,Comerica Park,0,DET
Otto Lopez,26-03-29,Marlins,3,368,102.2,loanDepot Park,0,MIA
Harrison Bader,26-04-10,Giants,3,368,98.8,Camden Yards,0,BAL
Jake Cronenworth,26-09-16,Padres,2,368,105.7,Coors Field,0,COL
Jackson Chourio,26-05-06,Brewers,2,368,102.1,Busch Stadium,0,STL
Alec Bohm,26-05-09,Phillies,2,368,101.7,Citizens Bank Park,1,PHI
Dillon Dingler,26-04-16,Tigers,2,368,103.5,Comerica Park,0,DET
Ezequiel Duran,26-05-06,Rangers,1,368,107.6,Yankee Stadium,0,NYY
Spencer Steer,26-05-27,Reds,1,368,100.1,Citi Field,0,NYM
Dillon Dingler,26-09-06,Tigers,1,368,97.9,Progressive Field,0,CLE
Drake Baldwin,26-08-17,Braves,1,368,99.8,Target Field,0,MIN
Logan O'Hoppe,26-07-12,Angels,1,368,96.9,Target Field,0,MIN
Dylan Beavers,26-09-25,Orioles,27,368,105.1,Yankee Stadium,1,NYY
Dominic Canzone,26-09-25,Mariners,29,368,100.8,T-Mobile Park,1,SEA
Yordan Alvarez,26-08-14,Astros,30,368,100.5,Daikin Park,1,HOU
Nick Fortes,26-09-25,Rays,27,367,102,Citizens Bank Park,1,PHI
Colson Montgomery,26-04-22,White Sox,4,367,102.4,Chase Field,0,ARI
CJ Abrams,26-06-07,Nationals,26,367,96.2,Chase Field,1,ARI
Colson Montgomery,26-05-09,White Sox,29,367,98.1,Rate Field,1,CWS
Manny Machado,26-06-28,Padres,23,367,106.9,Petco Park,1,SDP
Tyler Stephenson,26-05-25,Reds,30,367,103.3,Citi Field,1,NYM
Owen Caissie,26-06-23,Marlins,30,367,100.8,loanDepot Park,1,MIA
Victor Mesa Jr,26-07-07,Rays,30,367,99.7,Tropicana Field,1,TBR
Dillon Dingler,26-06-09,Tigers,30,367,97.2,Comerica Park,1,DET
Ozzie Albies,26-03-27,Braves,30,367,96.6,Truist Park,1,ATL
Chase Meidroth,26-09-20,White Sox,29,367,102.6,Rate Field,1,CWS
Andy Pages,26-08-14,Dodgers,29,367,100.8,Dodger Stadium,1,LAD
Pete Alonso,26-05-01,Orioles,29,367,107.6,Yankee Stadium,1,NYY
Mike Trout,26-05-05,Angels,29,367,102.1,Angel Stadium,1,LAA
Kyle Schwarber,26-08-22,Phillies,29,367,108.4,Citizens Bank Park,1,PHI
Brooks Lee,26-07-31,Twins,28,367,97.1,T-Mobile Park,1,SEA
Jorbit Vivas,26-05-30,Nationals,28,367,100.5,Nationals Park,0,WSH
Willy Adames,26-08-07,Giants,28,367,106.5,Oracle Park,1,SFG
Sean Murphy,26-09-02,Braves,27,367,95.3,Nationals Park,1,WSH
Gavin Sheets,26-08-16,Padres,27,367,96,Progressive Field,1,CLE
Ketel Marte,26-06-29,Diamondbacks,27,367,100.5,Chase Field,1,ARI
Cedric Mullins,26-04-06,Rays,26,367,104.2,Tropicana Field,1,TBR
Francisco Lindor,26-09-01,Mets,25,367,98,Tropicana Field,1,TBR
Ben Rice,26-07-09,Yankees,24,367,104.2,Tropicana Field,1,TBR
Brady House,26-03-26,Nationals,24,367,110.8,Wrigley Field,1,CHC
Luke Keaschall,26-04-06,Twins,22,367,101.8,Target Field,1,MIN
Nick Allen,26-05-24,Astros,22,367,96,Wrigley Field,1,CHC
Carter Jensen,26-08-28,Royals,22,367,97.8,Progressive Field,1,CLE
Francisco Lindor,26-07-27,Mets,21,367,99.9,Citi Field,1,NYM
Cal Raleigh,26-04-21,Mariners,21,367,104.3,T-Mobile Park,1,SEA
Josh Naylor,26-04-04,Mariners,21,367,98,Angel Stadium,0,LAA
Caleb Durbin,26-06-19,Red Sox,20,367,100.5,T-Mobile Park,1,SEA
Kyle Manzardo,26-06-02,Guardians,20,367,96.6,Yankee Stadium,1,NYY
Michael Harris,26-09-18,Braves,19,367,101.8,Daikin Park,1,HOU
Bryson Stott,26-07-27,Phillies,19,367,95.4,loanDepot Park,0,MIA
Jakob Marsee,26-07-07,Marlins,19,367,96.5,loanDepot Park,0,MIA
Brett Baty,26-07-07,Mets,19,367,104,Citi Field,0,NYM
Taylor Ward,26-06-16,Orioles,19,367,106.2,T-Mobile Park,0,SEA
Pete Crow-Armstrong,26-08-21,Cubs,19,367,101.7,T-Mobile Park,1,SEA
Corey Seager,26-08-11,Rangers,19,367,101.3,Angel Stadium,0,LAA
Josh Naylor,26-08-08,Mariners,18,367,93.9,T-Mobile Park,1,SEA
Cole Young,26-03-27,Mariners,17,367,98.6,T-Mobile Park,1,SEA
Sam Antonacci,26-07-05,White Sox,17,367,99.9,Progressive Field,0,CLE
Otto Lopez,26-09-19,Marlins,16,367,99.4,Petco Park,1,SDP
Christian Yelich,26-07-02,Brewers,16,367,99.7,American Family Field,0,MIL
Ernie Clement,26-06-06,Blue Jays,15,367,95.3,Rogers Centre,1,TOR
Michael Harris,26-09-12,Braves,15,367,101.5,Truist Park,1,ATL
Nolan Gorman,26-05-02,Cardinals,13,367,99.9,Busch Stadium,0,STL
Joc Pederson,26-05-30,Rangers,13,367,108,Globe Life Park,1,TEX
Ozzie Albies,26-06-20,Braves,13,367,97,Truist Park,1,ATL
Jarren Duran,26-05-27,Red Sox,12,367,93.3,Fenway Park,0,BOS
Ozzie Albies,26-05-04,Braves,12,367,98.3,T-Mobile Park,0,SEA
Kody Clemens,26-06-16,Twins,12,367,104.9,Globe Life Park,1,TEX
Dylan Beavers,26-07-19,Orioles,11,367,100.5,Daikin Park,0,HOU
Connor Norby,26-06-23,Marlins,11,367,99.2,loanDepot Park,0,MIA
Zach Neto,26-06-27,Angels,10,367,99.5,Angel Stadium,0,LAA
Bryan Reynolds,26-07-26,Pirates,10,367,99.1,PNC Park,0,PIT
Zack Gelof,26-09-20,Athletics,8,367,104.8,Progressive Field,0,CLE
Willson Contreras,26-07-17,Red Sox,8,367,107.6,Fenway Park,1,BOS
Bo Naylor,26-05-03,Guardians,8,367,99.8,Sutter Health Park,0,ATH
Corbin Carroll,26-05-11,Diamondbacks,8,367,93.3,Globe Life Park,0,TEX
Marcell Ozuna,26-05-15,Pirates,7,367,101.7,PNC Park,0,PIT
Colton Cowser,26-06-08,Orioles,6,367,101,Camden Yards,0,BAL
J.P. Crawford,26-07-27,Mariners,6,367,98.2,Globe Life Park,0,TEX
John Rave,26-09-23,Royals,5,367,100.2,Kauffman Stadium,0,KCR
Royce Lewis,26-06-26,Twins,5,367,97.2,Target Field,0,MIN
Kyle Stowers,26-06-09,Marlins,5,367,108.9,loanDepot Park,0,MIA
Hao-Yu Lee,26-05-10,Tigers,5,367,100.1,Kauffman Stadium,0,KCR
Rafael Marchan,26-06-27,Phillies,4,367,97.4,Citi Field,0,NYM
Jonathan Aranda,26-07-09,Rays,4,367,100.2,Tropicana Field,0,TBR
Brice Turang,26-06-06,Brewers,4,367,96.8,Coors Field,1,COL
Xavier Edwards,26-04-13,Marlins,4,367,98.2,Truist Park,0,ATL
Byron Buxton,26-06-19,Twins,4,367,103.7,Chase Field,0,ARI
Jac Caglianone,26-08-08,Royals,3,367,104.9,Kauffman Stadium,0,KCR
Brady House,26-08-24,Nationals,3,367,98.4,Nationals Park,0,WSH
Seiya Suzuki,26-08-03,Cubs,3,367,106.6,Wrigley Field,1,CHC
Shohei Ohtani,26-08-05,Dodgers,3,367,100.6,Wrigley Field,1,CHC
Christian Yelich,26-07-24,Brewers,3,367,102.4,American Family Field,0,MIL
Jazz Chisholm Jr,26-04-29,Yankees,3,367,104,Globe Life Park,0,TEX
Dylan Crews,26-08-12,Nationals,3,367,97.3,Nationals Park,0,WSH
Sal Stewart,26-08-15,Reds,3,367,98.5,Great American Ball Park,0,CIN
Brock Rodden,26-08-21,Mariners,2,367,94.9,T-Mobile Park,0,SEA
Michael Harris,26-04-17,Braves,2,367,110.7,Citizens Bank Park,1,PHI
Bryan Reynolds,26-04-04,Pirates,1,367,100,PNC Park,0,PIT
Riley Greene,26-06-09,Tigers,1,367,101.3,Comerica Park,1,DET
Jose Ramirez,26-03-26,Guardians,1,367,110.8,T-Mobile Park,0,SEA
Alex Freeland,26-06-24,Dodgers,1,367,96,Target Field,0,MIN
Ke'Bryan Hayes,26-08-18,Reds,1,367,96.1,Great American Ball Park,0,CIN
Trevor Story,26-09-13,Red Sox,1,367,99.2,Fenway Park,0,BOS
CJ Abrams,26-08-27,Nationals,15,367,103.7,Nationals Park,0,WSH
Brenton Doyle,26-09-26,Rockies,27,367,101.8,Rate Field,1,CWS
CJ Abrams,26-09-04,Nationals,1,367,100.8,Dodger Stadium,0,LAD
CJ Abrams,26-04-06,Nationals,28,366,98.2,Nationals Park,1,WSH
Bryce Harper,26-09-27,Phillies,22,366,111.6,Citizens Bank Park,1,PHI
Cam Smith,26-09-25,Astros,17,366,100.1,Sutter Health Park,1,ATH
Jac Caglianone,26-09-27,Royals,6,366,100.6,Kauffman Stadium,0,KCR
Jarren Duran,26-05-19,Red Sox,30,366,106,Kauffman Stadium,1,KCR
Carter Jensen,26-06-17,Royals,30,366,96.4,Nationals Park,1,WSH
Juan Soto,26-05-27,Mets,30,366,96.4,Citi Field,1,NYM
John Rave,26-09-16,Royals,29,366,101.9,Daikin Park,1,HOU
George Springer,26-07-25,Blue Jays,29,366,97.8,Fenway Park,1,BOS
Jorge Soler,26-06-24,Angels,29,366,95.6,Angel Stadium,1,LAA
Jorge Soler,26-04-07,Angels,29,366,109.2,Angel Stadium,1,LAA
Keibert Ruiz,26-05-16,Nationals,29,366,105.9,Nationals Park,1,WSH
Jase Bowen,26-08-16,Padres,28,366,100,Progressive Field,1,CLE
Sam Huff,26-06-10,Orioles,28,366,104.2,Camden Yards,0,BAL
Mookie Betts,26-05-16,Dodgers,28,366,102.8,Angel Stadium,1,LAA
Tristan Peters,26-05-18,White Sox,28,366,101.3,T-Mobile Park,1,SEA
Kyle Schwarber,26-09-15,Phillies,28,366,98.3,Nationals Park,1,WSH
Luis Torrens,26-08-06,Mets,27,366,98.3,Progressive Field,1,CLE
Julio Rodriguez,26-08-05,Mariners,27,366,103.3,T-Mobile Park,1,SEA
Jared Young,26-05-30,Mets,27,366,105.2,Citi Field,1,NYM
Garrett Mitchell,26-07-02,Brewers,27,366,100.3,American Family Field,1,MIL
Cedric Mullins,26-05-15,Rays,25,366,97,Tropicana Field,1,TBR
Brayan Rocchio,26-09-04,Guardians,25,366,97,Progressive Field,1,CLE
Royce Lewis,26-06-13,Twins,25,366,100.1,Target Field,1,MIN
Drew Gilbert,26-05-31,Giants,25,366,97.4,Coors Field,0,COL
John Rave,26-09-05,Royals,25,366,98,Kauffman Stadium,1,KCR
Brice Matthews,26-05-06,Astros,24,366,104.9,Daikin Park,1,HOU
Donovan Walton,26-09-11,Angels,23,366,97.5,Sutter Health Park,1,ATH
Kyle Tucker,26-08-08,Dodgers,23,366,98.2,Chase Field,1,ARI
Marcus Semien,26-07-26,Mets,23,366,96.8,Citi Field,1,NYM
Freddy Fermin,26-06-06,Padres,23,366,99.3,Petco Park,1,SDP
Trevor Larnach,26-09-13,Twins,22,366,102.1,Target Field,1,MIN
Trevor Larnach,26-04-03,Twins,22,366,99.3,Target Field,0,MIN
Wyatt Langford,26-06-18,Rangers,21,366,106.4,Globe Life Park,1,TEX
Willy Adames,26-04-06,Giants,21,366,104.8,Oracle Park,0,SFG
Geraldo Perdomo,26-05-01,Diamondbacks,21,366,100.8,Wrigley Field,1,CHC
Davis Schneider,26-03-30,Blue Jays,21,366,98.2,Rogers Centre,1,TOR
Sal Stewart,26-04-25,Reds,20,366,95.7,Great American Ball Park,1,CIN
Luis Rengifo,26-08-11,Brewers,20,366,100.7,Petco Park,1,SDP
Chase Meidroth,26-06-14,White Sox,20,366,99.2,Rate Field,1,CWS
Ben Rice,26-05-19,Yankees,20,366,96.6,Yankee Stadium,1,NYY
Richie Palacios,26-09-02,Rays,20,366,101.7,Tropicana Field,1,TBR
JJ Wetherholt,26-04-14,Cardinals,19,366,99,Busch Stadium,1,STL
Ian Happ,26-09-17,Cubs,18,366,100.6,Great American Ball Park,1,CIN
Heriberto Hernandez,26-06-13,Marlins,17,366,105.4,PNC Park,0,PIT
Kyle Higashioka,26-07-12,Rangers,17,366,106.7,Globe Life Park,1,TEX
Brooks Lee,26-08-22,Twins,17,366,97.5,Petco Park,1,SDP
Jonathan Aranda,26-04-21,Rays,16,366,103.8,Tropicana Field,1,TBR
Jarren Duran,26-05-20,Red Sox,16,366,101.2,Kauffman Stadium,1,KCR
Jordan Walker,26-09-02,Cardinals,16,366,106.8,Dodger Stadium,0,LAD
Andrew Benintendi,26-04-17,White Sox,16,366,104.7,Sutter Health Park,0,ATH
Mike Trout,26-04-03,Angels,16,366,100.5,Angel Stadium,0,LAA
Henry Davis,26-07-27,Pirates,16,366,105.2,PNC Park,0,PIT
Ezequiel Duran,26-08-09,Rangers,15,366,93,Globe Life Park,0,TEX
Nick Fortes,26-09-13,Rays,14,366,97.9,Tropicana Field,1,TBR
Nick Kurtz,26-04-03,Athletics,14,366,104.9,Sutter Health Park,0,ATH
Matt Shaw,26-04-06,Cubs,14,366,106,Tropicana Field,1,TBR
Jackson Chourio,26-06-17,Brewers,13,366,100.2,American Family Field,1,MIL
Brett Callahan,26-09-01,Tigers,12,366,109.3,Target Field,0,MIN
Paul Goldschmidt,26-05-05,Yankees,12,366,104.8,Yankee Stadium,1,NYY
Roman Anthony,26-05-03,Red Sox,11,366,97.2,Fenway Park,0,BOS
Daniel Schneeman,26-04-24,Guardians,11,366,99.6,Rogers Centre,1,TOR
Ildemaro Vargas,26-08-16,Diamondbacks,10,366,103.4,Truist Park,1,ATL
Tristan Peters,26-08-22,White Sox,9,366,98.1,Rate Field,1,CWS
Samuel Basallo,26-07-09,Orioles,9,366,100.6,Camden Yards,0,BAL
Brett Baty,26-07-22,Mets,9,366,105.8,American Family Field,1,MIL
Endy Rodriguez,26-06-02,Pirates,8,366,100.7,Daikin Park,0,HOU
Jung Hoo Lee,26-04-25,Giants,8,366,101.9,Oracle Park,0,SFG
Willy Adames,26-06-04,Giants,7,366,96.9,American Family Field,0,MIL
JJ Bleday,26-05-14,Reds,6,366,100.6,Great American Ball Park,1,CIN
Luke Raley,26-06-23,Mariners,6,366,98.6,PNC Park,0,PIT
Luis Campusano,26-09-05,Padres,5,366,101.8,Petco Park,0,SDP
Ke'Bryan Hayes,26-05-04,Reds,5,366,103.5,Wrigley Field,1,CHC
Isaac Paredes,26-04-25,Astros,5,366,96.7,Daikin Park,0,HOU
Michael Massey,26-04-22,Royals,4,366,99.1,Kauffman Stadium,0,KCR
Richie Palacios,26-05-19,Rays,4,366,105.3,Tropicana Field,0,TBR
Miguel Vargas,26-08-21,White Sox,4,366,111,Rate Field,0,CWS
Travis Bazzana,26-07-28,Guardians,4,366,97.4,Great American Ball Park,0,CIN
Jakob Marsee,26-04-24,Marlins,4,366,107.4,Oracle Park,0,SFG
Spencer Steer,26-06-06,Reds,3,366,96.4,Busch Stadium,0,STL
Dominic Canzone,26-09-13,Mariners,3,366,101.4,Sutter Health Park,0,ATH
Starling Marte,26-04-08,Royals,3,366,106,Progressive Field,0,CLE
Salvador Perez,26-06-21,Royals,3,366,101.4,Kauffman Stadium,0,KCR
Matt Olson,26-07-31,Braves,3,366,99.7,Truist Park,0,ATL
Rafael Devers,26-05-02,Giants,3,366,102.6,Tropicana Field,0,TBR
Tyrone Taylor,26-05-18,Mets,3,366,98.6,Nationals Park,0,WSH
Brenton Doyle,26-05-14,Rockies,2,366,107.1,PNC Park,0,PIT
Josh Jung,26-06-18,Rangers,2,366,98.4,Globe Life Park,0,TEX
Jimmy Crooks,26-07-20,Cardinals,2,366,102.8,Angel Stadium,0,LAA
Jared Young,26-07-10,Mets,2,366,99.7,Citi Field,0,NYM
Jeremiah Jackson,26-04-11,Orioles,2,366,103.3,Camden Yards,0,BAL
Matt Olson,26-08-08,Braves,2,366,102.8,Truist Park,0,ATL
Brooks Lee,26-08-31,Twins,1,366,98,Target Field,0,MIN
Kazuma Okamoto,26-08-23,Blue Jays,1,366,95.7,Yankee Stadium,0,NYY
Chase Meidroth,26-08-20,White Sox,1,366,96.6,Rate Field,0,CWS
Dylan Crews,26-06-15,Nationals,1,366,108.4,Nationals Park,1,WSH
Eli White,26-05-03,Braves,1,366,94.6,Coors Field,0,COL
Josh Bell,26-09-27,Twins,29,366,102.9,Target Field,1,MIN
Christian Koss,26-08-28,Giants,30,365,98.6,Oracle Park,1,SFG
Bobby Witt,26-08-16,Royals,30,365,98.4,Angel Stadium,1,LAA
Anthony Seigler,26-07-17,Red Sox,29,365,104.8,Fenway Park,0,BOS
Alec Burleson,26-08-03,Cardinals,29,365,108.3,Yankee Stadium,1,NYY
Mauricio Dubon,26-07-04,Braves,29,365,95,Truist Park,1,ATL
Freddie Freeman,26-05-29,Dodgers,29,365,97.1,Dodger Stadium,1,LAD
Kody Clemens,26-05-29,Twins,29,365,100.3,PNC Park,1,PIT
Brandon Marsh,26-08-13,Phillies,29,365,100.1,Field of Dreams,1,FOD
Marcell Ozuna,26-05-08,Pirates,28,365,104.7,Oracle Park,1,SFG
Sam Antonacci,26-07-17,White Sox,28,365,102.4,Rogers Centre,1,TOR
Zach Neto,26-03-29,Angels,28,365,95.4,Daikin Park,1,HOU
Eugenio Suarez,26-06-10,Reds,27,365,104.8,Petco Park,1,SDP
Heliot Ramos,26-04-25,Giants,27,365,102.7,Oracle Park,1,SFG
Jared Young,26-09-12,Mets,26,365,98.9,Yankee Stadium,1,NYY
Lamonte Wade Jr,26-09-17,Astros,26,365,96.5,Daikin Park,1,HOU
Vaughn Grissom,26-07-20,Angels,26,365,103.2,Angel Stadium,0,LAA
Austin Wells,26-04-05,Yankees,26,365,99.2,Yankee Stadium,0,NYY
Colt Emerson,26-05-30,Mariners,26,365,104.6,T-Mobile Park,1,SEA
Romy Gonzalez,26-07-04,Red Sox,25,365,100.5,Angel Stadium,0,LAA
Freddie Freeman,26-05-25,Dodgers,24,365,100.7,Dodger Stadium,0,LAD
Juan Soto,26-05-07,Mets,24,365,93.7,Coors Field,0,COL
Jung Hoo Lee,26-07-25,Giants,23,365,101.5,Oracle Park,1,SFG
Pete Alonso,26-06-27,Orioles,23,365,111.3,Camden Yards,0,BAL
Travis Bazzana,26-09-15,Guardians,22,365,93.8,Progressive Field,1,CLE
Jeremiah Jackson,26-06-14,Orioles,22,365,99.9,Camden Yards,1,BAL
Chase Delauter,26-03-28,Guardians,22,365,99,T-Mobile Park,1,SEA
Brent Rooker,26-05-09,Athletics,21,365,98.6,Camden Yards,1,BAL
Andres Chaparro,26-06-25,Nationals,21,365,97.6,Nationals Park,0,WSH
Anthony Volpe,26-06-18,Yankees,20,365,102.2,Yankee Stadium,0,NYY
Kerry Carpenter,26-06-09,Tigers,20,365,100.3,Comerica Park,1,DET
Rafael Devers,26-05-06,Giants,20,365,100.5,Oracle Park,1,SFG
Moises Ballesteros,26-04-17,Cubs,20,365,96.3,Wrigley Field,1,CHC
TJ Rumfield,26-06-14,Rockies,20,365,100.7,Vegas Minor League,1,ATHH
Buddy Kennedy,26-08-05,Giants,18,365,96.1,Globe Life Park,0,TEX
Lamonte Wade Jr,26-07-26,Astros,18,365,94.4,Rate Field,0,CWS
Dominic Canzone,26-04-20,Mariners,18,365,94.7,T-Mobile Park,1,SEA
Francisco Lindor,26-09-12,Mets,17,365,104.3,Yankee Stadium,1,NYY
Michael Massey,26-07-05,Royals,17,365,100.3,Kauffman Stadium,0,KCR
Wyatt Langford,26-04-10,Rangers,16,365,99,Dodger Stadium,1,LAD
Matt Vierling,26-05-05,Tigers,16,365,96.7,Comerica Park,1,DET
Riley Greene,26-09-13,Tigers,14,365,101.7,Comerica Park,1,DET
Travis d'Arnaud,26-08-01,Angels,13,365,100.5,Angel Stadium,0,LAA
Brent Rooker,26-04-05,Athletics,13,365,106.6,Sutter Health Park,1,ATH
Freddie Freeman,26-06-19,Dodgers,12,365,95.7,Dodger Stadium,0,LAD
Josh Naylor,26-04-13,Mariners,12,365,102,T-Mobile Park,1,SEA
Pete Crow-Armstrong,26-05-27,Cubs,11,365,108.9,PNC Park,0,PIT
Ty France,26-07-19,Padres,11,365,100.1,Kauffman Stadium,1,KCR
Brooks Lee,26-06-18,Twins,11,365,104.3,Globe Life Park,1,TEX
Ryan Vilade,26-07-24,Rays,10,365,94.4,Tropicana Field,1,TBR
JJ Bleday,26-06-15,Reds,9,365,98.1,Great American Ball Park,1,CIN
Matt Olson,26-03-29,Braves,8,365,98.4,Truist Park,0,ATL
Michael Massey,26-08-09,Royals,7,365,98.2,Kauffman Stadium,0,KCR
Kevin McGonigle,26-08-22,Tigers,7,365,98,Kauffman Stadium,0,KCR
David Hamilton,26-05-01,Brewers,7,365,97.7,Nationals Park,0,WSH
Riley Greene,26-09-20,Tigers,6,365,109.2,Rate Field,0,CWS
Geraldo Perdomo,26-08-18,Diamondbacks,6,365,96.2,Fenway Park,0,BOS
Randy Arozarena,26-08-16,Mariners,5,365,94.7,Daikin Park,1,HOU
Cole Carrigg,26-08-03,Rockies,4,365,89.4,Coors Field,0,COL
Ezequiel Tovar,26-08-12,Rockies,4,365,103.9,Chase Field,0,ARI
Julio Rodriguez,26-06-23,Mariners,4,365,97.7,PNC Park,0,PIT
Rafael Devers,26-06-20,Giants,4,365,96.7,loanDepot Park,0,MIA
Corbin Carroll,26-04-18,Diamondbacks,4,365,108.6,Citi Field,0,NYM
Mookie Betts,26-09-20,Dodgers,4,365,92.8,Dodger Stadium,0,LAD
Michael Massey,26-07-10,Royals,3,365,94.7,Camden Yards,0,BAL
James McCann,26-09-06,Diamondbacks,3,365,95.9,Daikin Park,0,HOU
Fernando Tatis Jr,26-04-19,Padres,3,365,100.4,Angel Stadium,0,LAA
Bryan Reynolds,26-08-30,Pirates,2,365,97.6,Busch Stadium,0,STL
Carter Jensen,26-04-22,Royals,2,365,94.2,Kauffman Stadium,0,KCR
Ceddanne Rafaela,26-04-26,Red Sox,2,365,99.4,Camden Yards,0,BAL
Troy Johnston,26-05-31,Rockies,2,365,107.9,Coors Field,0,COL
Andruw Monasterio,26-06-24,Red Sox,2,365,99.8,Coors Field,1,COL
Nasim Nunez,26-08-30,Nationals,2,365,101.6,Nationals Park,0,WSH
Jac Caglianone,26-07-17,Royals,2,365,98.1,Kauffman Stadium,0,KCR
Ty France,26-04-27,Padres,2,365,104.3,Petco Park,0,SDP
Maikel Garcia,26-03-29,Royals,1,365,101.3,Truist Park,0,ATL
Michael Conforto,26-07-08,Cubs,1,365,98.7,Camden Yards,0,BAL
Esteury Ruiz,26-06-03,Marlins,1,365,107.8,Nationals Park,1,WSH
Francisco Lindor,26-04-11,Mets,1,365,101,Citi Field,0,NYM
Yordan Alvarez,26-08-29,Astros,1,365,97,Citi Field,0,NYM
Manny Machado,26-04-05,Padres,24,365,99.3,Fenway Park,1,BOS
James Wood,26-03-28,Nationals,8,364,110,Wrigley Field,1,CHC
James Wood,26-04-15,Nationals,5,364,101.8,PNC Park,0,PIT
Luis Garcia Jr.,26-06-19,Nationals,7,364,100.1,Tropicana Field,1,TBR
Yordan Alvarez,26-05-30,Astros,5,364,101.7,Daikin Park,0,HOU
CJ Abrams,26-08-11,Nationals,29,364,96.4,Nationals Park,1,WSH
Francisco Lindor,26-09-24,Mets,1,364,102.4,Globe Life Park,0,TEX
Jeff McNeil,26-05-20,Athletics,30,364,103.2,Angel Stadium,1,LAA
Isaac Paredes,26-04-26,Astros,30,364,101.9,Daikin Park,1,HOU
Bryce Eldridge,26-05-09,Giants,30,364,101,Oracle Park,1,SFG
Jung Hoo Lee,26-04-24,Giants,30,364,98.4,Oracle Park,1,SFG
Byron Buxton,26-05-01,Twins,30,364,98.2,Target Field,1,MIN
Justin Foscue,26-08-25,Rangers,30,364,100.8,Rate Field,1,CWS
Henry Davis,26-09-06,Pirates,30,364,100.1,PNC Park,1,PIT
Brandon Lowe,26-08-29,Pirates,30,364,94.4,Busch Stadium,1,STL
Victor Caratini,26-06-04,Twins,29,364,102.2,Target Field,1,MIN
Josh Lowe,26-04-17,Angels,29,364,97.5,Angel Stadium,1,LAA
Jorbit Vivas,26-05-23,Nationals,29,364,95.1,Truist Park,1,ATL
Jazz Chisholm Jr,26-08-23,Yankees,29,364,99.6,Yankee Stadium,1,NYY
Bryan Torres,26-06-28,Cardinals,28,364,100.4,Busch Stadium,1,STL
Cal Raleigh,26-04-11,Mariners,28,364,106,T-Mobile Park,1,SEA
Andy Pages,26-04-13,Dodgers,28,364,97,Dodger Stadium,1,LAD
Tyler Locklear,26-07-23,Diamondbacks,27,364,111.5,Busch Stadium,1,STL
Ben Rice,26-08-26,Yankees,27,364,107.4,Yankee Stadium,1,NYY
Jose Caballero,26-06-03,Yankees,27,364,98.6,Yankee Stadium,1,NYY
Ben Rice,26-04-17,Yankees,27,364,103.3,Yankee Stadium,1,NYY
Henry Davis,26-07-12,Pirates,26,364,95.6,PNC Park,1,PIT
Trent Grisham,26-08-12,Yankees,26,364,95.9,Yankee Stadium,1,NYY
Bryan Reynolds,26-09-11,Pirates,26,364,99.6,Wrigley Field,1,CHC
Pete Crow-Armstrong,26-06-17,Cubs,24,364,99.2,Wrigley Field,1,CHC
Jordan Lawlar,26-08-26,Diamondbacks,23,364,99.8,Chase Field,1,ARI
Matt Vierling,26-05-16,Tigers,23,364,98.6,Comerica Park,1,DET
Yandy Diaz,26-04-01,Rays,22,364,102.3,American Family Field,1,MIL
Josh Jung,26-04-16,Rangers,22,364,96.9,Sutter Health Park,1,ATH
Jarren Duran,26-09-09,Red Sox,22,364,95,Fenway Park,0,BOS
Carter Jensen,26-05-30,Royals,21,364,99.1,Globe Life Park,1,TEX
Caleb Durbin,26-07-20,Red Sox,21,364,96.7,Fenway Park,1,BOS
Zach Neto,26-07-19,Angels,20,364,98.2,Angel Stadium,0,LAA
Brent Rooker,26-04-05,Athletics,20,364,104.8,Sutter Health Park,1,ATH
David Fry,26-05-02,Guardians,20,364,99.9,Sutter Health Park,1,ATH
Mitch Garver,26-07-29,Mariners,19,364,98.5,Dodger Stadium,0,LAD
Kazuma Okamoto,26-06-02,Blue Jays,19,364,99.7,Truist Park,1,ATL
Yandy Diaz,26-05-29,Rays,18,364,99.5,Tropicana Field,1,TBR
Wilyer Abreu,26-07-04,Red Sox,18,364,106.4,Angel Stadium,0,LAA
Jeremy Pena,26-08-02,Astros,18,364,106.2,Daikin Park,1,HOU
Mike Trout,26-04-29,Angels,18,364,99.4,Rate Field,1,CWS
Jorge Polanco,26-03-31,Mets,17,364,103.5,Busch Stadium,0,STL
Yandy Diaz,26-05-01,Rays,17,364,99.9,Tropicana Field,1,TBR
Byron Buxton,26-08-22,Twins,17,364,105.9,Petco Park,0,SDP
Francisco Lindor,26-07-08,Mets,17,364,99.2,Citi Field,0,NYM
Tristan Peters,26-06-26,White Sox,17,364,99.9,Rate Field,1,CWS
Nick Castellanos,26-03-28,Padres,17,364,98.8,Petco Park,0,SDP
Alejandro Osuna,26-07-07,Rangers,16,364,102,Globe Life Park,1,TEX
Spencer Jones,26-05-20,Yankees,16,364,104.6,Yankee Stadium,0,NYY
Brandon Nimmo,26-08-09,Rangers,15,364,99.2,Globe Life Park,0,TEX
Vinnie Pasquantino,26-08-18,Royals,15,364,98.4,Kauffman Stadium,0,KCR
Matt Chapman,26-06-23,Giants,14,364,112.1,Oracle Park,0,SFG
Coby Mayo,26-06-02,Orioles,14,364,97.8,Fenway Park,1,BOS
Ty France,26-07-28,Padres,14,364,93.1,Petco Park,0,SDP
Brayan Rocchio,26-05-10,Guardians,12,364,100.3,Progressive Field,0,CLE
Brooks Lee,26-08-09,Twins,11,364,101.5,American Family Field,1,MIL
Kyle Manzardo,26-05-22,Guardians,10,364,101.2,Citizens Bank Park,1,PHI
Ian Happ,26-07-28,Cubs,9,364,103.6,Busch Stadium,0,STL
Victor Caratini,26-03-29,Twins,8,364,99.1,Camden Yards,0,BAL
Austin Wells,26-08-31,Yankees,8,364,99.2,Angel Stadium,0,LAA
Cody Bellinger,26-09-12,Yankees,7,364,97.9,Yankee Stadium,1,NYY
Brooks Lee,26-06-09,Twins,7,364,96.3,Comerica Park,1,DET
Hunter Goodman,26-06-26,Rockies,6,364,102.2,Target Field,0,MIN
Nasim Nunez,26-09-02,Nationals,6,364,101.1,Nationals Park,0,WSH
Gavin Sheets,26-05-09,Padres,6,364,110.1,Petco Park,0,SDP
JJ Wetherholt,26-07-04,Cardinals,5,364,101.1,Wrigley Field,1,CHC
James Outman,26-07-23,Tigers,5,364,100.1,Comerica Park,1,DET
Colt Keith,26-07-20,Tigers,5,364,100.6,Wrigley Field,0,CHC
Jackson Merrill,26-09-08,Padres,4,364,104.6,Petco Park,0,SDP
Cole Young,26-06-11,Mariners,4,364,105.3,Camden Yards,1,BAL
Alec Burleson,26-04-01,Cardinals,3,364,111,Busch Stadium,0,STL
Trea Turner,26-05-27,Phillies,3,364,99.2,Petco Park,0,SDP
Andrew Vaughn,26-07-20,Brewers,3,364,98.8,American Family Field,0,MIL
Jackson Chourio,26-05-20,Brewers,3,364,101.8,Wrigley Field,0,CHC
Gabriel Moreno,26-03-30,Diamondbacks,3,364,99.9,Chase Field,0,ARI
Nick Kurtz,26-04-19,Athletics,3,364,98.5,Sutter Health Park,0,ATH
Max Schuemann,26-07-19,Yankees,2,364,92.6,Yankee Stadium,0,NYY
Jimmy Crooks,26-06-05,Cardinals,1,364,97.3,Busch Stadium,0,STL
Tyler Freeman,26-05-08,Rockies,1,364,103,Citizens Bank Park,1,PHI
Cal Raleigh,26-09-08,Mariners,1,364,101.7,T-Mobile Park,0,SEA
Griffin Conine,26-07-21,Marlins,1,364,106.7,Daikin Park,0,HOU
TJ Rumfield,26-06-02,Rockies,1,364,97.1,Angel Stadium,1,LAA
Kaelen Culpepper,26-08-28,Twins,1,364,93.6,Target Field,0,MIN
Gleybar Torres,26-04-04,Tigers,1,364,96.1,Comerica Park,1,DET
Dominic Canzone,26-05-31,Mariners,1,364,105,T-Mobile Park,1,SEA
Manny Machado,26-09-25,Padres,2,364,93.9,Petco Park,0,SDP
Luis Garcia Jr.,26-06-05,Nationals,27,363,99,Chase Field,1,ARI
Ernie Clement,26-09-27,Blue Jays,4,363,98.6,Rogers Centre,0,TOR
Manny Machado,26-07-01,Padres,10,363,96.2,Wrigley Field,0,CHC
Yordan Alvarez,26-06-02,Astros,21,363,103,Daikin Park,1,HOU
CJ Abrams,26-07-05,Nationals,19,363,101.2,Nationals Park,0,WSH
JJ Bleday,26-05-30,Reds,30,363,96.8,Great American Ball Park,1,CIN
Jose Ramirez,26-06-03,Guardians,30,363,99.7,Yankee Stadium,1,NYY
Drew Romo,26-05-03,White Sox,30,363,106,Petco Park,1,SDP
Austin Wynns,26-07-28,Athletics,29,363,96.3,Tropicana Field,1,TBR
Tyler O'Neill,26-06-13,Orioles,29,363,96,Camden Yards,0,BAL
Trevor Larnach,26-05-16,Twins,29,363,102.3,Target Field,1,MIN
Yoan Moncada,26-04-04,Angels,28,363,101.3,Angel Stadium,0,LAA
Luis Urias,26-06-23,Blue Jays,27,363,99.3,Rogers Centre,1,TOR
Nick Kurtz,26-04-12,Athletics,26,363,106.5,Citi Field,1,NYM
Brice Matthews,26-07-06,Astros,24,363,100.8,Nationals Park,1,WSH
Jackson Merrill,26-09-09,Padres,23,363,101.5,Petco Park,1,SDP
Otto Lopez,26-05-07,Marlins,22,363,101.5,loanDepot Park,0,MIA
Jonah Heim,26-04-21,Braves,22,363,101.2,Nationals Park,0,WSH
Trent Grisham,26-04-25,Yankees,22,363,99.4,Daikin Park,1,HOU
Andy Pages,26-05-06,Dodgers,22,363,98.1,Daikin Park,1,HOU
Ian Happ,26-07-01,Cubs,21,363,93.5,Wrigley Field,0,CHC
Pete Alonso,26-09-21,Orioles,20,363,101.4,Camden Yards,1,BAL
Ke'Bryan Hayes,26-04-21,Reds,20,363,100.9,Tropicana Field,1,TBR
Mike Trout,26-05-06,Angels,20,363,102.2,Angel Stadium,0,LAA
George Springer,26-07-17,Blue Jays,20,363,96.3,Rogers Centre,1,TOR
JJ Wetherholt,26-07-25,Cardinals,19,363,100.1,Busch Stadium,0,STL
Cody Bellinger,26-06-17,Yankees,18,363,92.2,Yankee Stadium,1,NYY
Aaron Judge,26-05-24,Yankees,18,363,103.9,Yankee Stadium,1,NYY
Byron Buxton,26-05-02,Twins,18,363,99.6,Target Field,1,MIN
Drake Baldwin,26-07-29,Braves,18,363,102.8,Citi Field,0,NYM
Adley Rutschman,26-08-17,Orioles,17,363,102.3,Fenway Park,0,BOS
Isaac Paredes,26-06-03,Astros,17,363,101.4,Daikin Park,1,HOU
Weston Wilson,26-05-18,Orioles,17,363,97.1,Tropicana Field,1,TBR
Pedro Ramirez,26-08-23,Cubs,16,363,106.1,T-Mobile Park,1,SEA
Zack Gelof,26-06-17,Athletics,16,363,96.8,Sutter Health Park,1,ATH
Heriberto Hernandez,26-05-07,Marlins,15,363,99.1,loanDepot Park,0,MIA
Pedro Ramirez,26-08-07,Cubs,15,363,100.2,Kauffman Stadium,1,KCR
Jorge Soler,26-03-28,Angels,14,363,104.4,Daikin Park,1,HOU
Spencer Torkelson,26-07-08,Tigers,14,363,99,Comerica Park,1,DET
Denzer Guzman,26-08-20,Angels,14,363,106.1,Daikin Park,1,HOU
Miguel Vargas,26-06-01,White Sox,12,363,102.9,Target Field,1,MIN
Brandon Lowe,26-08-30,Pirates,11,363,101.5,Busch Stadium,0,STL
Jake Rogers,26-07-09,Tigers,11,363,96.6,Comerica Park,1,DET
William Contreras,26-04-17,Brewers,11,363,111.6,loanDepot Park,0,MIA
Cody Bellinger,26-05-02,Yankees,11,363,102.4,Yankee Stadium,1,NYY
Kerry Carpenter,26-04-12,Tigers,10,363,101,Comerica Park,1,DET
Lenyn Sosa,26-04-15,Blue Jays,10,363,99.9,American Family Field,0,MIL
Carlos Correa,26-04-06,Astros,8,363,104.7,Coors Field,0,COL
Wenceel Perez,26-05-28,Tigers,8,363,98.3,Comerica Park,1,DET
Francisco Alvarez,26-09-23,Mets,7,363,96.4,Globe Life Park,0,TEX
Isaac Collins,26-04-28,Royals,7,363,97,Sutter Health Park,0,ATH
Kyle Stowers,26-07-26,Marlins,7,363,109.2,loanDepot Park,0,MIA
Miguel Vargas,26-05-10,White Sox,7,363,108.4,Rate Field,0,CWS
Ty France,26-06-19,Padres,6,363,99,Globe Life Park,1,TEX
Hunter Feduccia,26-05-15,Rays,5,363,104.3,Tropicana Field,0,TBR
Ben Rice,26-08-28,Yankees,5,363,105.1,Yankee Stadium,0,NYY
Royce Lewis,26-08-23,Twins,5,363,101.3,Petco Park,0,SDP
Kyle Manzardo,26-07-23,Guardians,5,363,100.3,Progressive Field,0,CLE
Tyler Soderstrom,26-05-05,Athletics,5,363,100.4,Citizens Bank Park,1,PHI
Troy Johnston,26-06-05,Rockies,4,363,97.2,Coors Field,0,COL
Mike Yastrzemski,26-08-05,Braves,4,363,97.7,Truist Park,0,ATL
Josh Lowe,26-04-28,Angels,4,363,101.4,Rate Field,0,CWS
Drew Gilbert,26-04-25,Giants,4,363,96.7,Oracle Park,0,SFG
Braden Montgomery,26-06-10,White Sox,4,363,103.8,Rate Field,0,CWS
Wilyer Abreu,26-04-19,Red Sox,3,363,94.6,Fenway Park,0,BOS
Ceddanne Rafaela,26-06-16,Red Sox,3,363,96.9,Fenway Park,0,BOS
Spencer Steer,26-07-08,Reds,3,363,102.1,Great American Ball Park,0,CIN
Bryan Reynolds,26-07-26,Pirates,3,363,103.3,PNC Park,0,PIT
Ozzie Albies,26-07-30,Braves,3,363,95.4,Truist Park,0,ATL
Francisco Alvarez,26-07-27,Mets,3,363,100.2,Citi Field,0,NYM
Braden Montgomery,26-07-01,White Sox,3,363,100.2,Camden Yards,0,BAL
Jimmy Crooks,26-06-22,Cardinals,2,363,98.5,Busch Stadium,0,STL
Nick Loftin,26-05-14,Royals,2,363,100.3,Rate Field,0,CWS
Joc Pederson,26-06-07,Rangers,2,363,100.4,Globe Life Park,0,TEX
Bryan Reynolds,26-06-17,Pirates,2,363,101.2,Sutter Health Park,0,ATH
Jared Young,26-06-10,Mets,2,363,101.4,Citi Field,0,NYM
Adrian Del Castillo,26-04-15,Diamondbacks,2,363,96.9,Camden Yards,0,BAL
Zac Veen,26-09-17,Rockies,1,363,95.9,Coors Field,0,COL
Tyler Freeman,26-06-05,Rockies,1,363,97.7,Coors Field,0,COL
Francisco Alvarez,26-07-16,Mets,1,363,104.4,Citizens Bank Park,1,PHI
Carlos Cortes,26-07-05,Athletics,1,363,105.7,Sutter Health Park,0,ATH
Ketel Marte,26-04-05,Diamondbacks,1,363,109.1,Chase Field,0,ARI
Jesus Sanchez,26-04-24,Blue Jays,1,363,103,Rogers Centre,0,TOR
Tim Tawa,26-04-26,Diamondbacks,1,363,100.1,Mexico City,1,MEX
William Contreras,26-06-14,Brewers,1,363,96,American Family Field,0,MIL
Yordan Alvarez,26-05-16,Astros,30,362,97.8,Daikin Park,1,HOU
Ivan Herrera,26-09-26,Cardinals,5,362,103.3,American Family Field,0,MIL
Manny Machado,26-05-30,Padres,1,362,102.4,Nationals Park,1,WSH
Manny Machado,26-05-26,Padres,22,362,108,Petco Park,1,SDP
Elly De La Cruz,26-09-09,Reds,5,362,101.3,Dodger Stadium,0,LAD
Cal Raleigh,26-08-25,Mariners,29,362,106.2,T-Mobile Park,1,SEA
Hao-Yu Lee,26-09-18,Tigers,28,362,100.2,Rate Field,1,CWS
Willson Contreras,26-04-06,Red Sox,28,362,105.3,Fenway Park,1,BOS
Rafael Devers,26-07-24,Giants,28,362,101.8,Oracle Park,1,SFG
Javier Sanoja,26-06-06,Marlins,28,362,96.5,loanDepot Park,1,MIA
Steven Kwan,26-08-07,Guardians,27,362,96,Rate Field,1,CWS
Hunter Goodman,26-09-12,Rockies,26,362,93.9,Comerica Park,1,DET
Angel Genao,26-08-08,Guardians,26,362,97.6,Rate Field,1,CWS
Graham Pauley,26-04-26,Marlins,26,362,97.2,Oracle Park,1,SFG
Nathaniel Lowe,26-07-21,Reds,25,362,100.3,T-Mobile Park,1,SEA
Yandy Diaz,26-08-11,Rays,25,362,97.6,Sutter Health Park,1,ATH
Tristan Peters,26-08-26,White Sox,25,362,95.8,Rate Field,1,CWS
Austin Riley,26-07-04,Braves,25,362,98.2,Truist Park,1,ATL
Josh Lowe,26-06-27,Angels,25,362,105,Angel Stadium,0,LAA
Jonatan Clase,26-07-07,Blue Jays,23,362,99.9,Oracle Park,1,SFG
Gavin Sheets,26-06-02,Padres,23,362,102.1,Citizens Bank Park,1,PHI
Nick Sogard,26-08-17,Red Sox,23,362,100.3,Fenway Park,0,BOS
Kevin McGonigle,26-09-08,Tigers,23,362,100.1,Comerica Park,1,DET
Nolan Schanuel,26-06-19,Angels,22,362,93.6,Sutter Health Park,1,ATH
William Contreras,26-04-17,Brewers,22,362,106.1,loanDepot Park,0,MIA
Denzer Guzman,26-09-18,Angels,21,362,102,Angel Stadium,0,LAA
Jeff McNeil,26-09-04,Athletics,21,362,96.9,T-Mobile Park,1,SEA
Jimmy Crooks,26-08-05,Cardinals,20,362,95.5,Yankee Stadium,0,NYY
Kahlil Watson,26-06-26,Guardians,20,362,101.3,Progressive Field,0,CLE
Yandy Diaz,26-03-30,Rays,19,362,98.4,American Family Field,1,MIL
Eugenio Suarez,26-07-07,Reds,19,362,96.2,Great American Ball Park,1,CIN
Chase Meidroth,26-08-06,White Sox,18,362,95.1,Fenway Park,1,BOS
Trea Turner,26-09-08,Phillies,17,362,97,Citizens Bank Park,1,PHI
Michael Conforto,26-07-28,Cubs,16,362,97.2,Busch Stadium,0,STL
Miguel Amaya,26-06-13,Cubs,15,362,100.6,Oracle Park,0,SFG
Alex Freeland,26-05-04,Dodgers,15,362,95.8,Daikin Park,1,HOU
Javier Sanoja,26-04-01,Marlins,14,362,103.6,loanDepot Park,0,MIA
Austin Riley,26-08-30,Braves,13,362,104.4,Truist Park,0,ATL
Tyrone Taylor,26-04-09,Mets,13,362,98.9,Citi Field,0,NYM
Jake Burger,26-07-24,Rangers,12,362,98.5,Globe Life Park,1,TEX
Heliot Ramos,26-08-20,Giants,12,362,101.7,Camden Yards,0,BAL
Dylan Crews,26-07-19,Nationals,12,362,106.9,Sutter Health Park,1,ATH
Freddie Freeman,26-03-26,Dodgers,11,362,101.2,Dodger Stadium,0,LAD
Luis Arraez,26-04-06,Giants,10,362,95.9,Oracle Park,0,SFG
George Springer,26-03-29,Blue Jays,9,362,99.6,Rogers Centre,1,TOR
Graham Pauley,26-06-26,Marlins,8,362,100,Busch Stadium,0,STL
Nelson Velazquez,26-06-10,Cardinals,6,362,101.6,Citi Field,0,NYM
Spencer Torkelson,26-06-02,Tigers,6,362,108.2,Tropicana Field,0,TBR
Juan Soto,26-06-13,Mets,6,362,103.1,Citi Field,0,NYM
Thomas Saggase,26-09-20,Cardinals,5,362,101.9,Busch Stadium,0,STL
Brandon Valenzuela,26-07-25,Blue Jays,5,362,101.6,Fenway Park,0,BOS
Bo Naylor,26-04-05,Guardians,5,362,103.1,Progressive Field,0,CLE
Xavier Edwards,26-04-20,Marlins,5,362,99.2,loanDepot Park,0,MIA
Miguel Rojas,26-09-08,Dodgers,4,362,98.9,Dodger Stadium,0,LAD
Ceddanne Rafaela,26-05-05,Red Sox,4,362,98,Comerica Park,1,DET
Luke Keaschall,26-09-07,Twins,4,362,98.8,Comerica Park,0,DET
Brett Sullivan,26-08-23,Rockies,4,362,104.5,Coors Field,0,COL
Ivan Herrera,26-09-03,Cardinals,4,362,97.2,Dodger Stadium,0,LAD
Bryce Eldridge,26-06-27,Giants,4,362,103.6,Oracle Park,0,SFG
Cal Raleigh,26-08-30,Mariners,3,362,106.1,Rogers Centre,0,TOR
John Rave,26-06-22,Royals,3,362,100.9,Tropicana Field,0,TBR
Sam Antonacci,26-08-02,White Sox,3,362,95.1,Tropicana Field,0,TBR
Gunnar Henderson,26-04-05,Orioles,2,362,92.7,PNC Park,0,PIT
Elias Diaz,26-09-12,Royals,2,362,98.7,Chase Field,0,ARI
Ben Williamson,26-05-05,Rays,1,362,101.4,Tropicana Field,0,TBR
Bryan Reynolds,26-06-29,Pirates,1,362,96.8,Citizens Bank Park,0,PHI
Matt Mclain,26-08-13,Reds,1,362,96,Rate Field,0,CWS
Jake Bauers,26-07-12,Brewers,1,362,99.5,PNC Park,0,PIT
Denzer Guzman,26-06-16,Angels,1,362,99.5,Chase Field,0,ARI
Addison Barger,26-03-28,Blue Jays,1,362,100.5,Rogers Centre,0,TOR
Steven Kwan,26-05-19,Guardians,1,362,93.2,Comerica Park,0,DET
Max Muncy (A),26-03-29,Athletics,13,362,104.8,Rogers Centre,1,TOR
CJ Abrams,26-04-04,Nationals,1,361,103.1,Nationals Park,1,WSH
Wilyer Abreu,26-09-25,Red Sox,1,361,100.5,Fenway Park,0,BOS
Bryce Harper,26-05-26,Phillies,30,361,113.5,Petco Park,1,SDP
Randal Grichuk,26-09-06,Yankees,30,361,99.1,Rate Field,1,CWS
Junior Caminero,26-06-27,Rays,29,361,106.9,Tropicana Field,1,TBR
Zach Neto,26-05-13,Angels,29,361,107.8,Progressive Field,1,CLE
Zach Cole,26-05-16,Astros,29,361,95.9,Daikin Park,1,HOU
Nolan Arenado,26-07-06,Diamondbacks,29,361,98.7,Petco Park,1,SDP
Austin Hays,26-08-09,White Sox,29,361,99,Petco Park,1,SDP
Ty France,26-05-24,Padres,28,361,98.6,Petco Park,1,SDP
Walker Jenkins,26-09-22,Twins,27,361,102.5,Oracle Park,1,SFG
Joshua Baez,26-09-11,Cardinals,26,361,111.5,Busch Stadium,0,STL
Luis Rengifo,26-07-24,Brewers,26,361,99.4,loanDepot Park,1,MIA
Amed Rosario,26-07-01,Yankees,26,361,110.9,Yankee Stadium,1,NYY
Colt Emerson,26-06-26,Mariners,26,361,104,Progressive Field,1,CLE
Fernando Tatis Jr,26-09-01,Padres,25,361,100.9,Great American Ball Park,1,CIN
Hao-Yu Lee,26-06-01,Tigers,25,361,97.8,Tropicana Field,1,TBR
Josh Smith,26-09-08,Rangers,25,361,99.1,Sutter Health Park,1,ATH
Christian Vazquez,26-08-15,Astros,24,361,105.1,Daikin Park,1,HOU
Esmerlyn Valdez,26-09-09,Pirates,24,361,99.4,Rate Field,1,CWS
Joc Pederson,26-04-05,Rangers,23,361,101.6,Globe Life Park,1,TEX
Drew Gilbert,26-08-15,Giants,23,361,104.8,Oracle Park,1,SFG
AJ Ewing,26-06-14,Mets,23,361,94.2,Citi Field,1,NYM
Seiya Suzuki,26-06-27,Cubs,22,361,97.2,American Family Field,1,MIL
Jake Bauers,26-03-26,Brewers,22,361,108.6,American Family Field,1,MIL
Francisco Alvarez,26-09-15,Mets,21,361,99.5,Citi Field,0,NYM
Cole Carrigg,26-07-26,Rockies,21,361,98.2,American Family Field,1,MIL
Andres Gimenez,26-04-03,Blue Jays,21,361,105.3,Rate Field,1,CWS
Jung Hoo Lee,26-04-10,Giants,21,361,102.1,Camden Yards,1,BAL
Ian Happ,26-03-29,Cubs,20,361,99.8,Wrigley Field,1,CHC
Patrick Wisdom,26-06-14,Mariners,19,361,100.3,Nationals Park,0,WSH
Rhys Hoskins,26-04-08,Guardians,19,361,101.6,Progressive Field,0,CLE
Jarren Duran,26-06-05,Red Sox,17,361,100.5,Yankee Stadium,0,NYY
Lane Thomas,26-07-07,Royals,17,361,107.1,Citi Field,0,NYM
Byron Buxton,26-07-04,Twins,17,361,103.6,Yankee Stadium,0,NYY
Dillon Dingler,26-06-03,Tigers,16,361,104.4,Tropicana Field,1,TBR
Ronald Acuna Jr,26-04-22,Braves,16,361,102.7,Nationals Park,0,WSH
Austin Riley,26-05-08,Braves,16,361,100.4,Dodger Stadium,0,LAD
Carson Kelly,26-08-28,Cubs,15,361,95.2,Wrigley Field,0,CHC
Dillon Dingler,26-05-29,Tigers,15,361,96.9,Rate Field,1,CWS
Eli White,26-04-26,Braves,15,361,100.7,Truist Park,1,ATL
Jake Cronenworth,26-04-17,Padres,14,361,99.7,Angel Stadium,0,LAA
Aaron Judge,26-05-30,Yankees,14,361,99.9,Sutter Health Park,0,ATH
Jonathan Aranda,26-09-19,Rays,13,361,98.7,Tropicana Field,1,TBR
Oneil Cruz,26-04-13,Pirates,13,361,114.1,PNC Park,0,PIT
Jake Cronenworth,26-08-03,Padres,12,361,94,Chase Field,0,ARI
Matt Olson,26-04-15,Braves,12,361,95.1,Truist Park,0,ATL
Elias Diaz,26-09-22,Royals,10,361,105.8,Globe Life Park,0,TEX
Luke Maile,26-09-20,Royals,9,361,95,PNC Park,0,PIT
Bryan Reynolds,26-08-19,Pirates,9,361,99.9,PNC Park,0,PIT
Lawrence Butler,26-07-22,Athletics,7,361,99,Chase Field,0,ARI
Brooks Lee,26-05-19,Twins,7,361,100.3,Target Field,0,MIN
JJ Wetherholt,26-03-26,Cardinals,6,361,101.3,Busch Stadium,0,STL
Fernando Tatis Jr,26-06-16,Padres,6,361,99,Busch Stadium,0,STL
Nick Gonzales,26-05-22,Pirates,6,361,98.4,Rogers Centre,0,TOR
Julio Rodriguez,26-08-26,Mariners,6,361,99.1,T-Mobile Park,0,SEA
Sam Antonacci,26-06-03,White Sox,6,361,96.7,Target Field,0,MIN
Luis Arraez,26-09-20,Giants,5,361,97.2,Citi Field,0,NYM
Leody Taveras,26-08-05,Orioles,5,361,100.5,Camden Yards,1,BAL
George Springer,26-04-08,Blue Jays,5,361,101.4,Rogers Centre,0,TOR
Nolan Gorman,26-08-28,Cardinals,4,361,99.4,Busch Stadium,0,STL
Konnor Griffin,26-04-14,Pirates,4,361,105.3,PNC Park,0,PIT
Sal Stewart,26-05-18,Reds,4,361,101.3,Citizens Bank Park,1,PHI
Andrew Benintendi,26-04-06,White Sox,4,361,99.7,Rate Field,0,CWS
Gunnar Henderson,26-04-11,Orioles,4,361,96.1,Camden Yards,1,BAL
John Rave,26-08-12,Royals,3,361,94.7,Dodger Stadium,0,LAD
Byron Buxton,26-05-05,Twins,3,361,103.7,Nationals Park,0,WSH
Michael Massey,26-04-20,Royals,2,361,96.6,Kauffman Stadium,0,KCR
Nick Fortes,26-05-07,Rays,2,361,96.7,Fenway Park,0,BOS
Justin Crawford,26-05-08,Phillies,2,361,96.6,Citizens Bank Park,1,PHI
Sal Frelick,26-06-24,Brewers,2,361,98,Great American Ball Park,0,CIN
Christian Yelich,26-06-04,Brewers,2,361,101.7,American Family Field,0,MIL
Marcelo Mayer,26-04-23,Red Sox,1,361,101.5,Fenway Park,0,BOS
Pete Crow-Armstrong,26-08-09,Cubs,1,361,99.2,Kauffman Stadium,0,KCR
Heliot Ramos,26-06-30,Giants,1,361,100.5,Chase Field,0,ARI
Wade Meckler,26-05-26,Angels,1,361,96.6,Comerica Park,0,DET
Luke Raley,26-04-14,Mariners,1,361,107.2,Petco Park,0,SDP
Otto Lopez,26-04-28,Marlins,1,361,101,Dodger Stadium,0,LAD
Lane Thomas,26-08-27,Royals,1,361,94,Truist Park,0,ATL
Andres Chaparro,26-09-13,Nationals,1,361,92.5,Nationals Park,0,WSH
CJ Abrams,26-03-26,Nationals,26,360,110.8,Wrigley Field,0,CHC
Jose Siri,26-09-27,Angels,8,360,102.6,T-Mobile Park,1,SEA
James Wood,26-05-10,Nationals,3,360,100.2,loanDepot Park,0,MIA
TJ Rumfield,26-09-25,Rockies,15,360,101.4,Rate Field,1,CWS
Cole Carrigg,26-09-27,Rockies,29,360,102.4,Rate Field,1,CWS
Luis Garcia Jr.,26-07-24,Nationals,24,360,107.4,Nationals Park,0,WSH
Ketel Marte,26-09-26,Diamondbacks,1,360,97.2,Petco Park,0,SDP
Ryan O'Hearn,26-06-17,Pirates,29,360,98.2,Sutter Health Park,1,ATH
Isiah Kiner-Falefa,26-06-18,Red Sox,29,360,98.4,Fenway Park,1,BOS
Jazz Chisholm Jr,26-06-09,Yankees,28,360,107.3,Progressive Field,1,CLE
Marcus Semien,26-06-07,Mets,28,360,96.2,Petco Park,1,SDP
Masataka Yoshida,26-07-11,Red Sox,27,360,104.2,Citi Field,1,NYM
Vaughn Grissom,26-09-12,Angels,26,360,97.3,Nationals Park,1,WSH
Kyle Isbel,26-04-01,Royals,26,360,98.6,Kauffman Stadium,1,KCR
Jonah Heim,26-06-19,Braves,26,360,102.7,Sutter Health Park,1,ATH
Ildemaro Vargas,26-08-05,Diamondbacks,25,360,94.6,Chase Field,0,ARI
Bryson Stott,26-05-18,Phillies,24,360,103.3,Citizens Bank Park,1,PHI
Ernie Clement,26-04-29,Blue Jays,24,360,99.3,Rogers Centre,1,TOR
Will Benson,26-06-02,Reds,23,360,99.9,Great American Ball Park,1,CIN
Wilyer Abreu,26-03-28,Red Sox,22,360,106,Great American Ball Park,1,CIN
Michael Massey,26-06-04,Royals,22,360,95.5,Target Field,1,MIN
Dillon Dingler,26-07-21,Tigers,22,360,105.6,Wrigley Field,0,CHC
Wenceel Perez,26-04-15,Tigers,22,360,98.3,Comerica Park,1,DET
Juan Brito,26-09-02,Reds,22,360,95,Great American Ball Park,1,CIN
Zack Gelof,26-06-16,Athletics,21,360,98.4,Sutter Health Park,1,ATH
Willy Adames,26-04-07,Giants,21,360,100.9,Oracle Park,0,SFG
Coby Mayo,26-09-23,Orioles,20,360,110.9,Camden Yards,0,BAL
Josh Rojas,26-08-29,Royals,20,360,92.4,Progressive Field,1,CLE
Pete Crow-Armstrong,26-05-29,Cubs,19,360,109.8,Busch Stadium,0,STL
Chase Meidroth,26-08-14,White Sox,19,360,93.3,Rate Field,1,CWS
Garrett Mitchell,26-05-01,Brewers,19,360,108.8,Nationals Park,0,WSH
Ramon Laureano,26-04-14,Padres,19,360,105,Petco Park,0,SDP
Harrison Bader,26-05-12,Giants,19,360,99.4,Dodger Stadium,1,LAD
Connor Norby,26-04-17,Marlins,18,360,101.9,loanDepot Park,0,MIA
Jake Burger,26-09-19,Rangers,17,360,105.4,Globe Life Park,0,TEX
Randal Grichuk,26-05-20,Yankees,17,360,96.9,Yankee Stadium,1,NYY
Jake Mangum,26-09-13,Pirates,16,360,103.7,Wrigley Field,0,CHC
Matt Mclain,26-08-20,Reds,16,360,102,Great American Ball Park,1,CIN
Jeremy Pena,26-06-17,Astros,16,360,101.5,Daikin Park,1,HOU
Randy Arozarena,26-06-09,Mariners,15,360,100.6,Camden Yards,1,BAL
Brice Turang,26-03-28,Brewers,15,360,100,American Family Field,0,MIL
Brett Baty,26-09-06,Mets,14,360,104.5,Citi Field,1,NYM
Mookie Betts,26-06-26,Dodgers,14,360,101.7,Petco Park,1,SDP
JJ Wetherholt,26-06-21,Cardinals,13,360,93.7,Kauffman Stadium,1,KCR
Fernando Tatis Jr,26-06-10,Padres,13,360,106.3,Petco Park,1,SDP
Ryan Waldschmidt,26-06-07,Diamondbacks,13,360,99,Chase Field,0,ARI
Mark Vientos,26-05-14,Mets,13,360,104.5,Citi Field,0,NYM
Chase Delauter,26-03-27,Guardians,13,360,99.4,T-Mobile Park,1,SEA
Cedric Mullins,26-08-28,Rays,12,360,94.3,Tropicana Field,1,TBR
Nick Gonzales,26-06-19,Pirates,11,360,98.8,Coors Field,0,COL
Brandon Nimmo,26-09-23,Rangers,10,360,100.6,Globe Life Park,0,TEX
Bryson Stott,26-07-26,Phillies,10,360,110.5,Citizens Bank Park,1,PHI
Garrett Mitchell,26-07-03,Brewers,10,360,100.8,Chase Field,0,ARI
Trevor Larnach,26-07-04,Twins,9,360,105.8,Yankee Stadium,1,NYY
Oneil Cruz,26-04-18,Pirates,8,360,105.5,PNC Park,0,PIT
Oneil Cruz,26-05-10,Pirates,8,360,101.9,Oracle Park,1,SFG
Michael Busch,26-09-06,Cubs,8,360,98.8,loanDepot Park,0,MIA
Wilyer Abreu,26-05-26,Red Sox,7,360,92.9,Fenway Park,0,BOS
Daylen Lile,26-08-14,Nationals,7,360,98.1,Citi Field,0,NYM
Lars Nootbaar,26-07-08,Cardinals,6,360,98,Busch Stadium,0,STL
Dillon Dingler,26-06-13,Tigers,6,360,99.6,Progressive Field,0,CLE
Andruw Monasterio,26-08-23,Red Sox,6,360,97.6,Fenway Park,0,BOS
Joshua Baez,26-08-21,Cardinals,5,360,100.2,Citizens Bank Park,1,PHI
Kyle Tucker,26-07-25,Dodgers,5,360,99.9,Citi Field,0,NYM
Mookie Betts,26-04-03,Dodgers,5,360,102,Nationals Park,0,WSH
TJ Friedl,26-04-30,Reds,4,360,96.8,Great American Ball Park,1,CIN
David Hamilton,26-07-31,Brewers,4,360,100.5,Angel Stadium,0,LAA
Will Smith,26-05-16,Dodgers,4,360,103.5,Angel Stadium,0,LAA
Cole Young,26-07-07,Mariners,3,360,96.1,loanDepot Park,0,MIA
Vinnie Pasquantino,26-09-05,Royals,3,360,95.5,Kauffman Stadium,0,KCR
Wilyer Abreu,26-09-08,Red Sox,3,360,100,Fenway Park,0,BOS
Lane Thomas,26-05-26,Royals,2,360,91.7,Kauffman Stadium,0,KCR
Shay Whitcomb,26-08-29,Astros,2,360,102.7,Oracle Park,0,SFG
Michael Harris,26-07-17,Braves,2,360,96.2,Truist Park,0,ATL
Garrett Mitchell,26-05-14,Brewers,2,360,103.6,American Family Field,0,MIL
Chase Meidroth,26-06-03,White Sox,2,360,94.1,Target Field,0,MIN
Nick Sogard,26-08-08,Red Sox,2,360,102.8,Fenway Park,0,BOS
Alex Call,26-09-16,Dodgers,1,360,97,Great American Ball Park,0,CIN
Matt Mclain,26-03-29,Reds,1,360,106.2,Great American Ball Park,0,CIN
Cam Smith,26-06-12,Astros,1,360,102.4,Kauffman Stadium,0,KCR
Eloy Jimenez,26-04-21,Blue Jays,1,360,102.1,Angel Stadium,0,LAA
Jorge Soler,26-04-11,Angels,1,360,100.2,Great American Ball Park,0,CIN
Brayan Rocchio,26-05-15,Guardians,1,360,96.8,Progressive Field,0,CLE
Rafael Devers,26-04-10,Giants,1,360,94.7,Camden Yards,0,BAL
Ildemaro Vargas,26-04-26,Diamondbacks,1,360,90.9,Mexico City,1,MEX
Brandon Lowe,26-08-14,Pirates,1,360,94.1,PNC Park,0,PIT
Alec Bohm,26-08-28,Phillies,1,360,95.6,Angel Stadium,0,LAA
James Wood,26-05-30,Nationals,2,359,106.1,Nationals Park,0,WSH
Cesar Prieto,26-09-27,Cardinals,1,359,97.4,American Family Field,0,MIL
Coby Mayo,26-09-25,Orioles,2,359,92.1,Yankee Stadium,0,NYY
Ronald Acuna Jr,26-09-24,Braves,2,359,103.6,Truist Park,0,ATL
Elly De La Cruz,26-05-07,Reds,1,359,99,Wrigley Field,0,CHC
Elly De La Cruz,26-05-06,Reds,4,359,98.6,Wrigley Field,0,CHC
George Springer,26-05-21,Blue Jays,30,359,96,Yankee Stadium,1,NYY
Brandon Lowe,26-08-19,Pirates,30,359,105.6,PNC Park,1,PIT
Taylor Trammell,26-09-17,Astros,29,359,106.4,Daikin Park,1,HOU
Bryson Stott,26-08-28,Phillies,28,359,96.9,Angel Stadium,0,LAA
Kody Clemens,26-09-17,Twins,27,359,99.2,Angel Stadium,0,LAA
Cal Raleigh,26-08-29,Mariners,27,359,107.7,Rogers Centre,1,TOR
Juan Soto,26-07-03,Mets,25,359,100.6,Truist Park,1,ATL
Nick Gonzales,26-09-13,Pirates,24,359,96.7,Wrigley Field,0,CHC
MJ Melendez,26-04-30,Mets,24,359,97,Citi Field,1,NYM
Nolan Gorman,26-08-30,Cardinals,23,359,102.7,Busch Stadium,0,STL
Kyle Schwarber,26-06-20,Phillies,23,359,103.3,Citizens Bank Park,1,PHI
Spencer Torkelson,26-09-04,Tigers,23,359,101.9,Progressive Field,1,CLE
Keibert Ruiz,26-08-27,Nationals,23,359,93.8,Nationals Park,0,WSH
Agustin Ramirez,26-04-06,Marlins,23,359,100.1,loanDepot Park,0,MIA
Dansby Swanson,26-04-13,Cubs,23,359,97.5,Citizens Bank Park,1,PHI
Isaac Paredes,26-09-13,Astros,22,359,96.8,Tropicana Field,1,TBR
Carter Jensen,26-04-06,Rangers,22,359,111.2,Progressive Field,1,CLE
Yandy Diaz,26-04-26,Rays,22,359,100.1,Tropicana Field,1,TBR
Ryan McMahon,26-05-05,Yankees,22,359,97.3,Yankee Stadium,1,NYY
Jackson Chourio,26-08-16,Brewers,22,359,99.6,Dodger Stadium,0,LAD
Jordan Beck,26-04-14,Rockies,21,359,98.1,Daikin Park,1,HOU
Evan Carter,26-05-26,Rangers,20,359,101.2,Globe Life Park,1,TEX
Heriberto Hernandez,26-08-16,Marlins,20,359,102,Great American Ball Park,1,CIN
Willy Adames,26-05-19,Giants,20,359,108.1,Chase Field,1,ARI
Tristan Peters,26-05-17,White Sox,20,359,101.8,Rate Field,1,CWS
Jo Adell,26-07-08,Angels,20,359,99,Globe Life Park,1,TEX
Brandon Lowe,26-07-18,Pirates,19,359,95,Progressive Field,0,CLE
Bo Bichette,26-05-27,Mets,19,359,104.4,Citi Field,0,NYM
Carlos Correa,26-05-01,Astros,19,359,109,Fenway Park,1,BOS
Tyler O'Neill,26-05-15,Orioles,19,359,97.7,Nationals Park,0,WSH
Trent Grisham,26-08-14,Yankees,18,359,100.3,Rogers Centre,1,TOR
Ivan Herrera,26-08-10,Cardinals,17,359,94.9,Busch Stadium,0,STL
Eugenio Suarez,26-08-13,Reds,17,359,98.1,Rate Field,1,CWS
Rece Hinds,26-09-09,Orioles,17,359,102.2,Camden Yards,0,BAL
Christian Encarnacion-Strand,26-08-17,Orioles,17,359,105.7,Tropicana Field,1,TBR
Luis Torrens,26-05-26,Mets,17,359,99,Citi Field,0,NYM
Ben Rice,26-04-03,Yankees,17,359,101.1,Yankee Stadium,0,NYY
Rafael Devers,26-08-02,Giants,16,359,97.4,Petco Park,1,SDP
David Fry,26-04-25,Guardians,16,359,100.8,Rogers Centre,0,TOR
Carson Benge,26-06-21,Mets,16,359,96.2,Citizens Bank Park,1,PHI
Braden Montgomery,26-07-12,White Sox,16,359,94.3,Rate Field,1,CWS
Luis Rengifo,26-07-22,Brewers,15,359,102.4,Truist Park,1,ATL
Rafael Devers,26-06-27,Giants,15,359,96.4,Oracle Park,1,SFG
Francisco Lindor,26-09-12,Mets,14,359,102.3,Yankee Stadium,1,NYY
Jeff McNeil,26-06-15,Athletics,14,359,99.9,Sutter Health Park,1,ATH
Tyler O'Neill,26-05-15,Orioles,14,359,96.9,Nationals Park,0,WSH
Ezequiel Tovar,26-03-28,Rockies,13,359,98.3,loanDepot Park,0,MIA
Fernando Tatis Jr,26-07-17,Padres,13,359,102.3,Kauffman Stadium,0,KCR
Zach Dezenzo,26-05-08,Astros,13,359,100,Great American Ball Park,1,CIN
Chase Meidroth,26-05-12,White Sox,13,359,99.8,Rate Field,1,CWS
Randy Arozarena,26-05-01,Mariners,13,359,96.5,T-Mobile Park,1,SEA
Victor Robles,26-06-23,Mariners,12,359,93.3,PNC Park,0,PIT
Alex Bregman,26-09-03,Cubs,12,359,104.2,Wrigley Field,0,CHC
Brandon Lowe,26-09-19,Pirates,11,359,110.9,PNC Park,0,PIT
Nolan Schanuel,26-05-04,Angels,10,359,105.9,Angel Stadium,0,LAA
Spencer Torkelson,26-03-28,Tigers,10,359,100.6,Petco Park,0,SDP
Jose Fermin,26-09-01,Cardinals,9,359,98.5,Dodger Stadium,0,LAD
Shohei Ohtani,26-04-04,Dodgers,9,359,101.2,Nationals Park,0,WSH
Cal Raleigh,26-07-07,Mariners,8,359,100.8,loanDepot Park,0,MIA
Lamonte Wade Jr,26-06-06,Astros,8,359,95,Daikin Park,1,HOU
Josh Naylor,26-04-10,Mariners,8,359,98.4,T-Mobile Park,0,SEA
Brandon Marsh,26-04-25,Phillies,7,359,101.2,Truist Park,0,ATL
Lourdes Gurriel ,26-07-03,Diamondbacks,7,359,95.4,Chase Field,0,ARI
Jake Meyers,26-03-28,Astros,7,359,99.3,Daikin Park,0,HOU
Corbin Carroll,26-07-24,Diamondbacks,5,359,103.8,Nationals Park,0,WSH
Michael Busch,26-04-07,Cubs,5,359,101.8,Tropicana Field,0,TBR
Ethan Salas,26-09-20,Padres,4,359,92.8,Petco Park,0,SDP
Kyle Karros,26-04-05,Rockies,4,359,94.5,Coors Field,0,COL
Wyatt Langford,26-07-12,Rangers,4,359,99.3,Globe Life Park,0,TEX
Drake Baldwin,26-08-01,Braves,4,359,97.7,Truist Park,0,ATL
Carter Jensen,26-06-09,Royals,3,359,111.5,Kauffman Stadium,0,KCR
Alex Bregman,26-08-04,Cubs,3,359,96.8,Wrigley Field,0,CHC
Amed Rosario,26-06-26,Yankees,3,359,98.3,Fenway Park,0,BOS
Paul Goldschmidt,26-05-03,Yankees,3,359,100.8,Yankee Stadium,0,NYY
Kazuma Okamoto,26-05-24,Blue Jays,3,359,98.2,Rogers Centre,0,TOR
Taylor Tramell,26-04-18,Astros,3,359,97.7,Daikin Park,0,HOU
Jackson Merrill,26-09-02,Padres,2,359,101.1,Great American Ball Park,0,CIN
Trea Turner,26-04-12,Phillies,2,359,97.5,Citizens Bank Park,1,PHI
Josh Bell,26-08-24,Twins,2,359,100.7,Sutter Health Park,0,ATH
Jake Rogers,26-08-19,Tigers,2,359,98.6,Wrigley Field,0,CHC
Jake Bauers,26-08-07,Brewers,2,359,100.9,American Family Field,0,MIL
Jorge Soler,26-04-11,Angels,2,359,99,Great American Ball Park,0,CIN
Kerry Carpenter,26-04-04,Tigers,2,359,97.9,Comerica Park,1,DET
Leo Bernal,26-09-14,Cardinals,1,359,100,Busch Stadium,0,STL
Jordan Beck,26-03-29,Rockies,1,359,108.1,loanDepot Park,0,MIA
Matt Mclain,26-04-19,Reds,1,359,98.9,Target Field,0,MIN
Spencer Horwitz,26-05-26,Pirates,1,359,98.2,PNC Park,1,PIT
Marcus Semien,26-04-12,Mets,1,359,99.7,Citi Field,0,NYM
Taylor Trammell,26-04-17,Astros,1,359,97.7,Daikin Park,0,HOU
Corey Seager,26-09-03,Rangers,1,359,96.4,Globe Life Park,0,TEX
Yordan Alvarez,26-04-11,Astros,2,358,100.4,T-Mobile Park,0,SEA
James Wood,26-06-07,Nationals,1,358,100.3,Chase Field,0,ARI
Max Muncy (D),26-08-02,Dodgers,18,358,97,Dodger Stadium,0,LAD
Randal Grichuk,26-09-12,Yankees,30,358,96.6,Busch Stadium,1,STL
Brooks Lee,26-05-31,Twins,29,358,99.2,PNC Park,1,PIT
Jose Trevino,26-07-02,Reds,28,358,98.5,American Family Field,1,MIL
Caleb Durbin,26-07-03,Red Sox,26,358,107.4,Angel Stadium,1,LAA
Willy Adames,26-07-18,Giants,26,358,100.7,T-Mobile Park,1,SEA
Javier Sanoja,26-08-16,Marlins,25,358,98.2,Great American Ball Park,1,CIN
Brett Baty,26-09-05,Mets,24,358,99.8,Citi Field,0,NYM
Dane Myers,26-07-26,Reds,23,358,97.3,Busch Stadium,0,STL
Justin Foscue,26-05-09,Rangers,23,358,106.2,Globe Life Park,1,TEX
Jose Altuve,26-05-16,Astros,23,358,104.5,Daikin Park,1,HOU
Travis Bazzana,26-05-19,Guardians,23,358,97.3,Comerica Park,1,DET
Ronald Acuna Jr,26-04-07,Braves,23,358,95.8,Angel Stadium,0,LAA
Sal Stewart,26-07-08,Reds,22,358,100.3,Great American Ball Park,1,CIN
Daulton Varsho,26-08-22,Blue Jays,22,358,97.6,Daikin Park,1,HOU
Isaac Paredes,26-06-15,Astros,22,358,94.7,Daikin Park,1,HOU
Gabriel Arias,26-04-03,Guardians,22,358,101.9,Progressive Field,1,CLE
Liam Hicks,26-04-15,Marlins,22,358,99.7,Truist Park,1,ATL
Luis Arraez,26-06-05,Giants,20,358,98,Wrigley Field,0,CHC
Cole Young,26-08-15,Mariners,19,358,95.3,Daikin Park,1,HOU
Zach Neto,26-05-19,Angels,19,358,107.6,Angel Stadium,0,LAA
Ezequiel Duran,26-08-10,Rangers,18,358,95.9,Angel Stadium,0,LAA
Eli White,26-07-04,Braves,18,358,93.5,Truist Park,1,ATL
Yainer Diaz,26-09-23,Astros,17,358,99.5,T-Mobile Park,1,SEA
Josh Naylor,26-06-08,Mariners,17,358,92.3,Camden Yards,1,BAL
Alika Williams,26-09-02,Athletics,16,358,94.5,T-Mobile Park,1,SEA
Randy Arozarena,26-08-23,Mariners,16,358,93.8,T-Mobile Park,1,SEA
Seiya Suzuki,26-06-29,Cubs,16,358,90,Wrigley Field,0,CHC
Agustin Ramirez,26-04-17,Marlins,16,358,100.4,loanDepot Park,0,MIA
Chase Delauter,26-03-26,Guardians,15,358,102.2,T-Mobile Park,1,SEA
Tim Tawa,26-08-29,Diamondbacks,13,358,107.8,Oracle Park,0,SFG
Eduardo Valencia,26-08-15,Tigers,13,358,103.3,Comerica Park,1,DET
Brice Turang,26-04-10,Brewers,13,358,97.7,American Family Field,0,MIL
Yandy Diaz,26-05-07,Rays,11,358,104.8,Fenway Park,0,BOS
Kody Clemens,26-07-25,Twins,11,358,97.4,Target Field,0,MIN
Trey Mancini,26-06-12,Angels,10,358,106,Angel Stadium,0,LAA
Zach Neto,26-03-27,Angels,10,358,102.5,Daikin Park,1,HOU
Oswald Peraza,26-03-28,Angels,10,358,94.6,Daikin Park,1,HOU
Willy Adames,26-05-08,Giants,9,358,93.9,Oracle Park,0,SFG
Ezequiel Duran,26-06-09,Rangers,8,358,106.6,Kauffman Stadium,0,KCR
Gavin Sheets,26-04-17,Padres,8,358,100.1,Angel Stadium,0,LAA
Bo Naylor,26-05-01,Guardians,8,358,94.5,Sutter Health Park,0,ATH
Cedric Mullins,26-08-20,Rays,8,358,93.5,Tropicana Field,0,TBR
Bobby Witt,26-04-28,Royals,6,358,101.3,Sutter Health Park,0,ATH
Tommy White,26-07-24,Athletics,5,358,98.7,Target Field,0,MIN
Troy Johnston,26-05-14,Rockies,4,358,97.4,PNC Park,0,PIT
Wilyer Abreu,26-06-07,Red Sox,4,358,99.9,Yankee Stadium,0,NYY
Drake Baldwin,26-09-02,Braves,4,358,99.2,Nationals Park,0,WSH
Esteury Ruiz,26-06-16,Marlins,4,358,98,Citizens Bank Park,1,PHI
Christian Walker,26-03-29,Astros,4,358,102.6,Daikin Park,0,HOU
Angel Martinez,26-04-10,Guardians,4,358,100.6,Truist Park,0,ATL
Ryan McMahon,26-07-20,Yankees,4,358,96.9,Yankee Stadium,0,NYY
George Lombard Jr,26-08-16,Yankees,4,358,101.2,Rogers Centre,0,TOR
Alec Bohm,26-09-04,Phillies,4,358,107,Citizens Bank Park,1,PHI
Miguel Amaya,26-07-29,Cubs,3,358,98.2,Busch Stadium,0,STL
Austin Riley,26-06-02,Braves,3,358,102.3,Truist Park,0,ATL
Julio Rodriguez,26-05-04,Mariners,3,358,101.3,T-Mobile Park,0,SEA
Austin Wells,26-08-30,Yankees,3,358,90.9,Yankee Stadium,1,NYY
Drake Baldwin,26-08-26,Braves,2,358,105.2,Truist Park,0,ATL
Trent Grisham,26-06-08,Yankees,2,358,100.7,Progressive Field,0,CLE
Jakob Marsee,26-05-29,Marlins,2,358,99.6,Citi Field,0,NYM
Gunnar Henderson,26-05-13,Orioles,2,358,97.1,Camden Yards,0,BAL
Dylan Crews,26-09-16,Nationals,1,358,97.3,Nationals Park,0,WSH
Brett Bateman,26-08-07,Blue Jays,1,358,97.4,Citizens Bank Park,0,PHI
Mickey Moniak,26-04-07,Rockies,1,358,98.4,Coors Field,0,COL
Jeremy Pena,26-09-09,Astros,1,358,102.4,Citizens Bank Park,0,PHI
Jose Siri,26-07-29,Angels,1,358,93.7,Angel Stadium,0,LAA
Fernando Tatis Jr,26-06-09,Padres,1,358,107.4,Petco Park,0,SDP
Otto Lopez,26-05-25,Marlins,1,358,103.5,Rogers Centre,0,TOR
Jarrod Kelenic,26-05-13,White Sox,1,358,101,Rate Field,0,CWS
Jesus Sanchez,26-04-29,Blue Jays,1,358,94.8,Rogers Centre,0,TOR
Yordan Alvarez,26-04-17,Astros,21,357,104.2,Daikin Park,1,HOU
Yordan Alvarez,26-04-19,Astros,23,357,95.8,Daikin Park,1,HOU
Hunter Feduccia,26-09-27,Rays,1,357,96.3,Oracle Park,0,SFG
Yordan Alvarez,26-07-06,Astros,15,357,93.1,Nationals Park,0,WSH
Teoscar Hernandez,26-05-23,Dodgers,29,357,104.3,American Family Field,1,MIL
Pete Crow-Armstrong,26-04-29,Cubs,28,357,105.4,Petco Park,1,SDP
Carter Jensen,26-04-18,Royals,26,357,103.4,Yankee Stadium,1,NYY
J.P. Crawford,26-05-04,Mariners,26,357,100.7,T-Mobile Park,1,SEA
Brayan Rocchio,26-04-18,Guardians,26,357,99.7,Progressive Field,1,CLE
Pete Alonso,26-08-17,Orioles,25,357,101.3,Tropicana Field,1,TBR
Nick Sogard,26-09-15,Red Sox,23,357,102,Globe Life Park,1,TEX
Jake Cronenworth,26-07-11,Padres,23,357,94.7,Petco Park,0,SDP
Ben Rice,26-07-03,Yankees,23,357,101.7,Yankee Stadium,1,NYY
Weston Wilson,26-04-17,Orioles,23,357,110.3,Progressive Field,0,CLE
Leo Bernal,26-09-02,Cardinals,23,357,98.9,Dodger Stadium,0,LAD
Richie Palacios,26-09-13,Rays,22,357,101.6,Tropicana Field,1,TBR
Josh Smith,26-08-18,Rangers,22,357,105.6,Tropicana Field,1,TBR
Vladimir Guerrero Jr.,26-09-23,Blue Jays,20,357,103.6,Camden Yards,0,BAL
Steven Kwan,26-09-13,Guardians,19,357,96.5,Target Field,1,MIN
Jasson Dominguez,26-06-13,Yankees,19,357,97.1,Rogers Centre,1,TOR
Matt Chapman,26-06-19,Giants,18,357,97.3,loanDepot Park,0,MIA
Byron Buxton,26-05-08,Twins,18,357,110.4,Progressive Field,0,CLE
Seiya Suzuki,26-05-26,Cubs,17,357,101,PNC Park,0,PIT
Isaac Paredes,26-05-01,Astros,17,357,105.3,Fenway Park,0,BOS
Heliot Ramos,26-04-18,Giants,17,357,103.2,Nationals Park,0,WSH
Edmundo Sosa,26-06-24,Phillies,16,357,96.7,Nationals Park,0,WSH
Denzer Guzman,26-07-12,Angels,16,357,98.5,Target Field,1,MIN
Matt Chapman,26-06-10,Giants,16,357,102.4,Oracle Park,0,SFG
Cody Bellinger,26-09-09,Yankees,16,357,106.2,Yankee Stadium,1,NYY
Tommy Edman,26-08-07,Dodgers,15,357,96.3,Chase Field,0,ARI
Maikel Garcia,26-04-06,Royals,14,357,104.7,Progressive Field,0,CLE
Jose Fermin,26-07-01,Cardinals,14,357,94.4,Truist Park,0,ATL
Isaac Paredes,26-05-28,Astros,14,357,101.8,Globe Life Park,1,TEX
Christian Vazquez,26-04-17,Astros,14,357,93.4,Daikin Park,1,HOU
Luke Keaschall,26-08-13,Twins,11,357,101.2,Field of Dreams,1,FOD
Alec Bohm,26-04-23,Phillies,8,357,98.7,Wrigley Field,0,CHC
Nolan Gorman,26-04-18,Cardinals,8,357,95.1,Daikin Park,0,HOU
Miguel Vargas,26-05-13,White Sox,7,357,96.9,Rate Field,0,CWS
Rhys Hoskins,26-05-08,Guardians,7,357,96.3,Progressive Field,0,CLE
Keibert Ruiz,26-09-07,Nationals,6,357,99,Petco Park,0,SDP
Austin Riley,26-06-05,Braves,6,357,99.5,Truist Park,0,ATL
Jo Adell,26-05-24,Angels,6,357,101,Angel Stadium,0,LAA
Jose Caballero,26-04-25,Yankees,6,357,100.4,Daikin Park,1,HOU
Carter Jensen,26-05-10,Royals,5,357,105,Kauffman Stadium,0,KCR
Francisco Lindor,26-08-23,Mets,5,357,103.6,Rate Field,0,CWS
Jared Young,26-08-22,Mets,5,357,98,Rate Field,0,CWS
Miguel Amaya,26-06-05,Cubs,5,357,101.4,Wrigley Field,0,CHC
Francisco Lindor,26-07-12,Mets,5,357,101.1,Citi Field,0,NYM
Drake Baldwin,26-07-04,Braves,5,357,103.1,Truist Park,0,ATL
Ronald Acuna Jr,26-04-10,Braves,5,357,100.3,Truist Park,0,ATL
Ben Malgeri,26-09-04,Tigers,5,357,101.1,Progressive Field,0,CLE
Nathaniel Lowe,26-09-12,Reds,4,357,101,Target Field,0,MIN
Sal Stewart,26-04-05,Reds,4,357,95.1,Globe Life Park,0,TEX
Tyler Freeman,26-04-30,Rockies,4,357,97.1,Great American Ball Park,1,CIN
Bryan Reynolds,26-06-21,Pirates,4,357,95,Coors Field,0,COL
Carter Jensen,26-08-10,Royals,4,357,95.2,Dodger Stadium,0,LAD
Kyle Tucker,26-08-03,Dodgers,4,357,107,Wrigley Field,0,CHC
Jasson Dominguez,26-07-04,Yankees,4,357,103.8,Yankee Stadium,1,NYY
Patrick Bailey,26-06-08,Giants,4,357,100.9,Progressive Field,0,CLE
Blake Perkins,26-04-05,Brewers,4,357,106.2,Kauffman Stadium,0,KCR
Bo Naylor,26-05-01,Guardians,4,357,103.7,Sutter Health Park,0,ATH
Francisco Lindor,26-09-23,Mets,3,357,94.6,Globe Life Park,0,TEX
Yandy Diaz,26-07-17,Rays,3,357,97.2,Fenway Park,0,BOS
Luis Arraez,26-08-25,Giants,3,357,92.8,T-Mobile Park,0,SEA
Francisco Lindor,26-08-11,Mets,3,357,97.7,Truist Park,0,ATL
JJ Wetherholt,26-06-09,Cardinals,2,357,99,Citi Field,0,NYM
Shohei Ohtani,26-04-07,Dodgers,2,357,105.2,Rogers Centre,0,TOR
Fernando Tatis Jr,26-08-17,Padres,2,357,111.3,Citi Field,0,NYM
Colt Keith,26-09-09,Tigers,2,357,102.9,Comerica Park,1,DET
Walker Jenkins,26-09-18,Twins,1,357,105.2,Angel Stadium,1,LAA
Alejandro Osuna,26-05-19,Rangers,1,357,93.8,Coors Field,0,COL
Taylor Ward,26-06-23,Orioles,1,357,101.2,Angel Stadium,0,LAA
Andrew Benintendi,26-06-05,White Sox,1,357,99,Citizens Bank Park,0,PHI
Michael Harris,26-05-18,Braves,1,357,100.2,loanDepot Park,0,MIA
Jeremy Pena,26-04-07,Astros,1,357,99.2,Coors Field,0,COL
Teoscar Hernandez,26-09-26,Dodgers,2,356,105.2,Oracle Park,0,SFG
Manny Machado,26-05-10,Padres,16,356,99.3,Petco Park,0,SDP
Michael Harris,26-09-24,Braves,3,356,100.6,Truist Park,0,ATL
Brandon Lowe,26-06-02,Pirates,30,356,97,Daikin Park,1,HOU
Jake Burger,26-05-17,Rangers,29,356,102.4,Daikin Park,1,HOU
Yainer Diaz,26-08-25,Astros,29,356,99.2,Yankee Stadium,1,NYY
Carson Benge,26-08-19,Mets,29,356,97.9,Citi Field,1,NYM
Geraldo Perdomo,26-07-26,Diamondbacks,29,356,99.9,Nationals Park,1,WSH
Rob Refsnyder,26-07-28,Mariners,28,356,100.9,Dodger Stadium,1,LAD
Jo Adell,26-04-16,Angels,28,356,100.2,Yankee Stadium,1,NYY
Liam Hicks,26-05-23,Marlins,27,356,92.9,loanDepot Park,1,MIA
Corbin Carroll,26-07-17,Diamondbacks,26,356,106.2,Chase Field,1,ARI
Sal Stewart,26-07-08,Reds,23,356,100.7,Great American Ball Park,1,CIN
John Rave,26-07-30,Royals,23,356,105,Target Field,0,MIN
Julio Rodriguez,26-06-14,Mariners,23,356,101.3,Nationals Park,0,WSH
Evan Carter,26-07-18,Rangers,22,356,101.1,Truist Park,1,ATL
Michael Conforto,26-08-23,Cubs,22,356,94.3,T-Mobile Park,1,SEA
Adley Rutschman,26-05-03,Orioles,22,356,97.4,Yankee Stadium,0,NYY
Jake Mangum,26-09-11,Pirates,22,356,101.3,Wrigley Field,0,CHC
Nolan Arenado,26-07-11,Diamondbacks,21,356,98.9,Dodger Stadium,1,LAD
Isaac Paredes,26-09-19,Astros,17,356,103.6,Daikin Park,1,HOU
Dane Myers,26-06-20,Reds,17,356,98.3,Yankee Stadium,0,NYY
Ben Malgeri,26-07-31,Tigers,17,356,94.3,Sutter Health Park,1,ATH
Javier Sanoja,26-08-23,Marlins,16,356,94.3,loanDepot Park,0,MIA
Sal Stewart,26-06-20,Reds,15,356,104,Yankee Stadium,0,NYY
Isaac Paredes,26-06-04,Astros,15,356,101.3,Daikin Park,1,HOU
Luke Raley,26-05-13,Mariners,15,356,102.2,Daikin Park,1,HOU
Jarrod Kelenic,26-05-23,White Sox,14,356,99.3,Oracle Park,0,SFG
Chase Delauter,26-05-03,Guardians,14,356,95.2,Sutter Health Park,1,ATH
Alika Williams,26-09-04,Athletics,13,356,96,T-Mobile Park,1,SEA
Freddie Freeman,26-05-19,Dodgers,13,356,101.3,Petco Park,1,SDP
Anthony Volpe,26-07-19,Yankees,10,356,95.4,Yankee Stadium,0,NYY
Riley Greene,26-06-11,Tigers,10,356,98.6,Comerica Park,1,DET
Cole Young,26-08-24,Mariners,9,356,101.8,T-Mobile Park,1,SEA
Ivan Herrera,26-06-01,Cardinals,8,356,98.8,Busch Stadium,0,STL
Maikel Garcia,26-04-06,Royals,7,356,103.5,Progressive Field,0,CLE
Hunter Goodman,26-05-22,Rockies,7,356,101,Chase Field,0,ARI
Carter Jensen,26-08-07,Royals,7,356,96.1,Kauffman Stadium,1,KCR
Salvador Perez,26-06-09,Royals,6,356,97.6,Kauffman Stadium,0,KCR
Chase Meidroth,26-06-03,White Sox,6,356,99.1,Target Field,0,MIN
Matt Shaw,26-09-05,Cubs,6,356,95.8,loanDepot Park,0,MIA
Ty France,26-04-04,Padres,5,356,100.4,Fenway Park,0,BOS
Daylen Lile,26-08-11,Nationals,5,356,97.4,Nationals Park,0,WSH
Josh Jung,26-09-19,Rangers,4,356,100.2,Globe Life Park,1,TEX
Oneil Cruz,26-05-27,Pirates,4,356,92.4,PNC Park,0,PIT
Gunnar Henderson,26-06-10,Orioles,4,356,95.3,Camden Yards,0,BAL
Ronald Acuna Jr,26-04-08,Braves,4,356,106.4,Angel Stadium,0,LAA
Drake Baldwin,26-05-16,Braves,4,356,98.9,Truist Park,0,ATL
Brooks Lee,26-07-09,Twins,4,356,95.6,Target Field,0,MIN
Ketel Marte,26-09-11,Diamondbacks,3,356,106.8,Chase Field,0,ARI
Christian Koss,26-08-12,Giants,3,356,98.7,Oracle Park,0,SFG
Jose Fermin,26-08-03,Cardinals,3,356,91.3,Yankee Stadium,0,NYY
Gunnar Henderson,26-07-22,Orioles,3,356,93.3,Fenway Park,0,BOS
Josh Lowe,26-04-10,Angels,3,356,105.4,Great American Ball Park,1,CIN
Josh Jung,26-04-24,Rangers,2,356,105.3,Globe Life Park,0,TEX
Hunter Feduccia,26-05-15,Rays,2,356,96.9,Tropicana Field,0,TBR
Tyler Soderstrom,26-04-15,Athletics,2,356,99.6,Sutter Health Park,0,ATH
Michael Massey,26-05-15,Royals,1,356,97.6,Busch Stadium,0,STL
Marcus Semien,26-08-14,Mets,1,356,100.5,Citi Field,0,NYM
Liam Hicks,26-06-12,Marlins,1,356,90.6,PNC Park,1,PIT
Ernie Clement,26-06-06,Blue Jays,1,356,94.7,Rogers Centre,0,TOR
Mike Trout,26-05-29,Angels,1,356,98.5,Tropicana Field,0,TBR
Mike Yastrzemski,26-03-30,Braves,1,356,104.5,Truist Park,0,ATL
Xavier Edwards,26-03-30,Marlins,1,356,100.6,loanDepot Park,0,MIA
Carlos Narvaez,26-09-25,Red Sox,17,356,104.1,Yankee Stadium,0,NYY
Gary Sanchez,26-09-27,Brewers,4,355,100.7,American Family Field,1,MIL
Esmerlyn Valdez,26-08-30,Pirates,29,355,97.6,Busch Stadium,1,STL
Matt Shaw,26-04-05,Cubs,29,355,95.2,Progressive Field,1,CLE
Ryan O'Hearn,26-06-09,Pirates,28,355,102.4,PNC Park,1,PIT
Tommy Troy,26-06-14,Diamondbacks,27,355,101.8,Great American Ball Park,1,CIN
Ezequiel Tovar,26-09-12,Rockies,25,355,103.7,Comerica Park,1,DET
Julio Rodriguez,26-06-27,Mariners,25,355,109.8,Progressive Field,0,CLE
Alec Burleson,26-07-12,Cardinals,23,355,101.6,Busch Stadium,0,STL
Sal Stewart,26-08-25,Reds,23,355,103.2,Oracle Park,1,SFG
Trent Grisham,26-04-13,Yankees,23,355,99,Yankee Stadium,1,NYY
Ivan Herrera,26-07-27,Cardinals,22,355,99.2,Busch Stadium,0,STL
Kyle Schwarber,26-08-13,Phillies,22,355,108,Field of Dreams,1,FOD
Trent Grisham,26-05-02,Yankees,22,355,99.1,Yankee Stadium,0,NYY
Shea Langeliers,26-04-01,Athletics,22,355,98.1,Truist Park,1,ATL
Drew Cavanaugh,26-09-12,Giants,21,355,104.5,Oracle Park,1,SFG
Nick Sogard,26-09-11,Red Sox,21,355,98.5,Fenway Park,0,BOS
Pete Crow-Armstrong,26-08-23,Cubs,21,355,110.7,T-Mobile Park,1,SEA
Gavin Sheets,26-06-13,Padres,21,355,97.3,Camden Yards,1,BAL
Victor Mesa Jr,26-06-25,Rays,20,355,96.4,Tropicana Field,1,TBR
Noelvi Marte,26-06-20,Reds,20,355,93.9,Yankee Stadium,0,NYY
Jonny DeLuca,26-07-04,Rays,19,355,102.9,Daikin Park,1,HOU
Blaze Jordan,26-07-30,Cardinals,18,355,102.4,Busch Stadium,0,STL
J.T. Realmuto,26-05-02,Phillies,18,355,101.8,loanDepot Park,0,MIA
Jared Triolo,26-06-27,Pirates,18,355,95.6,PNC Park,0,PIT
Isaac Paredes,26-05-15,Astros,18,355,99.1,Daikin Park,1,HOU
Paul Goldschmidt,26-08-30,Yankees,17,355,100.7,Yankee Stadium,1,NYY
Trent Grisham,26-08-03,Yankees,17,355,90.9,Yankee Stadium,1,NYY
Christopher Morel,26-05-19,Marlins,17,355,102,loanDepot Park,0,MIA
Angel Martinez,26-05-12,Guardians,17,355,98.9,Progressive Field,0,CLE
Corey Seager,26-09-09,Rangers,16,355,100.4,T-Mobile Park,1,SEA
Cal Raleigh,26-08-31,Mariners,15,355,94.9,Fenway Park,1,BOS
Jesus Sanchez,26-04-26,Blue Jays,15,355,98.1,Rogers Centre,1,TOR
Max Clark,26-09-11,Tigers,14,355,95.2,Comerica Park,1,DET
Cedric Mullins,26-06-06,Rays,14,355,96.7,loanDepot Park,0,MIA
Spencer Steer,26-05-10,Reds,13,355,103.9,Great American Ball Park,1,CIN
Curtis Mead,26-07-07,Nationals,13,355,103.9,Nationals Park,0,WSH
Matt Olson,26-06-02,Braves,13,355,109.8,Truist Park,1,ATL
Mark Vientos,26-05-30,Mets,13,355,107.7,Citi Field,0,NYM
Heriberto Hernandez,26-04-04,Marlins,12,355,98.4,Yankee Stadium,0,NYY
Tyler O'Neill,26-03-30,Orioles,11,355,98.5,Camden Yards,0,BAL
Nathan Church,26-08-03,Cardinals,9,355,99,Yankee Stadium,1,NYY
Yandy Diaz,26-04-11,Rays,7,355,104.5,Tropicana Field,0,TBR
Osleivis Basabe,26-08-12,Giants,6,355,99,Oracle Park,0,SFG
Christian Vazquez,26-04-22,Astros,6,355,96.9,Progressive Field,0,CLE
Carson Williams,26-05-27,Rays,5,355,96.3,Camden Yards,0,BAL
Dustin Harris,26-04-11,White Sox,5,355,103.3,Kauffman Stadium,0,KCR
Teoscar Hernandez,26-08-02,Dodgers,4,355,94.9,Dodger Stadium,0,LAD
Max Clark,26-07-31,Tigers,4,355,96.2,Sutter Health Park,0,ATH
Chase Delauter,26-06-30,Guardians,4,355,95.1,Progressive Field,0,CLE
Jackson Merrill,26-09-05,Padres,3,355,97,Petco Park,0,SDP
Spencer Steer,26-03-28,Reds,3,355,101.5,Great American Ball Park,0,CIN
Logan O'Hoppe,26-05-31,Angels,3,355,104.7,Tropicana Field,0,TBR
Francisco Lindor,26-04-17,Mets,3,355,105.2,Wrigley Field,0,CHC
Matt Olson,26-04-03,Braves,3,355,98.7,Chase Field,0,ARI
Jazz Chisholm Jr,26-06-10,Yankees,3,355,107.4,Progressive Field,0,CLE
Joe Mack,26-06-20,Marlins,3,355,97.5,loanDepot Park,0,MIA
Jarren Duran,26-04-22,Red Sox,2,355,100.3,Fenway Park,0,BOS
Spencer Horwitz,26-04-24,Pirates,2,355,94.8,American Family Field,0,MIL
Ben Williamson,26-05-12,Rays,2,355,108.6,Rogers Centre,0,TOR
Corbin Carroll,26-08-15,Diamondbacks,2,355,97,Truist Park,0,ATL
Braden Montgomery,26-09-11,White Sox,1,355,93.3,Busch Stadium,0,STL
Spencer Steer,26-04-22,Reds,1,355,103.2,Tropicana Field,0,TBR
Brice Turang,26-07-21,Brewers,1,355,97.5,American Family Field,0,MIL
Casey Schmitt,26-05-16,Giants,1,355,96.9,Sutter Health Park,1,ATH
Bobby Witt,26-09-01,Royals,1,355,91.1,Kauffman Stadium,0,KCR
Luis Garcia Jr.,26-06-10,Nationals,8,354,98.2,Oracle Park,0,SFG
Brayan Rocchio,26-09-26,Guardians,25,354,98,Kauffman Stadium,1,KCR
Colson Montgomery,26-05-30,White Sox,3,354,102.1,Rate Field,0,CWS
CJ Abrams,26-09-02,Nationals,22,354,100.6,Nationals Park,0,WSH
Jackson Merrill,26-09-24,Padres,5,354,110.4,Dodger Stadium,0,LAD
Dane Myers,26-05-16,Reds,29,354,95.5,Progressive Field,1,CLE
Zach Neto,26-09-18,Angels,28,354,102.8,Angel Stadium,0,LAA
Ryan O'Hearn,26-05-31,Pirates,28,354,98.6,PNC Park,1,PIT
Rhys Hoskins,26-07-31,Guardians,25,354,106,Progressive Field,0,CLE
Cody Bellinger,26-05-02,Yankees,25,354,93.5,Yankee Stadium,1,NYY
Pete Alonso,26-05-05,Orioles,24,354,99.4,loanDepot Park,0,MIA
Trevor Story,26-09-11,Red Sox,23,354,104.6,Fenway Park,0,BOS
Alex Bregman,26-07-11,Cubs,23,354,93.4,Great American Ball Park,1,CIN
Jackson Merrill,26-06-23,Padres,23,354,99.3,Petco Park,0,SDP
Rafael Devers,26-04-17,Giants,22,354,99.6,Nationals Park,0,WSH
Ryan McMahon,26-05-03,Yankees,20,354,101.5,Yankee Stadium,0,NYY
Cole Young,26-07-07,Mariners,19,354,95.3,loanDepot Park,1,MIA
Trent Grisham,26-09-01,Yankees,18,354,95.1,Angel Stadium,0,LAA
Luis Garcia Jr.,26-08-26,Nationals,18,354,99.5,Yankee Stadium,1,NYY
Fernando Tatis Jr,26-04-05,Padres,18,354,103.4,Fenway Park,0,BOS
Nick Gonzales,26-09-10,Pirates,17,354,97.5,Rate Field,0,CWS
J.T. Realmuto,26-07-08,Phillies,17,354,98.6,Great American Ball Park,1,CIN
Taylor Ward,26-07-11,Orioles,17,354,96.6,Camden Yards,1,BAL
Colt Keith,26-04-08,Tigers,17,354,104.8,Target Field,0,MIN
Mauricio Dubon,26-07-27,Braves,16,354,101.6,Citi Field,0,NYM
Brandon Lowe,26-04-29,Pirates,15,354,93.9,PNC Park,0,PIT
Ozzie Albies,26-07-09,Braves,14,354,102.8,PNC Park,0,PIT
Ronald Acuna Jr,26-04-06,Braves,14,354,104.8,Angel Stadium,0,LAA
Jo Adell,26-06-21,Angels,13,354,96.5,Sutter Health Park,0,ATH
Corbin Carroll,26-06-02,Diamondbacks,13,354,97.8,Chase Field,1,ARI
Ryan O'Hearn,26-07-12,Pirates,12,354,99.2,PNC Park,0,PIT
Lawrence Butler,26-04-03,Athletics,11,354,96.2,Sutter Health Park,1,ATH
Alec Bohm,26-03-26,Phillies,9,354,97,Citizens Bank Park,1,PHI
Kyle Stowers,26-04-24,Marlins,9,354,104.6,Oracle Park,0,SFG
Marcus Semien,26-04-18,Mets,9,354,103.5,Wrigley Field,0,CHC
Royce Lewis,26-08-15,Twins,8,354,104.5,Target Field,0,MIN
Nick Castellanos,26-04-08,Padres,8,354,101,Petco Park,0,SDP
Ivan Herrera,26-03-31,Cardinals,7,354,107.4,Busch Stadium,0,STL
Wyatt Langford,26-08-22,Rangers,7,354,96.2,Globe Life Park,0,TEX
Trent Grisham,26-07-12,Yankees,7,354,92.7,Nationals Park,0,WSH
Jose Tena,26-04-06,Nationals,7,354,96.7,Nationals Park,0,WSH
Willi Castro,26-05-18,Rockies,6,354,92,Coors Field,0,COL
Salvador Perez,26-07-30,Royals,5,354,93.4,Target Field,0,MIN
Colt Keith,26-08-16,Tigers,5,354,99,Comerica Park,1,DET
Giancarlos Stanton,26-04-10,Yankees,5,354,97.7,Tropicana Field,0,TBR
Tyler Callihan,26-06-15,Pirates,4,354,93.5,Sutter Health Park,0,ATH
Cole Carrigg,26-08-26,Rockies,4,354,99,Nationals Park,0,WSH
Nolan Schanuel,26-08-07,Angels,4,354,95.9,loanDepot Park,0,MIA
Jared Young,26-08-05,Mets,4,354,97.9,Progressive Field,0,CLE
Nasim Nunez,26-08-26,Nationals,3,354,93.4,Nationals Park,0,WSH
Alex Call,26-08-02,Dodgers,3,354,102.2,Dodger Stadium,0,LAD
Josh Jung,26-09-12,Rangers,2,354,91.4,Chase Field,0,ARI
J.T. Realmuto,26-09-11,Phillies,2,354,98.3,Truist Park,0,ATL
Joey Bart,26-04-19,Pirates,2,354,95.4,PNC Park,0,PIT
Jarren Duran,26-06-04,Red Sox,2,354,102.2,Fenway Park,0,BOS
Victor Robles,26-07-03,Mariners,2,354,94.5,T-Mobile Park,0,SEA
Christian Yelich,26-06-04,Brewers,2,354,97.3,American Family Field,0,MIL
Daylen Lile,26-04-12,Nationals,2,354,107,American Family Field,0,MIL
Lourdes Gurriel ,26-05-21,Diamondbacks,2,354,98.3,Chase Field,0,ARI
Miguel Vargas,26-06-09,White Sox,2,354,94.3,Rate Field,0,CWS
Jackson Chourio,26-06-09,Brewers,1,354,94.5,Vegas Minor League,1,ATHH
Javier Baez,26-04-10,Tigers,1,354,100.5,Comerica Park,1,DET
Mark Vientos,26-05-10,Mets,1,354,99.3,Chase Field,0,ARI
Willy Adames,26-05-09,Giants,1,354,95.7,Oracle Park,0,SFG
Tyler Soderstrom,26-06-09,Athletics,1,354,95,Vegas Minor League,1,ATHH
Cooper Pratt,26-08-22,Brewers,1,354,95,American Family Field,0,MIL
James Wood,26-05-05,Nationals,11,353,97.9,Nationals Park,0,WSH
Manny Machado,26-05-27,Padres,10,353,97.7,Petco Park,0,SDP
Ben Rice,26-04-03,Yankees,29,353,110.9,Yankee Stadium,1,NYY
Austin Hays,26-03-30,White Sox,29,353,100.8,loanDepot Park,1,MIA
Keibert Ruiz,26-05-07,Nationals,29,353,97.8,Nationals Park,1,WSH
Geraldo Perdomo,26-05-29,Diamondbacks,29,353,93.3,T-Mobile Park,1,SEA
Nolan Gorman,26-04-17,Cardinals,25,353,97.2,Daikin Park,1,HOU
Angel Martinez,26-05-12,Guardians,25,353,100,Progressive Field,1,CLE
George Lombard Jr,26-09-09,Yankees,25,353,96.1,Yankee Stadium,1,NYY
Brooks Lee,26-08-16,Twins,24,353,99.5,Target Field,1,MIN
Drew Romo,26-05-12,White Sox,23,353,101.3,Rate Field,1,CWS
Angel Martinez,26-09-19,Guardians,22,353,93.8,Progressive Field,1,CLE
Evan Carter,26-05-10,Rangers,22,353,98.6,Globe Life Park,1,TEX
Jonah Heim,26-08-28,Braves,22,353,102.2,Sutter Health Park,1,ATH
Pete Alonso,26-09-18,Orioles,21,353,106,Camden Yards,1,BAL
Seiya Suzuki,26-08-28,Cubs,21,353,108.4,Wrigley Field,0,CHC
Ronald Acuna Jr,26-09-12,Braves,19,353,108,Truist Park,1,ATL
Pete Crow-Armstrong,26-08-05,Cubs,17,353,97.7,Wrigley Field,0,CHC
Geraldo Perdomo,26-03-28,Diamondbacks,17,353,94.7,Dodger Stadium,0,LAD
Connor Norby,26-09-14,Marlins,15,353,95.3,Coors Field,0,COL
Jose Altuve,26-09-03,Astros,15,353,93.9,Daikin Park,1,HOU
Kody Clemens,26-05-17,Twins,15,353,101.4,Target Field,0,MIN
Konnor Griffin,26-05-21,Pirates,14,353,102.9,Busch Stadium,0,STL
Gabriel Moreno,26-06-14,Diamondbacks,13,353,97.1,Great American Ball Park,1,CIN
Javier Sanoja,26-05-24,Marlins,12,353,105.5,loanDepot Park,0,MIA
Alec Bohm,26-05-20,Phillies,11,353,107,Citizens Bank Park,1,PHI
Ramon Laureano,26-03-27,Padres,10,353,105.1,Petco Park,0,SDP
Ty France,26-09-02,Padres,9,353,93.6,Great American Ball Park,1,CIN
Tim Tawa,26-08-19,Diamondbacks,9,353,98.7,Fenway Park,0,BOS
Tyler Stephenson,26-04-08,Reds,8,353,104,loanDepot Park,0,MIA
Jorge Mateo,26-04-02,Braves,8,353,104.6,Chase Field,1,ARI
Gage Workman,26-05-22,Tigers,7,353,109,Camden Yards,0,BAL
Jose Altuve,26-07-19,Astros,6,353,91.8,Daikin Park,1,HOU
Will Smith,26-04-03,Dodgers,6,353,100.3,Nationals Park,0,WSH
Marcell Ozuna,26-04-19,Pirates,5,353,111.2,PNC Park,0,PIT
Javier Sanoja,26-05-08,Marlins,5,353,95.3,loanDepot Park,0,MIA
Teoscar Hernandez,26-07-08,Dodgers,4,353,97.9,Dodger Stadium,0,LAD
Kevin McGonigle,26-06-30,Tigers,4,353,100.7,Yankee Stadium,0,NYY
Andruw Monasterio,26-08-15,Red Sox,4,353,93.5,PNC Park,0,PIT
Jake Mangum,26-04-08,Pirates,3,353,96.2,PNC Park,0,PIT
Spencer Steer,26-04-07,Reds,3,353,91.9,loanDepot Park,0,MIA
Fernando Tatis Jr,26-08-03,Padres,3,353,92.1,Chase Field,0,ARI
Dominic Smith,26-06-10,Braves,3,353,101.3,Rate Field,0,CWS
Jackson Chourio,26-06-04,Brewers,3,353,99.4,American Family Field,1,MIL
Bryce Eldridge,26-05-31,Giants,3,353,99.6,Coors Field,0,COL
Casey Schmitt,26-05-25,Giants,3,353,100.7,Oracle Park,0,SFG
Kazuma Okamoto,26-06-09,Blue Jays,3,353,97.9,Rogers Centre,0,TOR
Ryan Jeffers,26-09-08,Twins,3,353,93.3,Comerica Park,0,DET
Spencer Jones,26-09-15,Yankees,2,353,96.8,Target Field,0,MIN
Matt Olson,26-07-02,Braves,2,353,101.4,Truist Park,0,ATL
Ben Rice,26-05-27,Yankees,2,353,104.5,Kauffman Stadium,0,KCR
Byron Buxton,26-04-02,Twins,2,353,105.2,Kauffman Stadium,0,KCR
Vladimir Guerrero Jr.,26-04-06,Blue Jays,2,353,99.7,Rogers Centre,0,TOR
Kyle Stowers,26-09-12,Marlins,1,353,98.3,loanDepot Park,0,MIA
Spencer Horwitz,26-05-14,Pirates,1,353,96.6,PNC Park,0,PIT
Connor Norby,26-09-01,Marlins,1,353,94.5,Coors Field,0,COL
Moises Ballesteros,26-04-13,Cubs,1,353,98.6,Citizens Bank Park,0,PHI
Riley Greene,26-07-24,Tigers,1,353,95.3,Comerica Park,0,DET
George Springer,26-06-20,Blue Jays,1,353,98.4,Wrigley Field,0,CHC
Sam Huff,26-04-15,Orioles,1,353,93.5,Camden Yards,0,BAL
Brendan Donovan,26-03-26,Mariners,1,353,103.9,T-Mobile Park,1,SEA
Joey Ortiz,26-05-16,Brewers,1,353,91.8,Target Field,0,MIN
Drew Cavanaugh,26-08-15,Giants,1,353,96.8,Oracle Park,0,SFG
Luis Garcia Jr.,26-05-25,Nationals,11,352,108.1,Progressive Field,1,CLE
Anthony Seigler,26-07-10,Red Sox,26,352,98.8,Citi Field,1,NYM
CJ Kayfus,26-04-05,Guardians,26,352,104.5,Progressive Field,1,CLE
Matt Olson,26-09-11,Braves,25,352,97.2,Truist Park,1,ATL
George Lombard Jr,26-08-08,Yankees,25,352,98.4,Yankee Stadium,1,NYY
Drew Romo,26-05-25,White Sox,23,352,93.4,Rate Field,1,CWS
Will Banfield,26-09-17,Reds,22,352,101.4,Great American Ball Park,0,CIN
Matt Mclain,26-09-05,Reds,22,352,99.5,Great American Ball Park,1,CIN
Ramon Laureano,26-04-15,Padres,19,352,103.3,Petco Park,0,SDP
Tyler Stephenson,26-08-02,Reds,18,352,101.4,Great American Ball Park,1,CIN
Kazuma Okamoto,26-06-13,Blue Jays,18,352,102.4,Rogers Centre,1,TOR
Nick Loftin,26-08-29,Royals,16,352,93.8,Progressive Field,0,CLE
Jose Altuve,26-06-06,Astros,15,352,95.3,Daikin Park,1,HOU
Matt Olson,26-07-07,Braves,14,352,100.8,PNC Park,0,PIT
Andy Pages,26-05-27,Dodgers,14,352,106,Dodger Stadium,1,LAD
Josh Naylor,26-07-29,Mariners,12,352,95.6,Dodger Stadium,0,LAD
Tristan Peters,26-09-01,White Sox,11,352,103,Daikin Park,0,HOU
Matt Olson,26-04-20,Braves,11,352,103,Nationals Park,0,WSH
Austin Slater,26-03-29,Marlins,10,352,94,loanDepot Park,0,MIA
Josh Bell,26-04-30,Twins,9,352,103.1,Target Field,0,MIN
Josh Lowe,26-08-15,Angels,8,352,92.8,Angel Stadium,0,LAA
Cedric Mullins,26-08-09,Rays,7,352,96.7,T-Mobile Park,0,SEA
Anthony Volpe,26-09-10,Yankees,6,352,104,Yankee Stadium,1,NYY
Kyle Schwarber,26-06-16,Phillies,5,352,96.6,Citizens Bank Park,1,PHI
Chase Delauter,26-09-11,Guardians,4,352,97.7,Target Field,0,MIN
Sal Stewart,26-04-18,Reds,4,352,101.5,Target Field,0,MIN
Michael Busch,26-06-25,Cubs,4,352,94.9,Citi Field,0,NYM
Ronny Mauricio,26-06-25,Mets,4,352,100.1,Citi Field,0,NYM
Brandon Valenzuela,26-08-20,Blue Jays,4,352,101.9,Tropicana Field,0,TBR
Christian Walker,26-07-04,Astros,3,352,107.9,Daikin Park,0,HOU
Ketel Marte,26-05-10,Diamondbacks,3,352,102.7,Chase Field,0,ARI
JJ Wetherholt,26-05-06,Cardinals,2,352,98.4,Busch Stadium,0,STL
Ceddanne Rafaela,26-04-03,Red Sox,2,352,99.5,Fenway Park,0,BOS
Josh Smith,26-04-21,Rangers,2,352,97.5,Globe Life Park,0,TEX
Eugenio Suarez,26-07-17,Reds,2,352,98,Coors Field,0,COL
Taylor Walls,26-08-23,Rays,2,352,91.7,Camden Yards,0,BAL
Jesus Sanchez,26-08-18,Blue Jays,2,352,95,Tropicana Field,0,TBR
Alex Bregman,26-08-06,Cubs,2,352,95.2,Wrigley Field,0,CHC
Cam Smith,26-07-26,Astros,2,352,93,Rate Field,0,CWS
Carson Benge,26-05-15,Mets,2,352,98.4,Citi Field,0,NYM
Bo Bichette,26-05-08,Mets,2,352,97.7,Chase Field,0,ARI
Christian Yelich,26-08-15,Brewers,2,352,100.7,Dodger Stadium,0,LAD
Drake Baldwin,26-09-13,Braves,2,352,90.5,Truist Park,0,ATL
Jordan Walker,26-03-28,Cardinals,1,352,103.7,Busch Stadium,0,STL
Brandon Nimmo,26-07-10,Rangers,1,352,105.2,Globe Life Park,0,TEX
Nick Loftin,26-07-21,Royals,1,352,91.4,Kauffman Stadium,0,KCR
Jake Burger,26-07-21,Rangers,1,352,108.2,Globe Life Park,0,TEX
Ryan McMahon,26-05-11,Yankees,1,352,102.4,Camden Yards,0,BAL
Junior Caminero,26-09-24,Rays,6,352,108.2,Yankee Stadium,0,NYY
James Wood,26-04-25,Nationals,3,351,103.8,Rate Field,0,CWS
Danny Jansen,26-09-25,Rangers,5,351,96.7,Target Field,0,MIN
Edmundo Sosa,26-09-27,Phillies,3,351,98,Citizens Bank Park,1,PHI
Hunter Goodman,26-09-26,Rockies,14,351,94.7,Rate Field,1,CWS
Lucas Spence,26-09-24,Astros,10,351,101.8,Sutter Health Park,1,ATH
Jose Caballero,26-06-16,Yankees,29,351,90.5,Yankee Stadium,1,NYY
Davis Schneider,26-09-23,Blue Jays,28,351,98,Camden Yards,1,BAL
Jakob Marsee,26-04-21,Marlins,24,351,110.9,loanDepot Park,1,MIA
Nick Sogard,26-08-29,Red Sox,24,351,96.8,Yankee Stadium,1,NYY
Ty France,26-08-29,Padres,21,351,99.6,Tropicana Field,1,TBR
Braden Shewmake,26-07-06,Astros,20,351,107.6,Nationals Park,0,WSH
Andres Gimenez,26-05-11,Blue Jays,19,351,93.9,Rogers Centre,1,TOR
Oneil Cruz,26-04-08,Pirates,18,351,114.6,PNC Park,0,PIT
Trea Turner,26-06-26,Phillies,18,351,93.8,Citi Field,0,NYM
Francisco Lindor,26-09-09,Mets,17,351,94,loanDepot Park,1,MIA
Matt Shaw,26-04-29,Cubs,17,351,101.2,Petco Park,1,SDP
Randy Arozarena,26-08-11,Mariners,17,351,95.7,Yankee Stadium,1,NYY
Brandon Marsh,26-07-01,Phillies,16,351,99.2,Citizens Bank Park,1,PHI
Michael Harris,26-08-28,Braves,16,351,97.1,Truist Park,1,ATL
Rafael Devers,26-09-05,Giants,16,351,102.2,Citi Field,1,NYM
Andrew Benintendi,26-08-24,White Sox,16,351,96.4,Rate Field,0,CWS
Christian Walker,26-07-05,Astros,16,351,99.1,Daikin Park,1,HOU
Blake Perkins,26-04-19,Brewers,16,351,98.1,loanDepot Park,0,MIA
Yoan Moncada,26-04-14,Angels,16,351,92.2,Yankee Stadium,1,NYY
Francisco Lindor,26-08-06,Mets,15,351,101.2,Progressive Field,0,CLE
Zach Neto,26-07-27,Angels,15,351,98.6,Angel Stadium,0,LAA
Joshua Baez,26-09-16,Cardinals,14,351,92.4,Busch Stadium,0,STL
Cal Raleigh,26-06-17,Mariners,12,351,107.2,T-Mobile Park,0,SEA
Daylen Lile,26-06-28,Nationals,11,351,93.2,Camden Yards,0,BAL
Jeremy Pena,26-06-19,Astros,11,351,104.4,Daikin Park,1,HOU
Austin Hedges,26-06-29,Guardians,11,351,104.1,Progressive Field,0,CLE
Brandon Nimmo,26-07-21,Rangers,10,351,97.5,Globe Life Park,1,TEX
Jorge Barrosa,26-04-19,Diamondbacks,9,351,98.3,Chase Field,1,ARI
Colt Emerson,26-06-05,Mariners,9,351,94.1,Comerica Park,1,DET
Cal Raleigh,26-08-24,Mariners,8,351,98.8,T-Mobile Park,1,SEA
Trevor Larnach,26-09-07,Twins,7,351,92.7,Comerica Park,1,DET
Dalton Rushing,26-07-29,Dodgers,7,351,99.4,Dodger Stadium,0,LAD
Daniel Schneeman,26-04-12,Guardians,7,351,102.9,Truist Park,0,ATL
Kevin McGonigle,26-04-28,Tigers,7,351,92.6,Truist Park,0,ATL
Nick Gonzales,26-04-10,Pirates,6,351,99.8,Wrigley Field,0,CHC
Dominic Canzone,26-06-27,Mariners,6,351,99.4,Progressive Field,0,CLE
Bobby Witt,26-09-22,Royals,4,351,109.9,Kauffman Stadium,0,KCR
Isaac Paredes,26-07-25,Astros,4,351,94.9,Rate Field,0,CWS
Zach Neto,26-05-31,Angels,4,351,91,Tropicana Field,0,TBR
Jo Adell,26-08-16,Angels,4,351,97.5,Progressive Field,0,CLE
Nick Gonzales,26-09-10,Pirates,3,351,99.8,Rate Field,0,CWS
Drew Millas,26-07-04,Nationals,3,351,94.1,Nationals Park,0,WSH
Josh Lowe,26-07-02,Angels,3,351,91.5,T-Mobile Park,0,SEA
Andy Pages,26-07-02,Dodgers,3,351,94.3,Dodger Stadium,0,LAD
Logan O'Hoppe,26-06-12,Angels,3,351,107,Angel Stadium,0,LAA
Will Smith,26-05-12,Dodgers,3,351,106.5,Dodger Stadium,0,LAD
Brandon Nimmo,26-08-31,Rangers,3,351,97.3,Globe Life Park,0,TEX
Victor Scott,26-04-29,Cardinals,2,351,95.7,PNC Park,0,PIT
Cal Raleigh,26-04-11,Mariners,2,351,97.3,T-Mobile Park,0,SEA
Ketel Marte,26-04-29,Diamondbacks,2,351,95.4,American Family Field,0,MIL
Anthony Seigler,26-08-15,Red Sox,2,351,95.7,PNC Park,0,PIT
Pedro Pages,26-09-16,Cardinals,1,351,92.6,Busch Stadium,0,STL
Spencer Steer,26-03-26,Reds,1,351,102.4,Great American Ball Park,0,CIN
Henry Davis,26-04-06,Pirates,1,351,99.5,PNC Park,0,PIT
Dansby Swanson,26-07-01,Cubs,1,351,91.4,Wrigley Field,0,CHC
Jorge Barrosa,26-07-29,Diamondbacks,1,351,94.3,PNC Park,0,PIT
Dominic Smith,26-06-06,Braves,1,351,93.4,Truist Park,1,ATL
Cooper Pratt,26-07-21,Brewers,1,351,92,American Family Field,0,MIL
Manny Machado,26-09-26,Padres,23,351,99.6,Petco Park,1,SDP
Ben Rice,26-04-19,Yankees,30,350,97.9,Yankee Stadium,1,NYY
Corey Seager,26-05-06,Rangers,27,350,101.7,Yankee Stadium,1,NYY
Jose Trevino,26-08-01,Reds,25,350,97.9,Great American Ball Park,1,CIN
Bryson Stott,26-08-15,Phillies,25,350,94.5,Target Field,1,MIN
Isaac Paredes,26-08-23,Astros,25,350,96.6,Daikin Park,1,HOU
Ian Happ,26-05-02,Cubs,25,350,107.6,Wrigley Field,0,CHC
Luis Arraez,26-05-15,Giants,25,350,98.2,Sutter Health Park,1,ATH
Randy Arozarena,26-08-01,Mariners,25,350,99.2,T-Mobile Park,1,SEA
Nathaniel Lowe,26-04-25,Reds,23,350,97,Great American Ball Park,1,CIN
Brett Sullivan,26-08-16,Rockies,23,350,96.7,Oracle Park,1,SFG
Fernando Tatis Jr,26-06-17,Padres,18,350,105.9,Busch Stadium,0,STL
Brendan Donovan,26-04-07,Mariners,18,350,94,Globe Life Park,1,TEX
JJ Wetherholt,26-08-10,Cardinals,14,350,97.9,Busch Stadium,0,STL
Jonathan Aranda,26-09-18,Rays,13,350,98.1,Tropicana Field,0,TBR
Pete Crow-Armstrong,26-05-30,Cubs,13,350,110.3,Busch Stadium,0,STL
Cody Bellinger,26-06-12,Yankees,12,350,104,Rogers Centre,1,TOR
Brandon Nimmo,26-08-05,Rangers,11,350,94,Globe Life Park,1,TEX
Jake McCarthy,26-06-27,Rockies,10,350,96.7,Target Field,0,MIN
Bryan Reynolds,26-06-16,Pirates,10,350,97.3,Sutter Health Park,1,ATH
Vladimir Guerrero Jr.,26-09-13,Blue Jays,9,350,94,Rogers Centre,1,TOR
Alec Burleson,26-08-03,Cardinals,9,350,103.6,Yankee Stadium,1,NYY
Luis Arraez,26-07-26,Giants,9,350,94.3,Oracle Park,0,SFG
Jerar Encarnacion,26-04-05,Giants,9,350,99.7,Oracle Park,0,SFG
Jordan Walker,26-07-30,Cardinals,8,350,94.6,Busch Stadium,0,STL
Jacob Wilson,26-05-07,Athletics,7,350,99.5,Citizens Bank Park,1,PHI
Oneil Cruz,26-05-03,Pirates,6,350,100.7,PNC Park,0,PIT
Jakob Marsee,26-05-02,Marlins,6,350,94.2,loanDepot Park,0,MIA
Jordan Lawlar,26-09-11,Diamondbacks,5,350,104.6,Chase Field,0,ARI
Travis Bazzana,26-08-01,Guardians,5,350,98.4,Progressive Field,0,CLE
Miguel Andujar,26-06-29,Padres,5,350,106.4,Wrigley Field,0,CHC
Andy Pages,26-06-22,Dodgers,5,350,93,Target Field,0,MIN
Isaac Paredes,26-05-23,Astros,5,350,103.3,Wrigley Field,0,CHC
Matt Vierling,26-04-04,Tigers,5,350,99,Comerica Park,1,DET
Bryce Harper,26-04-12,Phillies,4,350,111.8,Citizens Bank Park,0,PHI
Brock Rodden,26-08-21,Mariners,4,350,102.2,T-Mobile Park,0,SEA
Miguel Vargas,26-07-04,White Sox,4,350,99.3,Progressive Field,0,CLE
Keibert Ruiz,26-05-03,Nationals,4,350,106,Nationals Park,0,WSH
Ethan Salas,26-09-13,Padres,4,350,94.7,Oracle Park,0,SFG
Michael Conforto,26-07-30,Cubs,3,350,91.6,Busch Stadium,0,STL
Gabriel Moreno,26-07-09,Diamondbacks,3,350,93.5,Petco Park,0,SDP
Kerry Carpenter,26-04-15,Tigers,3,350,95.8,Comerica Park,0,DET
Ty France,26-04-28,Padres,3,350,92.5,Petco Park,0,SDP
Cooper Pratt,26-09-12,Brewers,2,350,99.3,American Family Field,0,MIL
Jake Burger,26-07-01,Rangers,2,350,96.3,Progressive Field,0,CLE
Bryan Reynolds,26-08-21,Pirates,2,350,111.5,Dodger Stadium,0,LAD
Colton Cowser,26-08-19,Orioles,2,350,97.1,Camden Yards,0,BAL
Mauricio Dubon,26-08-07,Braves,2,350,93.4,Truist Park,0,ATL
Colton Cowser,26-06-30,Orioles,2,350,101.7,Camden Yards,0,BAL
Kody Clemens,26-06-19,Twins,2,350,106,Chase Field,0,ARI
Mike Yastrzemski,26-09-19,Braves,1,350,98.4,Daikin Park,1,HOU
Spencer Steer,26-05-13,Reds,1,350,96.8,Great American Ball Park,0,CIN
Riley Greene,26-06-09,Tigers,1,350,102,Comerica Park,0,DET
Liam Hicks,26-04-24,Marlins,1,350,100.7,Oracle Park,0,SFG
Andrew Benintendi,26-04-29,White Sox,1,350,99.5,Rate Field,0,CWS
Cal Raleigh,26-04-18,Mariners,1,350,92.5,T-Mobile Park,0,SEA
Michael Busch,26-08-17,Cubs,1,350,95.6,Wrigley Field,0,CHC
Troy Johnston,26-06-14,Rockies,1,350,94.1,Vegas Minor League,1,ATHH
Yordan Alvarez,26-05-17,Astros,13,349,99.9,Daikin Park,0,HOU
James Wood,26-05-09,Nationals,23,349,102.2,loanDepot Park,0,MIA
Manny Machado,26-06-29,Padres,22,349,93.8,Wrigley Field,0,CHC
Emmanuel Rodriguez,26-09-25,Twins,1,349,98.7,Target Field,0,MIN
Petey Halpin,26-07-20,Guardians,29,349,95.7,Progressive Field,1,CLE
Paul Goldschmidt,26-06-17,Yankees,29,349,100,Yankee Stadium,1,NYY
Ryan O'Hearn,26-06-04,Pirates,27,349,94,Daikin Park,1,HOU
Jacob Gonzalez,26-06-26,White Sox,26,349,94.3,Rate Field,1,CWS
Randy Arozarena,26-08-12,Mariners,25,349,96,Yankee Stadium,1,NYY
Brooks Lee,26-06-23,Twins,25,349,94.9,Target Field,1,MIN
Heliot Ramos,26-07-06,Giants,23,349,99.1,Oracle Park,1,SFG
Jonah Cox,26-08-23,Giants,22,349,96.8,Fenway Park,0,BOS
Matt Chapman,26-03-31,Giants,22,349,102.2,Petco Park,1,SDP
Chase Meidroth,26-07-02,White Sox,21,349,100.6,Progressive Field,1,CLE
Henry Bolte,26-09-02,Athletics,20,349,101.9,Globe Life Park,1,TEX
Ryan O'Hearn,26-05-02,Pirates,18,349,94.5,PNC Park,0,PIT
Jung Hoo Lee,26-03-31,Giants,17,349,98.8,Petco Park,0,SDP
Xavier Edwards,26-04-03,Marlins,17,349,96.4,Yankee Stadium,0,NYY
Andy Ibanez,26-04-01,Athletics,16,349,95.8,Truist Park,0,ATL
Yohandy Morales,26-09-21,Nationals,14,349,100,Comerica Park,1,DET
Rafael Devers,26-05-10,Giants,14,349,101.2,Oracle Park,0,SFG
Jose Siri,26-08-06,Angels,13,349,97.7,Camden Yards,0,BAL
Josh Naylor,26-04-04,Mariners,13,349,95.4,Angel Stadium,0,LAA
Anthony Seigler,26-07-04,Red Sox,12,349,94.7,Angel Stadium,0,LAA
Jonathan Aranda,26-09-13,Rays,11,349,99.8,Tropicana Field,1,TBR
Taylor Walls,26-07-22,Rays,10,349,92.2,Rogers Centre,0,TOR
Geraldo Perdomo,26-08-05,Diamondbacks,10,349,95.9,Chase Field,0,ARI
Eugenio Suarez,26-04-15,Reds,9,349,98,Great American Ball Park,1,CIN
Nolan Schanuel,26-04-07,Angels,7,349,102.6,Angel Stadium,0,LAA
Alex Freeland,26-04-25,Dodgers,7,349,99.3,Dodger Stadium,0,LAD
Josh Bell,26-04-13,Twins,7,349,99.1,Target Field,0,MIN
Brice Turang,26-03-30,Brewers,7,349,96.6,American Family Field,0,MIL
Sean Keys,26-07-01,Blue Jays,5,349,95.6,Rogers Centre,1,TOR
Joc Pederson,26-04-23,Rangers,4,349,97.9,Globe Life Park,0,TEX
Carlos Narvaez,26-06-29,Red Sox,4,349,98.3,Fenway Park,0,BOS
Lars Nootbaar,26-08-10,Cardinals,4,349,102.6,Chase Field,0,ARI
Luke Raley,26-04-01,Mariners,4,349,97.7,T-Mobile Park,0,SEA
Brooks Lee,26-04-11,Twins,4,349,94.9,Rogers Centre,1,TOR
Cody Bellinger,26-04-10,Yankees,4,349,91.2,Tropicana Field,0,TBR
Petey Halpin,26-07-20,Guardians,3,349,95.7,Progressive Field,0,CLE
Jackson Merrill,26-04-11,Padres,3,349,101.8,Petco Park,0,SDP
Hunter Goodman,26-09-22,Rockies,2,349,98,Coors Field,0,COL
Adolis Garcia,26-03-31,Phillies,2,349,97.7,Citizens Bank Park,1,PHI
Nathan Church,26-06-21,Cardinals,2,349,109.7,Kauffman Stadium,0,KCR
Fernando Tatis Jr,26-04-16,Padres,2,349,99.2,Petco Park,0,SDP
Alex Call,26-04-21,Dodgers,2,349,92.8,Oracle Park,0,SFG
Shay Whitcomb,26-09-08,Astros,1,349,92.8,Oracle Park,0,SFG
Isaac Collins,26-04-26,Royals,1,349,91.2,Kauffman Stadium,1,KCR
TJ Rumfield,26-05-23,Rockies,1,349,103.8,Chase Field,0,ARI
Nathaniel Lowe,26-05-16,Reds,1,349,100.5,Progressive Field,0,CLE
Lane Thomas,26-07-26,Royals,1,349,98.3,Comerica Park,1,DET
Jac Caglianone,26-08-30,Royals,1,349,99.3,Progressive Field,0,CLE
Jose Altuve,26-06-19,Astros,1,349,102.4,Daikin Park,1,HOU
Otto Lopez,26-05-25,Marlins,1,349,96.7,Rogers Centre,0,TOR
Royce Lewis,26-04-02,Twins,1,349,98.9,Kauffman Stadium,0,KCR
Luke Keaschall,26-04-30,Twins,1,349,94,Target Field,0,MIN
Max Muncy (A),26-09-04,Athletics,23,349,103,T-Mobile Park,1,SEA
Colson Montgomery,26-04-04,White Sox,6,348,92.9,Rate Field,1,CWS
Manny Machado,26-06-30,Padres,15,348,93.2,Wrigley Field,0,CHC
Hector Rodriguez,26-09-26,Reds,3,348,100.5,Rogers Centre,0,TOR
Eli White,26-04-21,Braves,29,348,99.4,Nationals Park,1,WSH
Cole Young,26-04-03,Mariners,28,348,94.6,Angel Stadium,0,LAA
Matt Olson,26-04-20,Braves,26,348,102.3,Nationals Park,0,WSH
Seiya Suzuki,26-06-17,Cubs,24,348,94.3,Wrigley Field,0,CHC
Curtis Mead,26-05-02,Nationals,24,348,100.6,Nationals Park,0,WSH
Jacob Gonzalez,26-07-22,White Sox,20,348,99.3,Yankee Stadium,1,NYY
Mike Yastrzemski,26-07-08,Braves,19,348,98.4,PNC Park,0,PIT
Nolan Schanuel,26-07-29,Angels,18,348,98.1,Angel Stadium,0,LAA
Miguel Vargas,26-05-15,White Sox,18,348,101.8,Rate Field,1,CWS
Dominic Canzone,26-06-21,Mariners,16,348,100.4,T-Mobile Park,1,SEA
Masyn Winn,26-07-08,Cardinals,15,348,96.9,Busch Stadium,0,STL
Nolan Arenado,26-09-13,Diamondbacks,15,348,94.4,Chase Field,1,ARI
Coby Mayo,26-09-08,Orioles,15,348,95.3,Camden Yards,0,BAL
Christian Walker,26-05-30,Astros,15,348,99.4,Daikin Park,1,HOU
Wyatt Langford,26-08-01,Rangers,14,348,103.4,Daikin Park,1,HOU
Liam Hicks,26-04-27,Marlins,14,348,101.1,Dodger Stadium,1,LAD
Jasson Dominguez,26-05-03,Yankees,14,348,93.6,Yankee Stadium,1,NYY
Mickey Gasper,26-09-09,Red Sox,14,348,95.1,Fenway Park,0,BOS
Brock Rodden,26-09-15,Mariners,13,348,102,Angel Stadium,0,LAA
Cody Bellinger,26-07-11,Yankees,13,348,96.6,Nationals Park,0,WSH
Miguel Amaya,26-08-22,Cubs,12,348,99.2,T-Mobile Park,0,SEA
Liam Hicks,26-04-05,Marlins,12,348,92.2,Yankee Stadium,0,NYY
Ivan Herrera,26-07-29,Cardinals,10,348,111.3,Busch Stadium,0,STL
Tyler Tolbert,26-07-29,Royals,10,348,94.2,Target Field,0,MIN
Brooks Lee,26-05-14,Twins,10,348,101.7,Target Field,0,MIN
Yohendrick Pinango,26-05-20,Blue Jays,10,348,97.9,Yankee Stadium,0,NYY
Austin Riley,26-04-14,Braves,9,348,102,Truist Park,0,ATL
Yohendrick Pinango,26-05-16,Blue Jays,8,348,100.1,Comerica Park,1,DET
Andrew Knizner,26-09-20,Giants,6,348,98.1,Dodger Stadium,0,LAD
Paul Goldschmidt,26-07-12,Yankees,6,348,99.1,Nationals Park,0,WSH
Kyle Stowers,26-05-04,Marlins,5,348,98.8,loanDepot Park,0,MIA
Marcus Semien,26-06-07,Mets,5,348,97.3,Petco Park,1,SDP
Andres Chaparro,26-09-20,Nationals,4,348,98.6,Busch Stadium,0,STL
Brett Sullivan,26-05-26,Rockies,4,348,90.9,Dodger Stadium,0,LAD
Blaze Jordan,26-08-15,Cardinals,4,348,97.6,Wrigley Field,0,CHC
Vladimir Guerrero Jr.,26-04-26,Blue Jays,4,348,100.6,Rogers Centre,0,TOR
Chase Delauter,26-04-08,Guardians,4,348,98.8,Progressive Field,0,CLE
Gleybar Torres,26-09-17,Tigers,4,348,102,Rate Field,0,CWS
Isaac Collins,26-04-05,Royals,3,348,97.6,Kauffman Stadium,0,KCR
Felix Reyes,26-04-18,Phillies,3,348,98.6,Citizens Bank Park,1,PHI
Francisco Alvarez,26-09-04,Mets,3,348,97.8,Citi Field,0,NYM
Kevin McGonigle,26-06-11,Tigers,3,348,96,Comerica Park,0,DET
Ernie Clement,26-03-31,Blue Jays,3,348,93.5,Rogers Centre,0,TOR
Kyle Farmer,26-04-02,Braves,3,348,91.5,Chase Field,0,ARI
Felix Reyes,26-04-03,Phillies,2,348,110.3,loanDepot Park,0,MIA
Brandon Lowe,26-07-04,Pirates,2,348,93.4,Nationals Park,0,WSH
Nathaniel Lowe,26-07-21,Reds,2,348,94.3,T-Mobile Park,0,SEA
Nico Hoerner,26-04-12,Cubs,2,348,94.8,Wrigley Field,0,CHC
Gabriel Arias,26-07-28,Guardians,2,348,95.8,Great American Ball Park,0,CIN
Otto Lopez,26-07-05,Marlins,2,348,99.4,Sutter Health Park,0,ATH
Dominic Canzone,26-04-20,Mariners,2,348,111.8,T-Mobile Park,0,SEA
Garrett Mitchell,26-05-14,Brewers,2,348,100.4,American Family Field,0,MIL
Tanner Murray,26-04-11,White Sox,2,348,97.3,Kauffman Stadium,0,KCR
Liam Hicks,26-03-28,Marlins,2,348,96.6,loanDepot Park,0,MIA
Justin Crawford,26-04-10,Phillies,1,348,95.3,Citizens Bank Park,0,PHI
Rob Refsnyder,26-07-28,Mariners,1,348,112.3,Dodger Stadium,0,LAD
Vladimir Guerrero Jr.,26-07-20,Blue Jays,1,348,92.1,Rogers Centre,0,TOR
Brooks Lee,26-06-26,Twins,1,348,93.9,Target Field,1,MIN
Ramon Laureano,26-05-19,Padres,1,348,99.7,Petco Park,0,SDP
Brayan Rocchio,26-04-18,Guardians,1,348,99.6,Progressive Field,0,CLE
Chase Meidroth,26-09-08,White Sox,1,348,93.4,Rate Field,0,CWS
Munetaka Murakami,26-08-08,White Sox,1,347,101.1,Rate Field,1,CWS
JJ Wetherholt,26-09-24,Cardinals,2,347,98.5,PNC Park,0,PIT
Jac Caglianone,26-05-01,Royals,28,347,107.5,T-Mobile Park,1,SEA
Jeremy Pena,26-06-19,Astros,24,347,95.8,Daikin Park,1,HOU
Joshua Baez,26-09-11,Cardinals,22,347,95.5,Busch Stadium,0,STL
Adrian Del Castillo,26-07-23,Diamondbacks,21,347,102.8,Busch Stadium,0,STL
Hunter Goodman,26-09-08,Rockies,20,347,97.9,Yankee Stadium,1,NYY
Liam Hicks,26-04-01,Marlins,19,347,98.8,loanDepot Park,1,MIA
Joc Pederson,26-07-27,Rangers,16,347,105.3,Globe Life Park,1,TEX
Rafael Devers,26-07-10,Giants,16,347,98.3,Oracle Park,1,SFG
Colt Keith,26-06-15,Tigers,16,347,99.6,Daikin Park,1,HOU
Jake Bauers,26-05-31,Brewers,15,347,100.4,Daikin Park,1,HOU
Kody Clemens,26-06-06,Twins,14,347,106.2,Target Field,0,MIN
Jarren Duran,26-07-03,Red Sox,12,347,101.7,Angel Stadium,0,LAA
Tommy White,26-09-16,Athletics,11,347,92.2,Tropicana Field,1,TBR
Justin Crawford,26-08-16,Phillies,10,347,95.4,Target Field,0,MIN
Jake Bauers,26-04-18,Brewers,10,347,100.8,loanDepot Park,0,MIA
Kerry Carpenter,26-06-05,Tigers,8,347,95.2,Comerica Park,1,DET
Masyn Winn,26-07-05,Cardinals,7,347,93.7,Wrigley Field,0,CHC
Drew Cavanaugh,26-07-09,Giants,7,347,101.9,Oracle Park,0,SFG
Fernando Tatis Jr,26-09-01,Padres,6,347,105.3,Great American Ball Park,1,CIN
Pete Alonso,26-05-15,Orioles,6,347,101.3,Nationals Park,0,WSH
Justin Foscue,26-05-16,Rangers,5,347,95.9,Daikin Park,0,HOU
Taylor Trammell,26-08-26,Astros,5,347,101.4,Yankee Stadium,0,NYY
Randy Arozarena,26-05-04,Mariners,5,347,90.3,T-Mobile Park,0,SEA
Fernando Tatis Jr,26-04-10,Padres,4,347,104.9,Petco Park,0,SDP
Dillon Dingler,26-05-21,Tigers,4,347,95,Comerica Park,0,DET
Kazuma Okamoto,26-04-21,Blue Jays,3,347,104.6,Angel Stadium,0,LAA
Mike Trout,26-04-26,Angels,3,347,101.9,Kauffman Stadium,0,KCR
Jorge Barrosa,26-06-26,Diamondbacks,2,347,99.4,Tropicana Field,0,TBR
Jeremiah Jackson,26-05-15,Orioles,2,347,110.9,Nationals Park,0,WSH
William Contreras,26-03-28,Brewers,2,347,103.9,American Family Field,0,MIL
Nathaniel Lowe,26-09-20,Reds,1,347,99.6,Progressive Field,0,CLE
Andrew McCutchen,26-03-29,Rangers,1,347,105.7,Citizens Bank Park,1,PHI
Bo Naylor,26-09-06,Guardians,1,347,99.8,Great American Ball Park,0,CIN
Kyle Tucker,26-06-10,Dodgers,1,347,102.3,PNC Park,0,PIT
Xander Bogaerts,26-06-05,Padres,1,347,93.7,Petco Park,0,SDP
Randy Arozarena,26-04-19,Mariners,1,347,103.8,T-Mobile Park,1,SEA
Matt Shaw,26-09-02,Cubs,1,347,91.4,Wrigley Field,0,CHC
Brady House,26-09-27,Nationals,18,346,101.9,Nationals Park,0,WSH
Kyle Schwarber,26-09-27,Phillies,3,346,116.8,Citizens Bank Park,0,PHI
James Wood,26-05-27,Nationals,5,346,103.9,Progressive Field,0,CLE
Munetaka Murakami,26-09-05,White Sox,12,346,103.6,Rate Field,1,CWS
Sam Antonacci,26-07-29,White Sox,29,346,100,Rate Field,1,CWS
Jorge Polanco,26-04-11,Mets,26,346,94.7,Citi Field,1,NYM
Alec Burleson,26-05-17,Cardinals,21,346,98.1,Busch Stadium,0,STL
Jose Caballero,26-06-17,Yankees,18,346,94.9,Yankee Stadium,0,NYY
Kody Clemens,26-06-09,Twins,16,346,94.7,Comerica Park,1,DET
Brice Turang,26-07-11,Brewers,15,346,96.4,PNC Park,0,PIT
Trea Turner,26-07-20,Phillies,14,346,95.2,Citizens Bank Park,1,PHI
Cam Smith,26-03-31,Astros,13,346,99.6,Daikin Park,1,HOU
Victor Caratini,26-08-12,Twins,13,346,104.7,Target Field,0,MIN
Jorge Polanco,26-03-29,Mets,12,346,94.9,Citi Field,0,NYM
Ben Rice,26-09-14,Yankees,8,346,98.9,Target Field,0,NYY
Josh Lowe,26-05-01,Angels,8,346,97.1,Angel Stadium,0,LAA
Kody Clemens,26-08-09,Twins,6,346,92.5,American Family Field,1,MIL
Brandon Lowe,26-05-19,Pirates,5,346,101.8,Busch Stadium,0,STL
Troy Johnston,26-04-09,Rockies,5,346,92.3,Petco Park,0,SDP
Jonah Heim,26-09-03,Braves,5,346,96.1,T-Mobile Park,0,SEA
George Springer,26-08-02,Blue Jays,5,346,95.6,Rogers Centre,0,TOR
Michael Busch,26-05-30,Cubs,4,346,97.8,Busch Stadium,0,STL
Andres Gimenez,26-08-07,Blue Jays,4,346,104.5,Citizens Bank Park,1,PHI
Matt Olson,26-07-26,Braves,4,346,107.9,Camden Yards,0,BAL
Everson Pereira,26-03-29,White Sox,4,346,103.1,American Family Field,0,MIL
Brent Rooker,26-05-18,Athletics,4,346,102.6,Angel Stadium,0,LAA
Gabriel Moreno,26-05-03,Diamondbacks,4,346,95.3,Wrigley Field,0,CHC
Ian Happ,26-07-26,Cubs,3,346,101,PNC Park,0,PIT
Kahlil Watson,26-07-12,Guardians,3,346,89.2,loanDepot Park,0,MIA
Harrison Bader,26-05-17,Giants,3,346,93.9,Sutter Health Park,1,ATH
Jackson Chourio,26-07-09,Brewers,2,346,90.4,Busch Stadium,0,STL
Caleb Durbin,26-05-30,Red Sox,2,346,100,Progressive Field,0,CLE
Jasson Dominguez,26-07-31,Yankees,2,346,93.9,Wrigley Field,0,CHC
Daniel Schneeman,26-05-16,Guardians,2,346,95.2,Progressive Field,0,CLE
Roman Anthony,26-03-30,Red Sox,1,346,99.8,Daikin Park,0,HOU
Roman Anthony,26-03-30,Red Sox,1,346,99.8,Daikin Park,0,HOU
Marcell Ozuna,26-04-16,Pirates,1,346,105,PNC Park,0,PIT
Alex Bregman,26-04-26,Cubs,1,346,97.2,Dodger Stadium,0,LAD
Gunnar Henderson,26-07-10,Orioles,1,346,105.6,Camden Yards,0,BAL
Andres Gimenez,26-06-23,Blue Jays,1,346,96.5,Rogers Centre,0,TOR
Nolan Arenado,26-06-02,Diamondbacks,1,346,103.8,Chase Field,0,ARI
Leody Taveras,26-06-13,Orioles,1,346,93.1,Camden Yards,0,BAL
Carter Jensen,26-09-26,Royals,1,345,107.9,Kauffman Stadium,0,KCR
Brenton Doyle,26-09-27,Rockies,20,345,93.8,Rate Field,1,CWS
Evan Carter,26-08-13,Rangers,27,345,94.8,Angel Stadium,0,LAA
Junior Caminero,26-09-15,Rays,25,345,97.3,Tropicana Field,1,TBR
Bryce Harper,26-08-12,Phillies,23,345,96.4,Busch Stadium,0,STL
Alex Freeland,26-09-15,Dodgers,22,345,96.7,Great American Ball Park,1,CIN
Esmerlyn Valdez,26-05-24,Pirates,22,345,94.3,Rogers Centre,1,TOR
Lars Nootbaar,26-07-20,Cardinals,15,345,100.3,Angel Stadium,0,LAA
Bo Bichette,26-08-21,Mets,14,345,97.6,Rate Field,1,CWS
Matt Olson,26-08-22,Braves,13,345,102,American Family Field,0,MIL
Bobby Witt,26-04-09,Royals,11,345,113.4,Kauffman Stadium,0,KCR
Cody Bellinger,26-05-03,Yankees,10,345,106.5,Yankee Stadium,0,NYY
Mickey Moniak,26-04-08,Rockies,7,345,93.4,Coors Field,0,COL
Adolis Garcia,26-04-06,Phillies,7,345,100.4,Oracle Park,0,SFG
Addison Barger,26-04-03,Blue Jays,7,345,98.4,Rate Field,0,CWS
Victor Mesa Jr,26-09-18,Rays,5,345,90.5,Tropicana Field,0,TBR
Jarren Duran,26-07-07,Red Sox,5,345,99.7,Rate Field,0,CWS
Blaze Jordan,26-08-01,Cardinals,5,345,99.7,Rogers Centre,0,TOR
Cole Young,26-06-18,Mariners,5,345,98.9,T-Mobile Park,0,SEA
Taylor Ward,26-05-01,Orioles,5,345,97.8,Yankee Stadium,0,NYY
Ceddanne Rafaela,26-08-07,Red Sox,4,345,95.7,Fenway Park,0,BOS
Xander Bogaerts,26-08-19,Padres,4,345,107.5,Citi Field,0,NYM
Drake Baldwin,26-05-12,Braves,4,345,103.1,Truist Park,0,ATL
Kyle Stowers,26-09-14,Marlins,3,345,102.8,Chase Field,0,ARI
Victor Mesa Jr,26-07-31,Rays,3,345,103.5,Tropicana Field,0,TBR
Cal Raleigh,26-07-10,Mariners,3,345,91.6,Tropicana Field,0,TBR
Logan O'Hoppe,26-05-26,Angels,3,345,99.9,Comerica Park,0,DET
Paul Goldschmidt,26-05-01,Yankees,3,345,103.1,Yankee Stadium,0,NYY
Willy Adames,26-05-11,Giants,3,345,100.2,Dodger Stadium,0,LAD
Cole Carrigg,26-07-24,Rockies,2,345,99.1,American Family Field,0,MIL
Josh Lowe,26-08-18,Angels,2,345,95,Daikin Park,1,HOU
Jake Burger,26-06-19,Rangers,1,345,93.2,Globe Life Park,0,TEX
Alec Bohm,26-07-02,Phillies,1,345,94.2,Citizens Bank Park,0,PHI
Myles Straw,26-08-01,Blue Jays,1,345,92.8,Rogers Centre,0,TOR
Nolan Arenado,26-07-03,Diamondbacks,1,345,97.2,Chase Field,0,ARI
Francisco Lindor,26-04-07,Mets,1,345,105.5,Citi Field,0,NYM
Juan Soto,26-04-29,Mets,1,345,97.7,Citi Field,0,NYM
Sal Stewart,26-09-04,Reds,1,345,93.8,Great American Ball Park,0,CIN
Luis Campusano,26-09-25,Padres,2,344,101.4,Petco Park,0,SDP
Corey Seager,26-09-26,Rangers,3,344,101.6,Target Field,0,MIN
CJ Abrams,26-07-05,Nationals,3,344,90.8,Nationals Park,0,WSH
Juan Soto,26-04-01,Mets,26,344,107.6,Busch Stadium,1,STL
Mike Yastrzemski,26-05-17,Braves,22,344,94.6,Truist Park,1,ATL
Daylen Lile,26-06-13,Nationals,22,344,91.2,Nationals Park,0,WSH
Caleb Durbin,26-06-25,Red Sox,21,344,91.4,Fenway Park,1,BOS
Kyle Manzardo,26-07-22,Guardians,21,344,97.3,Progressive Field,1,CLE
Bo Bichette,26-04-11,Mets,20,344,96.6,Citi Field,1,NYM
Eugenio Suarez,26-06-27,Reds,19,344,98.9,PNC Park,1,PIT
Josh Jung,26-04-22,Rangers,18,344,98,Globe Life Park,1,TEX
Alex Freeland,26-05-31,Dodgers,18,344,96.7,Dodger Stadium,1,LAD
Colt Keith,26-06-15,Tigers,17,344,102.7,Daikin Park,1,HOU
Heriberto Hernandez,26-06-19,Marlins,13,344,95.6,loanDepot Park,0,MIA
Javier Sanoja,26-03-30,Marlins,12,344,91.7,loanDepot Park,0,MIA
Donovan Walton,26-06-02,Angels,11,344,104.3,Angel Stadium,0,LAA
Luke Raley,26-03-26,Mariners,11,344,113.8,T-Mobile Park,1,SEA
Alec Burleson,26-08-07,Cardinals,10,344,98.7,Busch Stadium,0,STL
Sal Stewart,26-06-24,Reds,10,344,98.4,Great American Ball Park,0,CIN
Luis Campusano,26-08-14,Padres,9,344,98.8,Progressive Field,0,SDP
Harrison Bader,26-04-02,Giants,9,344,99.9,Oracle Park,0,SFG
Colt Emerson,26-05-18,Mariners,9,344,97.2,T-Mobile Park,1,SEA
Brandon Marsh,26-05-01,Phillies,8,344,110.1,loanDepot Park,0,MIA
Victor Robles,26-07-04,Mariners,8,344,94.2,T-Mobile Park,0,SEA
Rafael Devers,26-03-28,Giants,8,344,101.7,Oracle Park,0,SFG
Willy Adames,26-04-25,Giants,7,344,96.2,Oracle Park,0,SFG
Alec Burleson,26-06-27,Cardinals,6,344,95.8,Busch Stadium,0,STL
Lourdes Gurriel ,26-05-02,Diamondbacks,6,344,99.5,Wrigley Field,0,CHC
Nolan Schanuel,26-05-18,Angels,6,344,94.9,Angel Stadium,0,LAA
Andres Chaparro,26-09-11,Nationals,5,344,92.5,Nationals Park,0,WSH
Francisco Lindor,26-08-29,Mets,5,344,95.9,Citi Field,0,NYM
Lars Nootbaar,26-06-05,Cardinals,4,344,96.8,Busch Stadium,0,STL
Brian Serven,26-08-08,Athletics,4,344,93.9,Fenway Park,0,BOS
Teoscar Hernandez,26-08-03,Dodgers,4,344,91.8,Wrigley Field,0,CHC
Logan O'Hoppe,26-04-12,Angels,4,344,98.9,Great American Ball Park,1,CIN
Christian Encarnacion-Strand,26-09-06,Orioles,4,344,104.4,Camden Yards,0,BAL
Kyle Higashioka,26-06-02,Rangers,3,344,100,Busch Stadium,0,STL
Riley Greene,26-07-24,Tigers,3,344,100.5,Comerica Park,0,DET
Daylen Lile,26-03-26,Nationals,3,344,97.6,Wrigley Field,0,CHC
Andrew Benintendi,26-04-24,White Sox,3,344,97.2,Rate Field,0,CWS
George Lombard Jr,26-09-05,Yankees,3,344,94.8,Petco Park,0,SDP
Gunnar Henderson,26-09-19,Orioles,2,344,109.2,Camden Yards,0,BAL
Jordan Walker,26-04-29,Cardinals,2,344,99.8,PNC Park,0,PIT
Jake Bauers,26-08-02,Brewers,2,344,95.8,Angel Stadium,0,LAA
Kyle Manzardo,26-06-12,Guardians,2,344,102.8,Progressive Field,0,CLE
Josh Naylor,26-06-10,Mariners,2,344,96.6,Camden Yards,0,BAL
Ronald Acuna Jr,26-05-19,Braves,2,344,108.6,loanDepot Park,0,MIA
Matt Olson,26-05-06,Braves,2,344,104.4,T-Mobile Park,0,SEA
Josh Bell,26-04-15,Twins,2,344,100.8,Target Field,0,MIN
Aaron Judge,26-03-27,Yankees,2,344,97.8,Oracle Park,0,SFG
Joshua Baez,26-09-14,Cardinals,1,344,95.9,Busch Stadium,0,STL
Carter Jensen,26-09-11,Royals,1,344,102.6,Fenway Park,0,BOS
Masataka Yoshida,26-04-06,Red Sox,1,344,90.6,Fenway Park,0,BOS
Tyler Stephenson,26-06-26,Reds,1,344,104.6,PNC Park,0,PIT
Jonathan Aranda,26-08-17,Rays,1,344,96,Tropicana Field,0,TBR
Taylor Walls,26-08-18,Rays,1,344,94,Tropicana Field,0,TBR
Cooper Pratt,26-08-27,Brewers,1,344,92.7,Citi Field,0,NYM
Tristan Peters,26-06-26,White Sox,1,344,95.4,Rate Field,0,CWS
Ryan McMahon,26-03-28,Yankees,1,344,100.3,Oracle Park,0,SFG
Mike Trout,26-09-25,Angels,5,343,99,T-Mobile Park,0,SEA
Alan Roden,26-09-26,Twins,1,343,95.6,Target Field,0,MIN
Alejandro Osuna,26-09-26,Rangers,6,343,94.8,Target Field,0,MIN
Brian Navarreto,26-09-24,Marlins,18,343,95.7,Wrigley Field,0,CHC
Brandon Lowe,26-09-15,Pirates,25,343,100.6,PNC Park,1,PIT
Elias Diaz,26-08-01,Royals,20,343,97,Daikin Park,1,HOU
Jake Cronenworth,26-09-06,Padres,17,343,98.4,Petco Park,1,SDP
Brandon Valenzuela,26-06-20,Blue Jays,16,343,96.5,Wrigley Field,0,CHC
Wade Meckler,26-09-13,Angels,15,343,89.8,Nationals Park,0,WSH
Riley Greene,26-07-01,Tigers,14,343,98.5,Yankee Stadium,0,NYY
Austin Wells,26-04-25,Yankees,14,343,92.6,Daikin Park,1,HOU
Ceddanne Rafaela,26-05-24,Red Sox,12,343,95.4,Fenway Park,0,BOS
Chase Meidroth,26-09-15,White Sox,11,343,97.7,Progressive Field,0,CLE
Sal Stewart,26-04-22,Reds,11,343,98.7,Tropicana Field,0,TBR
Daulton Varsho,26-07-11,Blue Jays,11,343,101.3,Petco Park,0,SDP
Luis Arraez,26-04-02,Giants,10,343,97.2,Oracle Park,0,SFG
Nathan Church,26-09-12,Cardinals,9,343,100.9,Busch Stadium,0,STL
Jose Fermin,26-05-14,Cardinals,9,343,99.1,Sutter Health Park,0,ATH
Zack Gelof,26-04-29,Athletics,9,343,93.8,Sutter Health Park,0,ATH
Mickey Gasper,26-06-09,Red Sox,8,343,94.2,Tropicana Field,0,TBR
Curtis Mead,26-04-05,Nationals,8,343,93.1,Nationals Park,0,WSH
Royce Lewis,26-08-07,Twins,7,343,97.8,American Family Field,1,MIL
Gunnar Henderson,26-06-30,Orioles,5,343,90.6,Camden Yards,0,BAL
Braden Montgomery,26-06-09,White Sox,5,343,98.6,Rate Field,1,CWS
Jackson Merrill,26-09-13,Padres,5,343,100.4,Oracle Park,0,SFG
Bryan Torres,26-09-20,Cardinals,4,343,96.7,Busch Stadium,0,STL
Vinnie Pasquantino,26-09-12,Royals,4,343,94.6,Fenway Park,0,BOS
Tyler Stephenson,26-06-29,Reds,4,343,100.7,American Family Field,0,MIL
Justin Crawford,26-08-01,Phillies,4,343,95.3,Camden Yards,0,BAL
David Hamilton,26-05-29,Brewers,4,343,94,Daikin Park,1,HOU
Marcus Semien,26-04-22,Mets,4,343,101.5,Citi Field,0,NYM
Gabriel Moreno,26-04-09,Diamondbacks,4,343,99.3,Citi Field,0,NYM
Taylor Ward,26-05-03,Orioles,4,343,98.4,Yankee Stadium,0,NYY
Willy Adames,26-04-22,Giants,4,343,92.9,Oracle Park,0,SFG
Christian Walker,26-09-19,Astros,3,343,108.2,Daikin Park,0,HOU
Justin Crawford,26-09-16,Phillies,3,343,89.9,Nationals Park,0,WSH
Trent Grisham,26-03-28,Yankees,3,343,99.8,Oracle Park,0,SFG
Austin Wells,26-08-30,Yankees,3,343,106.2,Yankee Stadium,1,NYY
Ketel Marte,26-06-24,Diamondbacks,2,343,88.7,Busch Stadium,0,STL
Isaac Collins,26-05-12,Royals,2,343,104.5,Rate Field,0,CWS
Bryce Harper,26-06-26,Phillies,2,343,95.9,Citi Field,0,NYM
Ronald Acuna Jr,26-04-28,Braves,2,343,106.8,Truist Park,0,ATL
JJ Wetherholt,26-04-12,Cardinals,1,343,103.3,Busch Stadium,0,STL
Jake McCarthy,26-06-03,Rockies,1,343,100.4,Angel Stadium,0,LAA
Salvador Perez,26-06-15,Royals,1,343,101.1,Nationals Park,0,WSH
Mickey Gasper,26-08-17,Red Sox,1,343,105.6,Fenway Park,1,BOS
Jake Cronenworth,26-08-07,Padres,1,343,94.6,Petco Park,0,SDP
Jackson Chourio,26-06-26,Brewers,1,343,104,American Family Field,0,MIL
Adley Rutschman,26-03-30,Orioles,1,343,102.4,Camden Yards,0,BAL
Michael Harris,26-05-19,Braves,1,343,101.6,loanDepot Park,0,MIA
Rhys Hoskins,26-05-05,Guardians,1,343,98.4,Kauffman Stadium,1,KCR
Miguel Andujar,26-04-23,Padres,1,343,94.1,Coors Field,0,COL
Patrick Bailey,26-09-26,Giants,19,342,94.5,Kauffman Stadium,1,KCR
Colson Montgomery,26-08-13,White Sox,3,342,105,Rate Field,0,CWS
Jose Caballero,26-04-09,Yankees,19,342,97.4,Yankee Stadium,0,NYY
Michael Massey,26-09-16,Royals,18,342,97.4,Daikin Park,1,HOU
Dillon Dingler,26-06-29,Tigers,14,342,92.5,Yankee Stadium,0,NYY
Ryan O'Hearn,26-09-23,Pirates,13,342,99.3,PNC Park,0,PIT
Nathan Lukes,26-06-24,Blue Jays,12,342,96.3,Rogers Centre,1,TOR
Jared Young,26-04-05,Mets,12,342,99.6,Oracle Park,0,SFG
Isaac Paredes,26-05-02,Astros,9,342,94.1,Fenway Park,0,BOS
Jake Rogers,26-08-23,Tigers,8,342,91.2,Rate Field,0,CWS
Nick Castellanos,26-04-11,Padres,8,342,98.3,Petco Park,0,SDP
Willson Contreras,26-08-17,Red Sox,6,342,89.9,Fenway Park,1,BOS
Brandon Lowe,26-05-31,Pirates,5,342,97.6,PNC Park,0,PIT
Jeremy Pena,26-08-01,Astros,4,342,96.5,Daikin Park,0,HOU
Tyler Soderstrom,26-05-14,Athletics,4,342,97.3,Sutter Health Park,0,ATH
Jake Burger,26-04-05,Rangers,3,342,105.5,Globe Life Park,0,TEX
Daulton Varsho,26-09-03,Blue Jays,3,342,93.3,Daikin Park,0,HOU
Gunnar Henderson,26-08-16,Orioles,3,342,97.7,Tropicana Field,0,TBR
Gleybar Torres,26-08-05,Tigers,3,342,99.5,T-Mobile Park,0,SEA
Miguel Andujar,26-03-27,Padres,3,342,95.6,Petco Park,0,SDP
Riley Greene,26-07-05,Tigers,2,342,97.9,Globe Life Park,0,TEX
David Hamilton,26-03-26,Brewers,2,342,104.6,American Family Field,0,MIL
Shea Langeliers,26-04-28,Athletics,2,342,103.1,Sutter Health Park,0,ATH
Luis Robert Jr,26-04-23,Mets,2,342,102,Citi Field,0,NYM
Adley Rutschman,26-04-06,Orioles,2,342,101.3,Rate Field,0,CWS
Daylen Lile,26-04-18,Nationals,2,342,95.7,Nationals Park,0,WSH
Brandon Lowe,26-05-21,Pirates,1,342,96,Busch Stadium,1,STL
Esteury Ruiz,26-06-28,Marlins,1,342,91.3,Busch Stadium,0,STL
Brandon Nimmo,26-06-07,Rangers,1,342,96,Globe Life Park,0,TEX
Javier Sanoja,26-08-05,Marlins,1,342,92.3,Truist Park,0,ATL
Jasson Dominguez,26-08-01,Yankees,1,342,110.2,Wrigley Field,0,CHC
Joey Wiemer,26-04-29,Nationals,1,342,106,Citi Field,0,NYM
CJ Kayfus,26-04-06,Guardians,1,342,99.8,Progressive Field,0,CLE
Ryan Waldschmidt,26-05-20,Diamondbacks,1,342,97.9,Chase Field,0,ARI
Luis Garcia Jr.,26-09-10,Nationals,3,342,97.5,Yankee Stadium,0,NYY
Max Muncy (D),26-07-06,Dodgers,3,341,106.1,Dodger Stadium,0,LAD
Nolan Gorman,26-04-06,Cardinals,27,341,97.5,Nationals Park,0,WSH
Jazz Chisholm Jr,26-09-01,Yankees,20,341,95.4,Angel Stadium,1,LAA
Joe Mack,26-05-09,Marlins,17,341,96.2,loanDepot Park,0,MIA
Bo Bichette,26-06-12,Mets,17,341,96.6,Citi Field,1,NYM
Daylen Lile,26-06-17,Nationals,17,341,93.1,Nationals Park,0,WSH
Casey Schmitt,26-04-22,Giants,12,341,94.6,Oracle Park,0,SFG
Colt Keith,26-08-05,Tigers,11,341,95.9,T-Mobile Park,0,SEA
Michael Harris,26-07-20,Braves,11,341,100.9,Truist Park,1,ATL
Luisangel Acuna,26-08-07,White Sox,9,341,92.9,Rate Field,0,CWS
Zach Neto,26-07-03,Angels,9,341,96.9,Angel Stadium,0,LAA
Jarren Duran,26-04-22,Red Sox,7,341,100.3,Fenway Park,0,BOS
Brice Turang,26-06-04,Brewers,7,341,94.6,American Family Field,0,MIL
Freddy Fermin,26-04-12,Padres,7,341,96.7,Petco Park,0,SDP
Tristan Gray,26-05-28,Twins,5,341,92.4,Rate Field,0,CWS
Jarren Duran,26-05-08,Red Sox,4,341,92.4,Fenway Park,0,BOS
Graham Pauley,26-08-15,Marlins,4,341,106.2,Great American Ball Park,0,CIN
Pete Alonso,26-06-29,Orioles,4,341,91.5,Camden Yards,0,BAL
Luis Rengifo,26-04-16,Brewers,4,341,103.5,American Family Field,0,MIL
Kyle Tucker,26-04-24,Dodgers,4,341,94.5,Dodger Stadium,0,LAD
Mickey Gasper,26-05-10,Red Sox,3,341,96.6,Fenway Park,0,BOS
Henry Bolte,26-09-07,Athletics,3,341,104.2,Sutter Health Park,1,ATH
Ronald Acuna Jr,26-08-29,Braves,3,341,97.9,Truist Park,0,ATL
Jose Caballero,26-07-27,Yankees,2,341,94.6,Rate Field,0,CWS
Trent Grisham,26-03-25,Yankees,2,341,101.7,Oracle Park,0,SFG
Mike Yastrzemski,26-04-20,Braves,2,341,95.7,Nationals Park,0,WSH
Leody Taveras,26-05-05,Orioles,2,341,95.4,loanDepot Park,0,MIA
Matt Olson,26-04-10,Braves,2,341,94,Truist Park,0,ATL
Jackson Holliday,26-06-09,Orioles,2,341,98.4,Camden Yards,0,BAL
Ryan Kreidler,26-09-13,Twins,1,341,95.6,Target Field,0,MIN
Jake McCarthy,26-06-20,Rockies,1,341,104.9,Coors Field,1,COL
Isaac Paredes,26-07-11,Astros,1,341,93.7,Globe Life Park,0,TEX
Colt Keith,26-06-26,Tigers,1,341,100.3,Comerica Park,1,DET
Dominic Smith,26-04-20,Braves,1,341,98.2,Nationals Park,0,WSH
Henry Bolte,26-08-15,Athletics,1,341,102.1,Sutter Health Park,1,ATH
Cody Bellinger,26-06-28,Yankees,22,340,100.2,Fenway Park,0,BOS
Corey Seager,26-05-05,Rangers,15,340,99.4,Yankee Stadium,0,NYY
Yandy Diaz,26-03-30,Rays,14,340,90.4,American Family Field,0,MIL
Austin Hedges,26-06-04,Guardians,14,340,94.3,Yankee Stadium,0,NYY
Jeremy Pena,26-07-20,Astros,13,340,97.7,Daikin Park,1,HOU
Samuel Basallo,26-06-04,Orioles,11,340,112.4,Fenway Park,0,BOS
Brendan Donovan,26-03-29,Mariners,11,340,99.8,T-Mobile Park,1,SEA
Bryce Harper,26-04-06,Phillies,9,340,112.5,Oracle Park,0,SFG
Luis Arraez,26-05-17,Giants,9,340,95.1,Sutter Health Park,1,ATH
Lars Nootbaar,26-08-07,Cardinals,7,340,101.8,Chase Field,0,ARI
Kevin McGonigle,26-06-17,Tigers,7,340,96.5,Daikin Park,1,HOU
Shohei Ohtani,26-04-03,Dodgers,7,340,97.7,Nationals Park,0,WSH
Justin Foscue,26-08-13,Rangers,6,340,103.5,Angel Stadium,0,LAA
Gabriel Moreno,26-09-04,Diamondbacks,5,340,104.5,Daikin Park,0,HOU
Bryce Eldridge,26-06-25,Giants,5,340,99.3,Oracle Park,0,SFG
Ivan Herrera,26-03-26,Cardinals,4,340,94.4,Busch Stadium,0,STL
Christian Encarnacion-Strand,26-07-24,Orioles,4,340,103.9,Camden Yards,0,BAL
Brett Baty,26-06-11,Mets,4,340,96.4,Citi Field,0,NYM
Juan Soto,26-09-16,Mets,3,340,99.8,Citi Field,0,NYM
Brandon Nimmo,26-04-28,Rangers,3,340,96.5,Globe Life Park,0,TEX
Nick Gonzales,26-08-17,Pirates,3,340,97,PNC Park,0,PIT
Jackson Merrill,26-08-17,Padres,3,340,93.2,Citi Field,0,NYM
Geraldo Perdomo,26-07-12,Diamondbacks,3,340,94.7,Dodger Stadium,0,LAD
Otto Lopez,26-04-09,Marlins,3,340,98.1,loanDepot Park,0,MIA
Dominic Canzone,26-04-01,Mariners,3,340,97.4,T-Mobile Park,0,SEA
Rafael Flores Jr,26-09-08,Pirates,3,340,100.9,Rate Field,0,CWS
Masyn Winn,26-03-29,Cardinals,2,340,91.4,Busch Stadium,0,STL
Bo Bichette,26-09-11,Mets,2,340,92.7,Yankee Stadium,0,NYY
Brandon Nimmo,26-04-06,Rangers,2,340,100.5,Globe Life Park,0,TEX
Liam Hicks,26-08-28,Marlins,2,340,90.1,Tropicana Field,0,TBR
Shohei Ohtani,26-07-17,Dodgers,2,340,108,Yankee Stadium,0,NYY
William Contreras,26-04-25,Brewers,2,340,96.8,American Family Field,0,MIL
Justin Crawford,26-04-25,Phillies,1,340,95.3,Truist Park,0,ATL
Jesus Sanchez,26-08-21,Blue Jays,1,340,101.5,Yankee Stadium,0,NYY
Ian Happ,26-06-30,Cubs,1,340,88,Wrigley Field,0,CHC
Cam Smith,26-07-31,Astros,1,340,101.8,Daikin Park,0,HOU
Giancarlos Stanton,26-04-22,Yankees,1,340,107.4,Fenway Park,0,BOS
Teoscar Hernandez,26-05-20,Dodgers,1,340,100.3,Petco Park,0,SDP
Manny Machado,26-08-03,Padres,1,339,95.3,Chase Field,0,ARI
Luis Garcia Jr.,26-07-01,Nationals,11,339,95.1,Fenway Park,0,BOS
Jazz Chisholm Jr,26-05-18,Yankees,28,339,101.9,Yankee Stadium,1,NYY
Vinnie Pasquantino,26-04-17,Royals,24,339,95.8,Yankee Stadium,1,NYY
Rafael Devers,26-07-18,Giants,19,339,98.6,T-Mobile Park,1,SEA
Jesus Rodriguez,26-05-05,Giants,16,339,95.5,Oracle Park,1,SFG
Kody Clemens,26-07-08,Twins,15,339,94.5,Target Field,0,MIN
Nolan Schanuel,26-03-28,Angels,15,339,99.2,Daikin Park,1,HOU
Randy Arozarena,26-04-27,Mariners,13,339,99.1,Target Field,0,MIN
Ozzie Albies,26-06-20,Braves,12,339,94.4,Truist Park,1,ATL
J.P. Crawford,26-04-04,Mariners,9,339,105.2,Angel Stadium,0,LAA
Brady House,26-05-06,Nationals,9,339,103.7,Nationals Park,0,WSH
Anthony Seigler,26-06-27,Red Sox,6,339,97.2,Fenway Park,1,BOS
Nick Castellanos,26-04-12,Padres,6,339,92.3,Petco Park,0,SDP
Isaac Paredes,26-09-01,Astros,5,339,99.4,Daikin Park,1,HOU
Luis Lara,26-08-14,Brewers,5,339,103,Dodger Stadium,0,LAD
Dansby Swanson,26-04-11,Cubs,4,339,99.9,Wrigley Field,0,CHC
AJ Ewing,26-05-27,Mets,4,339,94.7,Citi Field,0,NYM
Kyle Teel,26-09-04,White Sox,3,339,93,Rate Field,0,CWS
Keibert Ruiz,26-09-02,Nationals,3,339,98.2,Nationals Park,0,WSH
Sal Stewart,26-06-28,Reds,3,339,104.7,PNC Park,0,PIT
Carson Kelly,26-06-17,Cubs,3,339,95.8,Wrigley Field,0,CHC
Joc Pederson,26-05-29,Rangers,2,339,96.2,Globe Life Park,1,TEX
Bryce Harper,26-06-10,Phillies,2,339,99.8,Rogers Centre,1,TOR
Andruw Monasterio,26-07-22,Red Sox,2,339,94.7,Fenway Park,0,BOS
Xander Bogaerts,26-04-17,Padres,2,339,94.3,Angel Stadium,0,LAA
Brandon Marsh,26-04-23,Phillies,1,339,98.3,Wrigley Field,1,CHC
Jac Caglianone,26-08-16,Royals,1,339,97.6,Angel Stadium,0,LAA
Spencer Torkelson,26-07-21,Tigers,1,339,93,Wrigley Field,0,CHC
Josh Naylor,26-04-16,Mariners,1,339,98.2,Petco Park,0,SDP
Brandon Lockridge,26-04-11,Athletics,1,339,97.7,American Family Field,0,MIL
Heriberto Hernandez,26-09-27,Marlins,1,338,97.3,loanDepot Park,0,MIA
Luis Garcia Jr.,26-05-15,Nationals,4,338,95.5,Nationals Park,0,WSH
Bo Naylor,26-09-17,Guardians,20,338,93.6,PNC Park,1,PIT
Willy Adames,26-03-31,Giants,20,338,96,Petco Park,1,SDP
Salvador Perez,26-05-15,Royals,17,338,97.7,Busch Stadium,0,STL
Joshua Baez,26-08-16,Cardinals,17,338,96.3,Wrigley Field,0,CHC
Michael Busch,26-05-15,Cubs,16,338,106.4,Rate Field,0,CWS
Jo Adell,26-08-01,Angels,13,338,98.3,Angel Stadium,0,LAA
MJ Melendez,26-04-26,Mets,12,338,99.6,Citi Field,0,NYM
Christian Walker,26-05-13,Astros,11,338,96.8,Daikin Park,1,HOU
Randy Arozarena,26-08-01,Mariners,9,338,106.3,T-Mobile Park,0,SEA
Rafael Devers,26-06-21,Giants,8,338,98.2,loanDepot Park,0,MIA
Sam Antonacci,26-07-02,White Sox,7,338,94.7,Progressive Field,0,CLE
Caleb Durbin,26-06-29,Red Sox,6,338,96.7,Fenway Park,1,BOS
Cedric Mullins,26-07-30,Rays,6,338,95.2,Tropicana Field,1,TBR
Marcell Ozuna,26-07-12,Pirates,5,338,103.6,PNC Park,1,PIT
Andrew Pinckney,26-08-15,Nationals,5,338,96.9,Citi Field,0,NYM
Byron Buxton,26-05-30,Twins,5,338,95.8,PNC Park,0,PIT
Christian Yelich,26-08-13,Brewers,4,338,101,Dodger Stadium,0,LAD
Bryson Stott,26-05-12,Phillies,3,338,109.6,Fenway Park,0,BOS
Ezequiel Duran,26-05-12,Rangers,3,338,92.4,Globe Life Park,1,TEX
Pete Crow-Armstrong,26-07-26,Cubs,3,338,96.1,PNC Park,0,PIT
Marcelo Mayer,26-04-12,Red Sox,2,338,95.4,Busch Stadium,0,STL
Travis Bazzana,26-08-11,Guardians,2,338,99.8,Comerica Park,0,DET
Gavin Sheets,26-07-29,Padres,2,338,100.9,Petco Park,0,SDP
Pete Alonso,26-09-15,Orioles,1,338,94.8,Citi Field,0,NYM
Kyle Stowers,26-09-12,Marlins,1,338,101.9,loanDepot Park,0,MIA
Jose Altuve,26-04-20,Astros,1,338,101.2,Progressive Field,0,CLE
Miguel Vargas,26-03-29,White Sox,1,338,94.5,American Family Field,0,MIL
Shea Langeliers,26-04-12,Athletics,1,338,94.1,Citi Field,0,NYM
Liam Hicks,26-04-03,Marlins,1,338,91.2,Yankee Stadium,0,NYY
Yordan Alvarez,26-05-30,Astros,1,337,115.1,Daikin Park,0,HOU
Yordan Alvarez,26-07-28,Astros,2,337,96.3,Angel Stadium,0,LAA
Yordan Alvarez,26-09-06,Astros,19,337,90.7,Daikin Park,1,HOU
Tristan Gray,26-05-27,Twins,17,337,95.1,Rate Field,0,CWS
Jakob Marsee,26-03-30,Marlins,17,337,93.9,loanDepot Park,0,MIA
Brandon Lowe,26-03-26,Pirates,15,337,103.5,Citi Field,1,NYM
Freddie Freeman,26-06-26,Dodgers,15,337,98.9,Petco Park,0,SDP
Braden Shewmake,26-05-05,Astros,14,337,98,Daikin Park,1,HOU
JJ Wetherholt,26-08-20,Cardinals,11,337,96.2,Great American Ball Park,0,STL
Andres Chaparro,26-09-08,Nationals,10,337,100.2,Petco Park,1,SDP
Michael Conforto,26-05-16,Cubs,10,337,103.2,Rate Field,0,CWS
Ceddanne Rafaela,26-03-31,Red Sox,9,337,98.6,Daikin Park,1,HOU
Ronald Acuna Jr,26-08-06,Braves,8,337,97.3,Truist Park,1,ATL
Pavin Smith,26-06-26,Diamondbacks,8,337,95.3,Tropicana Field,0,TBR
Seiya Suzuki,26-08-24,Cubs,7,337,90.8,Chase Field,0,ARI
Kerry Carpenter,26-06-17,Tigers,7,337,96.6,Daikin Park,1,HOU
Jackson Holliday,26-05-22,Orioles,7,337,93.5,Camden Yards,1,BAL
Luke Keaschall,26-09-19,Twins,5,337,96.1,Angel Stadium,0,LAA
Willson Contreras,26-06-14,Red Sox,5,337,93.5,Fenway Park,1,BOS
Kyle Schwarber,26-05-26,Phillies,4,337,95.7,Petco Park,0,SDP
Wilyer Abreu,26-08-24,Red Sox,4,337,109.9,loanDepot Park,0,MIA
Willy Adames,26-06-06,Giants,4,337,97.5,Wrigley Field,0,CHC
Jose Caballero,26-04-24,Yankees,4,337,97.2,Daikin Park,1,HOU
Trent Grisham,26-04-16,Yankees,3,337,92.9,Yankee Stadium,0,NYY
Carson Benge,26-09-06,Mets,2,337,101.7,Citi Field,0,NYM
Fernando Tatis Jr,26-09-05,Padres,2,337,96.6,Petco Park,0,SDP
Nathaniel Lowe,26-05-01,Reds,2,337,100.4,PNC Park,0,PIT
Jonathan Aranda,26-07-12,Rays,2,337,96,Tropicana Field,1,TBR
Jose Ramirez,26-08-22,Guardians,2,337,92.9,Coors Field,0,COL
Josh Bell,26-06-05,Twins,2,337,101.4,Target Field,0,MIN
Esmerlyn Valdez,26-05-23,Pirates,1,337,105,Rogers Centre,0,TOR
Tyler Stephenson,26-07-03,Reds,1,337,90.8,Great American Ball Park,0,CIN
Joshua Baez,26-08-22,Cardinals,1,337,92.3,Citizens Bank Park,0,PHI
Freddie Freeman,26-07-24,Dodgers,1,337,104.6,Citi Field,0,NYM
Zach McKinstry,26-07-20,Tigers,1,337,94.5,Wrigley Field,0,CHC
Luke Raley,26-06-12,Mariners,1,337,89.2,Nationals Park,0,WSH
Gavin Sheets,26-05-27,Padres,1,337,99.4,Petco Park,0,SDP
Brent Rooker,26-04-05,Athletics,1,337,97.5,Sutter Health Park,0,ATH
Tristan Peters,26-04-25,White Sox,1,337,97.1,Rate Field,0,CWS
Jakob Marsee,26-03-31,Marlins,1,337,95.8,loanDepot Park,0,MIA
Francisco Lindor,26-08-18,Mets,19,336,95,Citi Field,0,NYM
Cooper Pratt,26-07-07,Brewers,18,336,95.9,Busch Stadium,0,STL
Cody Bellinger,26-05-22,Yankees,10,336,100,Yankee Stadium,0,NYY
Ryan McMahon,26-04-24,Yankees,10,336,99.8,Daikin Park,1,HOU
Shohei Ohtani,26-05-15,Dodgers,10,336,97.1,Angel Stadium,0,LAA
Gunnar Henderson,26-09-12,Orioles,7,336,97.9,Rogers Centre,0,TOR
Jake Mangum,26-07-31,Pirates,7,336,100.1,Great American Ball Park,1,CIN
Nico Hoerner,26-06-27,Cubs,7,336,97.9,American Family Field,0,MIL
Royce Lewis,26-08-12,Twins,6,336,103.6,Target Field,0,MIN
Michael Harris,26-08-09,Braves,6,336,96.8,Yankee Stadium,0,NYY
Sal Stewart,26-09-20,Reds,5,336,97.3,Great American Ball Park,0,CIN
Nick Sogard,26-05-26,Red Sox,5,336,93.4,Fenway Park,0,BOS
Cam Smith,26-07-26,Astros,5,336,99.1,Rate Field,0,CWS
Petey Halpin,26-07-22,Guardians,5,336,89.8,Progressive Field,0,CLE
Matt Mclain,26-09-23,Reds,4,336,95.8,Truist Park,0,ATL
Michael Conforto,26-09-14,Cubs,3,336,98.2,Wrigley Field,0,CHC
Carson Benge,26-06-27,Mets,3,336,105.8,Citi Field,0,NYM
Randy Arozarena,26-07-04,Mariners,2,336,98,T-Mobile Park,0,SEA
Bo Bichette,26-06-07,Mets,2,336,105,Petco Park,0,SDP
Brayan Rocchio,26-06-04,Guardians,2,336,94.9,Yankee Stadium,0,NYY
Tyler Soderstrom,26-04-20,Athletics,2,336,96.1,T-Mobile Park,0,SEA
Nick Yorke,26-04-01,Pirates,1,336,97.5,Great American Ball Park,0,CIN
Kyle Schwarber,26-05-26,Phillies,1,336,92.6,Petco Park,0,SDP
Francisco Lindor,26-08-10,Mets,1,336,103.8,Truist Park,0,ATL
Zach Neto,26-06-10,Angels,1,336,93.5,Angel Stadium,0,LAA
Spencer Torkelson,26-05-29,Tigers,1,336,97.5,Rate Field,0,CWS
Luis Garcia Jr.,26-09-11,Nationals,1,336,108.6,Yankee Stadium,0,NYY
Freddie Freeman,26-09-27,Dodgers,1,335,97.7,Oracle Park,0,SFG
Elly De La Cruz,26-07-29,Reds,2,335,99.9,Great American Ball Park,0,CIN
Max Muncy (D),26-06-23,Dodgers,3,335,96.1,Target Field,0,MIN
Jake Cronenworth,26-09-20,Padres,22,335,99.1,Petco Park,1,SDP
Amed Rosario,26-09-02,Yankees,13,335,103.2,Angel Stadium,0,LAA
Heriberto Hernandez,26-04-05,Marlins,10,335,89.1,Yankee Stadium,0,NYY
Richie Palacios,26-07-22,Rays,9,335,96.2,Rogers Centre,0,TOR
Leody Taveras,26-08-10,Orioles,6,335,90.5,Target Field,0,MIN
Andrew Benintendi,26-08-23,White Sox,5,335,94.6,Rate Field,0,CWS
Victor Caratini,26-08-19,Twins,5,335,97.1,Target Field,0,MIN
Ben Rice,26-03-31,Yankees,5,335,100.1,T-Mobile Park,0,SEA
Jarren Duran,26-05-26,Red Sox,4,335,94.1,Fenway Park,0,BOS
Nick Castellanos,26-05-19,Padres,4,335,95.3,Petco Park,0,SDP
Edgar Quero,26-04-16,White Sox,3,335,92.5,Rate Field,0,CWS
Kyle Isbel,26-04-02,Royals,2,335,90.9,Kauffman Stadium,0,KCR
Mickey Gasper,26-06-09,Red Sox,2,335,90.8,Tropicana Field,0,TBR
TJ Friedl,26-07-04,Reds,2,335,94.1,Great American Ball Park,0,CIN
Ryan McMahon,26-08-12,Yankees,2,335,95.2,Yankee Stadium,0,NYY
Michael Conforto,26-06-29,Cubs,2,335,89.5,Wrigley Field,0,CHC
Jung Hoo Lee,26-06-19,Giants,2,335,104.2,loanDepot Park,0,MIA
Josh Bell,26-05-07,Twins,2,335,100.7,Nationals Park,0,WSH
Samuel Basallo,26-04-18,Orioles,2,335,96.7,Progressive Field,0,CLE
Wade Meckler,26-09-20,Angels,1,335,89.4,Angel Stadium,0,LAA
Jose Altuve,26-09-20,Astros,1,335,89.5,Daikin Park,1,HOU
Ryan O'Hearn,26-04-11,Pirates,1,335,101.2,Wrigley Field,0,CHC
Deyvison De Los Santos,26-09-04,Marlins,1,335,103.8,loanDepot Park,0,MIA
Isaac Paredes,26-08-30,Astros,1,335,99,Citi Field,0,NYM
Max Muncy (A),26-08-04,Athletics,1,335,92.2,Great American Ball Park,0,CIN
Carlos Correa,26-05-01,Astros,1,335,97.8,Fenway Park,0,BOS
Mike Trout,26-04-21,Angels,1,335,96.1,Angel Stadium,0,LAA
Randy Arozarena,26-04-16,Mariners,1,335,94.6,Petco Park,0,SDP
Elly De La Cruz,26-03-31,Reds,11,334,93.6,Great American Ball Park,1,CIN
Jordan Lawlar,26-09-25,Diamondbacks,20,334,97.6,Petco Park,1,SDP
Billy Cook,26-07-19,Pirates,19,334,97.4,Progressive Field,0,CLE
Cam Smith,26-07-01,Astros,12,334,98.3,Daikin Park,0,HOU
Spencer Torkelson,26-07-28,Tigers,7,334,98.2,Comerica Park,0,DET
Ryan Jeffers,26-03-30,Twins,3,334,90.2,Kauffman Stadium,0,KCR
Andres Gimenez,26-09-23,Blue Jays,2,334,99.2,Camden Yards,0,BAL
Mike Trout,26-05-23,Angels,2,334,91.8,Angel Stadium,0,LAA
Javier Sanoja,26-09-15,Marlins,1,334,96.3,Chase Field,0,ARI
Brandon Nimmo,26-04-04,Rangers,1,334,91.9,Globe Life Park,0,TEX
Carlos Narvaez,26-04-20,Red Sox,1,334,94.4,Fenway Park,0,BOS
Jonathan Aranda,26-06-19,Rays,1,334,95.2,Tropicana Field,1,TBR
Willson Contreras,26-07-07,Red Sox,1,334,100.2,Rate Field,0,CWS
Jose Altuve,26-08-10,Astros,1,334,92.1,Oracle Park,0,SFG
Carson Benge,26-07-11,Mets,1,334,90.5,Citi Field,0,NYM
Andres Chaparro,26-06-13,Nationals,1,334,96,Nationals Park,0,WSH
Ryan Jeffers,26-04-17,Twins,1,334,94.3,Target Field,0,MIN
Jeremy Pena,26-04-11,Astros,1,334,93.6,T-Mobile Park,0,SEA
Luis Arraez,26-05-10,Giants,1,334,91.2,Oracle Park,0,SFG
Yordan Alvarez,26-04-11,Astros,9,333,111.3,T-Mobile Park,0,SEA
Jazz Chisholm Jr,26-04-23,Yankees,24,333,98,Fenway Park,1,BOS
Marcus Semien,26-05-18,Mets,22,333,94.9,Nationals Park,0,WSH
Ben Rice,26-09-13,Yankees,15,333,95.3,Yankee Stadium,1,NYY
Jose Caballero,26-05-04,Yankees,13,333,100.5,Yankee Stadium,0,NYY
Connor Norby,26-03-27,Marlins,9,333,97.3,loanDepot Park,0,MIA
Jared Triolo,26-06-10,Pirates,7,333,94.7,PNC Park,0,PIT
Alec Burleson,26-05-15,Cardinals,4,333,97.5,Busch Stadium,0,STL
Freddie Freeman,26-04-04,Dodgers,4,333,95.6,Nationals Park,0,WSH
Vladimir Guerrero Jr.,26-06-04,Blue Jays,3,333,90.9,Truist Park,0,ATL
Trent Grisham,26-05-01,Yankees,3,333,99.3,Yankee Stadium,0,NYY
Brandon Nimmo,26-05-07,Rangers,2,333,100.3,Yankee Stadium,0,NYY
Caleb Durbin,26-07-08,Red Sox,2,333,94,Rate Field,0,CWS
JJ Wetherholt,26-07-22,Cardinals,1,333,97.2,Angel Stadium,0,LAA
Lane Thomas,26-03-28,Royals,1,333,96.5,Truist Park,0,ATL
Roman Anthony,26-04-06,Red Sox,1,333,101.8,Fenway Park,0,BOS
Patrick Wisdom,26-08-26,Mariners,1,333,94.8,T-Mobile Park,0,SEA
Randal Grichuk,26-06-09,Yankees,1,333,99.2,Rate Field,0,CWS
Randy Arozarena,26-05-18,Mariners,1,333,102.1,T-Mobile Park,0,SEA
Ryan McMahon,26-05-05,Yankees,1,333,99.7,Yankee Stadium,0,NYY
Jo Adell,26-04-10,Angels,1,333,97.5,Angel Stadium,0,LAA
Brooks Lee,26-04-26,Twins,1,333,96.3,Tropicana Field,1,TBR
Jacob Young,26-04-24,Nationals,1,333,93.2,Rate Field,0,CWS
Colson Montgomery,26-09-05,White Sox,4,333,96.8,Rate Field,0,CWS
Marcus Semien,26-09-27,Mets,3,332,94.9,Nationals Park,0,WSH
Ryan McMahon,26-09-23,Yankees,19,332,109.1,Yankee Stadium,1,NYY
Jonah Heim,26-04-08,Braves,18,332,99,Angel Stadium,0,LAA
Ben Williamson,26-03-26,Rays,13,332,91.1,Busch Stadium,0,STL
Riley Greene,26-04-17,Tigers,12,332,92.1,Fenway Park,0,BOS
Jake Fraley,26-04-28,Rays,11,332,89.2,Progressive Field,0,CLE
Willy Adames,26-08-23,Giants,8,332,100.6,Fenway Park,0,BOS
Matt Shaw,26-06-15,Cubs,7,332,99.3,Wrigley Field,0,CHC
Donovan Walton,26-09-23,Angels,6,332,89.8,Sutter Health Park,1,ATH
Keiburt Ruiz,26-05-23,Nationals,6,332,94.6,Truist Park,0,ATL
William Contreras,26-09-15,Brewers,5,332,96,PNC Park,0,PIT
Jacob Gonzalez,26-08-07,White Sox,4,332,91.4,PNC Park,0,PIT
Cody Bellinger,26-04-05,Yankees,4,332,96.7,Yankee Stadium,0,NYY
Lars Nootbaar,26-07-24,Cardinals,3,332,94.5,Busch Stadium,0,STL
Brett Baty,26-03-30,Mets,2,332,100.4,Busch Stadium,0,STL
Pedro Ramirez,26-09-05,Cubs,2,332,94.4,loanDepot Park,0,MIA
Michael Busch,26-07-12,Cubs,2,332,96.9,Great American Ball Park,0,CIN
Austin Riley,26-06-23,Braves,2,332,97.3,Petco Park,0,SDP
Alec Burleson,26-08-25,Cardinals,1,332,99.2,Busch Stadium,0,STL
Alex Bregman,26-09-03,Cubs,1,332,92.4,Wrigley Field,0,CHC
Jake Cronenworth,26-04-06,Padres,1,332,106,PNC Park,0,PIT
Austin Riley,26-05-23,Braves,1,332,89.3,Truist Park,0,ATL
James Wood,26-05-20,Nationals,3,331,101.3,Nationals Park,0,WSH
Munetaka Murakami,26-07-18,White Sox,2,331,102,Rogers Centre,0,TOR
Colson Montgomery,26-06-24,White Sox,19,331,102.3,Rate Field,0,CWS
Masataka Yoshida,26-05-24,Red Sox,14,331,88.2,Fenway Park,0,BOS
Pete Alonso,26-04-16,Orioles,13,331,100.4,Progressive Field,0,CLE
Kevin McGonigle,26-03-26,Tigers,9,331,105.9,Petco Park,0,SDP
Zach Dezenzo,26-05-19,Astros,9,331,99.8,Target Field,0,MIN
Ivan Herrera,26-08-30,Cardinals,6,331,95.4,Busch Stadium,0,STL
Juan Soto,26-04-29,Mets,3,331,100.4,Citi Field,0,NYM
Ezequiel Tovar,26-04-09,Rockies,2,331,107.9,Petco Park,0,SDP
Jimmy Crooks,26-05-30,Cardinals,1,331,97.1,Busch Stadium,0,STL
Carter Jensen,26-08-28,Royals,1,331,100.5,Progressive Field,0,CLE
Brice Turang,26-05-18,Brewers,1,331,92.4,Wrigley Field,0,CHC
Marcus Semien,26-04-23,Mets,8,330,93,Citi Field,0,NYM
Jakob Marsee,26-04-03,Marlins,2,330,91.9,Yankee Stadium,0,NYY
Jonathan Aranda,26-05-27,Rays,1,330,111.4,Camden Yards,0,BAL
Nathaniel Lowe,26-08-05,Reds,1,330,93.8,Progressive Field,0,CLE
Zach Neto,26-09-06,Angels,1,330,90.6,PNC Park,0,PIT
Andres Gimenez,26-08-14,Blue Jays,1,330,95.9,Rogers Centre,0,TOR
Nolan Arenado,26-08-09,Diamondbacks,1,330,91.5,Chase Field,0,ARI
Xander Bogaerts,26-04-10,Padres,1,330,94.4,Petco Park,0,SDP
Jarren Duran,26-08-12,Red Sox,5,329,90.8,Rogers Centre,0,TOR
Sam Haggerty,26-05-24,Rangers,3,329,93.3,Angel Stadium,0,LAA
Zach Neto,26-06-27,Angels,2,329,99.3,Angel Stadium,0,LAA
Christian Yelich,26-04-06,Brewers,2,329,101.4,Fenway Park,0,BOS
Pavin Smith,26-09-16,Diamondbacks,1,329,98.6,Chase Field,0,ARI
Jackson Merrill,26-09-11,Padres,1,329,98,Oracle Park,0,SFG
Matt Mclain,26-09-01,Reds,1,329,103.6,Great American Ball Park,0,CIN
Tommy Edman,26-06-27,Dodgers,1,329,105,Petco Park,0,SDP
Donovan Walton,26-05-22,Angels,1,329,96.3,Angel Stadium,0,LAA
Randy Arozarena,26-09-15,Mariners,13,328,93,Angel Stadium,0,LAA
Masataka Yoshida,26-07-17,Red Sox,10,328,87,Fenway Park,1,BOS
Bryson Stott,26-04-25,Phillies,9,328,101.6,Truist Park,0,ATL
Riley Greene,26-06-02,Tigers,3,328,89,Tropicana Field,1,TBR
Taylor Trammell,26-04-19,Astros,3,328,97.8,Daikin Park,0,HOU
Kazuma Okamoto,26-07-08,Blue Jays,2,328,99.1,Oracle Park,1,SFG
Alec Burleson,26-07-28,Cardinals,1,328,98.4,Busch Stadium,0,STL
Masyn Winn,26-07-28,Cardinals,1,328,95.1,Busch Stadium,0,STL
Patrick Bailey,26-09-14,Giants,1,328,109.5,Progressive Field,0,CLE
Lane Thomas,26-06-13,Royals,1,328,92.2,Kauffman Stadium,0,KCR
Rafael Devers,26-08-15,Giants,1,328,93.3,Oracle Park,0,SFG
Jo Adell,26-08-15,Angels,1,328,110.8,Progressive Field,0,CLE
Alec Burleson,26-04-18,Cardinals,1,328,94.3,Daikin Park,0,HOU
Seiya Suzuki,26-04-17,Cubs,20,327,93.1,Wrigley Field,0,CHC
Vaughn Grissom,26-06-01,Angels,10,327,97.8,Angel Stadium,0,LAA
Jordan Walker,26-05-07,Cardinals,4,327,96.2,Petco Park,0,SDP
Drew Millas,26-04-18,Nationals,4,327,104.7,Nationals Park,0,WSH
Chase Delauter,26-09-04,Guardians,2,327,95.3,Progressive Field,0,CLE
Logan O'Hoppe,26-04-24,Angels,2,327,96.3,Kauffman Stadium,0,KCR
Cal Raleigh,26-08-16,Mariners,1,327,100.6,Daikin Park,1,HOU
Corey Seager,26-05-07,Rangers,5,326,100,Yankee Stadium,0,NYY
Nelson Velazquez,26-07-27,Cardinals,3,326,90.7,Busch Stadium,0,STL
Connor Norby,26-06-21,Marlins,2,326,96.3,loanDepot Park,0,MIA
Bryce Eldridge,26-06-10,Giants,2,326,98.1,Oracle Park,1,SFG
Aaron Judge,26-04-16,Yankees,2,326,100,Yankee Stadium,0,NYY
Kyle Manzardo,26-04-17,Guardians,2,326,97.9,Progressive Field,0,CLE
Lars Nootbaar,26-07-24,Cardinals,1,326,97.7,Busch Stadium,0,STL
Steven Kwan,26-08-26,Guardians,1,326,101,Angel Stadium,0,LAA
Spencer Jones,26-07-22,Yankees,1,326,107.4,Yankee Stadium,0,NYY
Colson Montgomery,26-07-10,White Sox,11,325,97.6,Rate Field,0,CWS
Nolan Schanuel,26-03-28,Angels,4,325,94.1,Daikin Park,0,HOU
Ronny Simon,26-08-07,Pirates,3,325,88.9,PNC Park,0,PIT
Masyn Winn,26-07-28,Cardinals,2,325,90.1,Busch Stadium,0,STL
Zach Neto,26-05-12,Angels,2,325,95.8,Progressive Field,0,CLE
Daylen Lile,26-08-13,Nationals,1,325,90.8,Nationals Park,0,WSH
William Contreras,26-04-12,Brewers,4,324,97.9,American Family Field,0,MIL
Matt Vierling,26-04-20,Tigers,2,324,94.8,Fenway Park,0,BOS
Pete Crow-Armstrong,26-09-16,Cubs,1,324,109.4,Wrigley Field,0,CHC
Nathaniel Lowe,26-08-24,Reds,1,324,90.6,Angel Stadium,0,LAA
Ian Happ,26-04-11,Cubs,1,324,100.5,Wrigley Field,0,CHC
Christian Walker,26-06-17,Astros,1,324,100.3,Daikin Park,0,HOU
Manny Machado,26-04-01,Padres,1,324,97.3,Petco Park,0,SDP
Isaac Paredes,26-03-28,Astros,1,324,95.3,Daikin Park,0,HOU
Henry Bolte,26-05-19,Athletics,1,324,91.9,Angel Stadium,0,LAA
Bo Bichette,26-05-18,Mets,4,323,93,Nationals Park,0,WSH
Andrew Vaughn,26-09-01,Brewers,1,323,93.9,Wrigley Field,0,CHC
Jose Fermin,26-07-22,Cardinals,1,323,96.8,Angel Stadium,0,LAA
Tyler Black,26-05-01,Brewers,1,323,95.9,Nationals Park,0,WSH
Jahmai Jones,26-04-07,Tigers,1,323,95.8,Target Field,0,MIN
Kyle Manzardo,26-07-11,Guardians,1,322,92,loanDepot Park,0,MIA
Royce Lewis,26-04-07,Twins,8,321,93.4,Target Field,0,MIN
Junior Perez,26-07-07,White Sox,7,321,96.1,Rate Field,0,CWS
Josh Bell,26-07-05,Twins,4,321,93.9,Yankee Stadium,0,NYY
Trevor Larnach,26-06-30,Twins,4,321,94,Daikin Park,0,HOU
Dominic Canzone,26-04-15,Mariners,2,321,114.1,Petco Park,0,SDP
Tyler Stephenson,26-08-29,Reds,1,321,94.5,Wrigley Field,0,CHC
Victor Caratini,26-07-20,Twins,1,321,101.8,Progressive Field,0,CLE
Ramon Laureano,26-04-06,Padres,1,321,100,PNC Park,0,PIT
Nolan Schanuel,26-05-05,Angels,1,321,99.3,Angel Stadium,0,LAA
Jacob Young,26-04-07,Nationals,1,321,93.8,Nationals Park,0,WSH
CJ Kayfus,26-04-05,Guardians,1,321,89.9,Progressive Field,0,CLE
Luis Garcia Jr.,26-06-28,Nationals,1,320,94.1,Camden Yards,0,BAL
Angel Martinez,26-09-24,Guardians,1,319,93.8,Fenway Park,1,BOS
Kody Clemens,26-07-23,Twins,6,319,101.8,Progressive Field,0,CLE
Gleybar Torres,26-03-26,Tigers,3,319,94.9,Petco Park,0,SDP
Jung Hoo Lee,26-06-21,Giants,2,319,94.4,loanDepot Park,0,MIA
Tyler Stephenson,26-03-26,Reds,1,319,90.6,Great American Ball Park,0,CIN
Jonny DeLuca,26-08-30,Rays,1,319,90.7,Tropicana Field,1,TBR
Bryan Reynolds,26-08-23,Pirates,1,319,92.7,Dodger Stadium,0,LAD
Tyrone Taylor,26-07-09,Mets,1,319,99,Citi Field,0,NYM
Ty France,26-05-31,Padres,1,319,94.3,Nationals Park,0,WSH
Daylen Lile,26-05-26,Nationals,1,318,98,Progressive Field,0,CLE
Carson Benge,26-04-21,Mets,1,318,93.2,Citi Field,0,NYM
Alex Bregman,26-06-24,Cubs,1,317,96.6,Citi Field,0,NYM
Yandy Diaz,26-09-12,Rays,1,315,88.1,Tropicana Field,0,TBR
Lamonte Wade Jr,26-08-05,Astros,2,314,94.4,Daikin Park,0,HOU
Carson Kelly,26-06-23,Cubs,1,313,84.4,Citi Field,0,NYM
Sal Stewart,26-09-06,Reds,1,311,97.7,Great American Ball Park,0,CIN
Ryan McMahon,26-04-15,Yankees,1,310,95.8,Yankee Stadium,0,NYY
Austin Wells,26-04-03,Yankees,1,308,107,Yankee Stadium,0,NYY
Joey Ortiz,26-05-30,Brewers,1,304,94.1,Daikin Park,0,HOU
Graham Pauley,26-04-03,Marlins,1,301,91.1,Yankee Stadium,0,NYY
